FlightDate,Reporting_Airline,Flight_Number_Reporting_Airline,Origin,Dest,CRSDepTime,CRSArrTime,CRSElapsedTime,DepDelay,ArrDelay,Cancelled,Diverted
2025-01-01,DL,996,ATL,LAX,0725,0940,315.00,-2.00,3.00,0.00,0.00
2025-01-01,DL,1178,ATL,ORD,0730,0840,130.00,-6.00,6.00,0.00,0.00
2025-01-01,DL,444,ATL,SEA,0750,1045,355.00,-6.00,-19.00,0.00,0.00
2025-01-01,DL,346,ATL,DEN,0800,0927,207.00,-5.00,0.00,0.00,0.00
2025-01-01,DL,849,ATL,BOS,0821,1058,157.00,6.00,9.00,0.00,0.00
2025-01-01,DL,898,ATL,LAX,0855,1050,295.00,4.00,17.00,0.00,0.00
2025-01-01,DL,774,ATL,SEA,0940,1230,350.00,0.00,-18.00,0.00,0.00
2025-01-01,DL,995,ATL,DEN,1010,1142,212.00,35.00,35.00,0.00,0.00
2025-01-01,DL,501,ATL,LAX,1010,1220,310.00,3.00,15.00,0.00,0.00
2025-01-01,DL,855,ATL,BOS,1035,1311,156.00,-3.00,-19.00,0.00,0.00
2025-01-01,DL,895,ATL,LAX,1129,1340,311.00,-2.00,23.00,0.00,0.00
2025-01-01,DL,1477,ATL,ORD,1130,1232,122.00,49.00,36.00,0.00,0.00
2025-01-01,DL,629,ATL,SEA,1149,1436,347.00,-3.00,-22.00,0.00,0.00
2025-01-01,DL,706,ATL,DEN,1151,1313,202.00,-7.00,-4.00,0.00,0.00
2025-01-01,DL,687,ATL,LAX,1240,1434,294.00,17.00,34.00,0.00,0.00
2025-01-01,DL,350,ATL,BOS,1242,1505,143.00,-1.00,-11.00,0.00,0.00
2025-01-01,DL,396,ATL,DEN,1355,1515,200.00,-10.00,-2.00,0.00,0.00
2025-01-01,DL,481,ATL,SEA,1430,1713,343.00,0.00,6.00,0.00,0.00
2025-01-01,DL,726,ATL,BOS,1445,1720,155.00,-6.00,-24.00,0.00,0.00
2025-01-01,DL,753,ATL,LAX,1445,1649,304.00,-4.00,8.00,0.00,0.00
2025-01-01,DL,2738,ATL,ORD,1510,1612,122.00,2.00,-5.00,0.00,0.00
2025-01-01,DL,519,ATL,DEN,1550,1712,202.00,19.00,20.00,0.00,0.00
2025-01-01,DL,301,ATL,LAX,1550,1745,295.00,11.00,18.00,0.00,0.00
2025-01-01,DL,821,ATL,BOS,1652,1928,156.00,2.00,-22.00,0.00,0.00
2025-01-01,DL,502,ATL,LAX,1655,1850,295.00,-6.00,-3.00,0.00,0.00
2025-01-01,DL,675,ATL,SEA,1801,2050,349.00,-4.00,-8.00,0.00,0.00
2025-01-01,DL,2879,ATL,ORD,1805,1914,129.00,-2.00,-4.00,0.00,0.00
2025-01-01,DL,300,ATL,BOS,1811,2048,157.00,-4.00,-18.00,0.00,0.00
2025-01-01,DL,746,ATL,DEN,1812,1938,206.00,-4.00,6.00,0.00,0.00
2025-01-01,DL,500,ATL,LAX,1815,2014,299.00,0.00,83.00,0.00,0.00
2025-01-01,DL,319,ATL,LAX,1930,2143,313.00,-3.00,-2.00,0.00,0.00
2025-01-01,DL,493,ATL,DEN,2021,2145,204.00,6.00,5.00,0.00,0.00
2025-01-01,DL,971,ATL,BOS,2050,2323,153.00,-2.00,-21.00,0.00,0.00
2025-01-01,DL,903,ATL,SEA,2135,0024,349.00,-1.00,-13.00,0.00,0.00
2025-01-01,DL,865,ATL,BOS,2225,0050,145.00,10.00,-10.00,0.00,0.00
2025-01-01,DL,575,ATL,LAX,2225,0033,308.00,1.00,-9.00,0.00,0.00
2025-01-01,DL,1199,ATL,ORD,2250,2356,126.00,-10.00,-9.00,0.00,0.00
2025-01-01,DL,695,BOS,ATL,0540,0850,190.00,-1.00,-23.00,0.00,0.00
2025-01-01,DL,923,BOS,ATL,0655,0957,182.00,270.00,262.00,0.00,0.00
2025-01-01,DL,456,BOS,ATL,0834,1140,186.00,5.00,-9.00,0.00,0.00
2025-01-01,DL,973,BOS,ATL,1016,1320,184.00,-2.00,-15.00,0.00,0.00
2025-01-01,DL,376,BOS,ATL,1208,1510,182.00,-5.00,-14.00,0.00,0.00
2025-01-01,DL,322,BOS,ATL,1400,1702,182.00,-5.00,-5.00,0.00,0.00
2025-01-01,DL,963,BOS,ATL,1640,1939,179.00,14.00,19.00,0.00,0.00
2025-01-01,DL,385,BOS,ATL,1835,2145,190.00,-4.00,-25.00,0.00,0.00
2025-01-01,DL,341,DEN,ATL,0600,1056,176.00,21.00,39.00,0.00,0.00
2025-01-01,DL,431,DEN,ATL,0705,1159,174.00,-6.00,5.00,0.00,0.00
2025-01-01,DL,957,DEN,ATL,0805,1305,180.00,5.00,2.00,0.00,0.00
2025-01-01,DL,2781,DEN,ATL,1051,1542,171.00,-4.00,-26.00,0.00,0.00
2025-01-01,DL,995,DEN,ATL,1247,1738,171.00,35.00,11.00,0.00,0.00
2025-01-01,DL,706,DEN,ATL,1455,1954,179.00,-6.00,-7.00,0.00,0.00
2025-01-01,DL,396,DEN,ATL,1620,2114,174.00,-4.00,-28.00,0.00,0.00
2025-01-01,DL,390,LAX,ATL,0620,1328,248.00,12.00,-8.00,0.00,0.00
2025-01-01,DL,782,LAX,ATL,0725,1432,247.00,7.00,-12.00,0.00,0.00
2025-01-01,DL,515,LAX,ATL,0825,1534,249.00,-5.00,5.00,0.00,0.00
2025-01-01,DL,327,LAX,ATL,0930,1649,259.00,0.00,-24.00,0.00,0.00
2025-01-01,DL,528,LAX,ATL,1050,1814,264.00,-1.00,-24.00,0.00,0.00
2025-01-01,DL,395,LAX,ATL,1235,1947,252.00,11.00,-1.00,0.00,0.00
2025-01-01,DL,715,LAX,ATL,1415,2124,249.00,-2.00,-9.00,0.00,0.00
2025-01-01,DL,471,LAX,ATL,1615,2331,256.00,6.00,-25.00,0.00,0.00
2025-01-01,DL,783,LAX,ATL,2159,0516,257.00,45.00,19.00,0.00,0.00
2025-01-01,DL,899,LAX,ATL,2259,0612,253.00,3.00,-9.00,0.00,0.00
2025-01-01,DL,320,LAX,ATL,2359,0721,262.00,-1.00,-10.00,0.00,0.00
2025-01-01,DL,1264,ORD,ATL,0545,0850,125.00,-2.00,22.00,0.00,0.00
2025-01-01,DL,1247,ORD,ATL,0705,1010,125.00,6.00,-2.00,0.00,0.00
2025-01-01,DL,1178,ORD,ATL,1000,1310,130.00,6.00,18.00,0.00,0.00
2025-01-01,DL,1477,ORD,ATL,1345,1642,117.00,29.00,13.00,0.00,0.00
2025-01-01,DL,2738,ORD,ATL,1757,2100,123.00,-4.00,-25.00,0.00,0.00
2025-01-01,DL,569,SEA,ATL,0615,1402,287.00,1.00,-42.00,0.00,0.00
2025-01-01,DL,562,SEA,ATL,0820,1616,296.00,26.00,-12.00,0.00,0.00
2025-01-01,DL,554,SEA,ATL,1015,1813,298.00,0.00,-41.00,0.00,0.00
2025-01-01,DL,542,SEA,ATL,1155,1949,294.00,0.00,-20.00,0.00,0.00
2025-01-01,DL,552,SEA,ATL,1545,2332,287.00,-4.00,-23.00,0.00,0.00
2025-01-01,DL,567,SEA,ATL,2245,0630,285.00,15.00,-7.00,0.00,0.00
2025-01-02,DL,8814,ATL,LAX,0625,0840,315.00,37.00,73.00,0.00,0.00
2025-01-02,DL,987,ATL,BOS,0705,0946,161.00,1.00,43.00,0.00,0.00
2025-01-02,DL,996,ATL,LAX,0725,0940,315.00,-2.00,-21.00,0.00,0.00
2025-01-02,DL,1178,ATL,ORD,0730,0840,130.00,-1.00,45.00,0.00,0.00
2025-01-02,DL,444,ATL,SEA,0750,1045,355.00,1.00,29.00,0.00,0.00
2025-01-02,DL,346,ATL,DEN,0800,0927,207.00,81.00,98.00,0.00,0.00
2025-01-02,DL,849,ATL,BOS,0821,1058,157.00,1.00,26.00,0.00,0.00
2025-01-02,DL,898,ATL,LAX,0855,1050,295.00,0.00,85.00,0.00,0.00
2025-01-02,DL,8807,ATL,LAX,0915,1130,315.00,-2.00,-24.00,0.00,0.00
2025-01-02,DL,774,ATL,SEA,0940,1230,350.00,0.00,64.00,0.00,0.00
2025-01-02,DL,855,ATL,BOS,1000,1229,149.00,0.00,37.00,0.00,0.00
2025-01-02,DL,995,ATL,DEN,1010,1142,212.00,2.00,18.00,0.00,0.00
2025-01-02,DL,501,ATL,LAX,1015,1229,314.00,-2.00,6.00,0.00,0.00
2025-01-02,DL,1147,ATL,ORD,1019,1126,127.00,-5.00,-2.00,0.00,0.00
2025-01-02,DL,895,ATL,LAX,1129,1340,311.00,-7.00,-3.00,0.00,0.00
2025-01-02,DL,862,ATL,BOS,1130,1404,154.00,2.00,-20.00,0.00,0.00
2025-01-02,DL,629,ATL,SEA,1149,1436,347.00,11.00,29.00,0.00,0.00
2025-01-02,DL,706,ATL,DEN,1151,1313,202.00,-2.00,4.00,0.00,0.00
2025-01-02,DL,687,ATL,LAX,1240,1434,294.00,12.00,10.00,0.00,0.00
2025-01-02,DL,350,ATL,BOS,1244,1517,153.00,-5.00,-23.00,0.00,0.00
2025-01-02,DL,1477,ATL,ORD,1250,1352,122.00,-3.00,-5.00,0.00,0.00
2025-01-02,DL,396,ATL,DEN,1355,1515,200.00,-2.00,6.00,0.00,0.00
2025-01-02,DL,481,ATL,SEA,1430,1713,343.00,-2.00,10.00,0.00,0.00
2025-01-02,DL,753,ATL,LAX,1445,1649,304.00,-6.00,-17.00,0.00,0.00
2025-01-02,DL,726,ATL,BOS,1450,1725,155.00,5.00,-6.00,0.00,0.00
2025-01-02,DL,2738,ATL,ORD,1510,1612,122.00,-7.00,-14.00,0.00,0.00
2025-01-02,DL,519,ATL,DEN,1550,1712,202.00,1.00,10.00,0.00,0.00
2025-01-02,DL,301,ATL,LAX,1550,1745,295.00,-6.00,-3.00,0.00,0.00
2025-01-02,DL,821,ATL,BOS,1652,1928,156.00,0.00,-14.00,0.00,0.00
2025-01-02,DL,502,ATL,LAX,1655,1850,295.00,-6.00,18.00,0.00,0.00
2025-01-02,DL,2879,ATL,ORD,1740,1848,128.00,2.00,-2.00,0.00,0.00
2025-01-02,DL,675,ATL,SEA,1801,2050,349.00,-7.00,13.00,0.00,0.00
2025-01-02,DL,300,ATL,BOS,1811,2048,157.00,-1.00,-14.00,0.00,0.00
2025-01-02,DL,746,ATL,DEN,1812,1938,206.00,26.00,34.00,0.00,0.00
2025-01-02,DL,500,ATL,LAX,1815,2014,299.00,18.00,4.00,0.00,0.00
2025-01-02,DL,319,ATL,LAX,1930,2143,313.00,-3.00,-17.00,0.00,0.00
2025-01-02,DL,1139,ATL,ORD,2020,2120,120.00,-1.00,0.00,0.00,0.00
2025-01-02,DL,493,ATL,DEN,2021,2145,204.00,-5.00,-1.00,0.00,0.00
2025-01-02,DL,971,ATL,BOS,2050,2323,153.00,-1.00,-13.00,0.00,0.00
2025-01-02,DL,903,ATL,SEA,2135,0024,349.00,28.00,45.00,0.00,0.00
2025-01-02,DL,865,ATL,BOS,2225,0057,152.00,78.00,55.00,0.00,0.00
2025-01-02,DL,575,ATL,LAX,2225,0033,308.00,3.00,2.00,0.00,0.00
2025-01-02,DL,956,ATL,DEN,2246,0011,205.00,-7.00,10.00,0.00,0.00
2025-01-02,DL,1199,ATL,ORD,2250,2353,123.00,15.00,2.00,0.00,0.00
2025-01-02,DL,695,BOS,ATL,0540,0850,190.00,-1.00,-9.00,0.00,0.00
2025-01-02,DL,923,BOS,ATL,0655,0957,182.00,-1.00,12.00,0.00,0.00
2025-01-02,DL,456,BOS,ATL,0834,1140,186.00,-3.00,-5.00,0.00,0.00
2025-01-02,DL,973,BOS,ATL,1016,1320,184.00,-3.00,-14.00,0.00,0.00
2025-01-02,DL,376,BOS,ATL,1208,1510,182.00,25.00,9.00,0.00,0.00
2025-01-02,DL,322,BOS,ATL,1400,1702,182.00,29.00,13.00,0.00,0.00
2025-01-02,DL,963,BOS,ATL,1630,1937,187.00,47.00,33.00,0.00,0.00
2025-01-02,DL,638,BOS,ATL,1735,2047,192.00,-1.00,-15.00,0.00,0.00
2025-01-02,DL,385,BOS,ATL,1835,2145,190.00,7.00,-12.00,0.00,0.00
2025-01-02,DL,900,BOS,ATL,2038,2341,183.00,-8.00,-17.00,0.00,0.00
2025-01-02,DL,341,DEN,ATL,0600,1056,176.00,1.00,-23.00,0.00,0.00
2025-01-02,DL,431,DEN,ATL,0705,1159,174.00,1.00,-16.00,0.00,0.00
2025-01-02,DL,957,DEN,ATL,0805,1305,180.00,-5.00,-33.00,0.00,0.00
2025-01-02,DL,2781,DEN,ATL,1051,1542,171.00,-1.00,-10.00,0.00,0.00
2025-01-02,DL,995,DEN,ATL,1247,1738,171.00,19.00,-3.00,0.00,0.00
2025-01-02,DL,706,DEN,ATL,1418,1916,178.00,-2.00,-29.00,0.00,0.00
2025-01-02,DL,396,DEN,ATL,1620,2114,174.00,-1.00,-20.00,0.00,0.00
2025-01-02,DL,519,DEN,ATL,1820,2313,173.00,9.00,-9.00,0.00,0.00
2025-01-02,DL,390,LAX,ATL,0620,1328,248.00,-3.00,-7.00,0.00,0.00
2025-01-02,DL,782,LAX,ATL,0725,1432,247.00,-7.00,-10.00,0.00,0.00
2025-01-02,DL,515,LAX,ATL,0825,1534,249.00,0.00,-12.00,0.00,0.00
2025-01-02,DL,327,LAX,ATL,0930,1649,259.00,-2.00,-15.00,0.00,0.00
2025-01-02,DL,528,LAX,ATL,1050,1814,264.00,-7.00,-32.00,0.00,0.00
2025-01-02,DL,395,LAX,ATL,1215,1927,252.00,66.00,63.00,0.00,0.00
2025-01-02,DL,715,LAX,ATL,1415,2124,249.00,7.00,-3.00,0.00,0.00
2025-01-02,DL,471,LAX,ATL,1615,2331,256.00,-1.00,-18.00,0.00,0.00
2025-01-02,DL,783,LAX,ATL,2159,0516,257.00,6.00,6.00,0.00,0.00
2025-01-02,DL,899,LAX,ATL,2259,0612,253.00,19.00,31.00,0.00,0.00
2025-01-02,DL,320,LAX,ATL,2359,0721,262.00,6.00,1.00,0.00,0.00
2025-01-02,DL,1264,ORD,ATL,0545,0850,125.00,3.00,-16.00,0.00,0.00
2025-01-02,DL,1247,ORD,ATL,0705,1010,125.00,0.00,-14.00,0.00,0.00
2025-01-02,DL,1178,ORD,ATL,1000,1310,130.00,28.00,2.00,0.00,0.00
2025-01-02,DL,1147,ORD,ATL,1240,1539,119.00,-7.00,-31.00,0.00,0.00
2025-01-02,DL,1477,ORD,ATL,1455,1753,118.00,-9.00,-25.00,0.00,0.00
2025-01-02,DL,2738,ORD,ATL,1725,2026,121.00,-3.00,-9.00,0.00,0.00
2025-01-02,DL,2879,ORD,ATL,1959,2305,126.00,-18.00,-19.00,0.00,0.00
2025-01-02,DL,569,SEA,ATL,0615,1402,287.00,5.00,-30.00,0.00,0.00
2025-01-02,DL,562,SEA,ATL,0820,1616,296.00,7.00,-36.00,0.00,0.00
2025-01-02,DL,554,SEA,ATL,1015,1813,298.00,-5.00,-43.00,0.00,0.00
2025-01-02,DL,542,SEA,ATL,1155,1950,295.00,22.00,-19.00,0.00,0.00
2025-01-02,DL,552,SEA,ATL,1545,2332,287.00,38.00,-2.00,0.00,0.00
2025-01-02,DL,567,SEA,ATL,2245,0630,285.00,-1.00,-36.00,0.00,0.00
2025-01-03,DL,987,ATL,BOS,0705,0946,161.00,11.00,-5.00,0.00,0.00
2025-01-03,DL,996,ATL,LAX,0725,0940,315.00,-1.00,-18.00,0.00,0.00
2025-01-03,DL,1178,ATL,ORD,0730,0840,130.00,-7.00,-14.00,0.00,0.00
2025-01-03,DL,444,ATL,SEA,0750,1045,355.00,-4.00,-7.00,0.00,0.00
2025-01-03,DL,346,ATL,DEN,0800,0927,207.00,-6.00,-5.00,0.00,0.00
2025-01-03,DL,849,ATL,BOS,0821,1058,157.00,3.00,-10.00,0.00,0.00
2025-01-03,DL,898,ATL,LAX,0855,1050,295.00,0.00,-7.00,0.00,0.00
2025-01-03,DL,774,ATL,SEA,0940,1230,350.00,5.00,0.00,0.00,0.00
2025-01-03,DL,855,ATL,BOS,1000,1229,149.00,-2.00,6.00,0.00,0.00
2025-01-03,DL,995,ATL,DEN,1010,1142,212.00,11.00,-2.00,0.00,0.00
2025-01-03,DL,501,ATL,LAX,1015,1229,314.00,0.00,-10.00,0.00,0.00
2025-01-03,DL,1147,ATL,ORD,1019,1126,127.00,-5.00,-1.00,0.00,0.00
2025-01-03,DL,895,ATL,LAX,1129,1340,311.00,-6.00,-26.00,0.00,0.00
2025-01-03,DL,862,ATL,BOS,1130,1404,154.00,3.00,-12.00,0.00,0.00
2025-01-03,DL,629,ATL,SEA,1149,1436,347.00,1.00,3.00,0.00,0.00
2025-01-03,DL,706,ATL,DEN,1151,1313,202.00,-8.00,-1.00,0.00,0.00
2025-01-03,DL,687,ATL,LAX,1240,1434,294.00,2.00,-1.00,0.00,0.00
2025-01-03,DL,350,ATL,BOS,1244,1517,153.00,-5.00,-20.00,0.00,0.00
2025-01-03,DL,1477,ATL,ORD,1250,1352,122.00,0.00,12.00,0.00,0.00
2025-01-03,DL,396,ATL,DEN,1355,1515,200.00,-5.00,-12.00,0.00,0.00
2025-01-03,DL,481,ATL,SEA,1430,1713,343.00,-4.00,-5.00,0.00,0.00
2025-01-03,DL,753,ATL,LAX,1445,1649,304.00,-6.00,-26.00,0.00,0.00
2025-01-03,DL,726,ATL,BOS,1450,1725,155.00,-3.00,-14.00,0.00,0.00
2025-01-03,DL,2738,ATL,ORD,1510,1612,122.00,-4.00,3.00,0.00,0.00
2025-01-03,DL,519,ATL,DEN,1550,1712,202.00,-2.00,-2.00,0.00,0.00
2025-01-03,DL,301,ATL,LAX,1550,1745,295.00,-3.00,1.00,0.00,0.00
2025-01-03,DL,821,ATL,BOS,1652,1928,156.00,0.00,-10.00,0.00,0.00
2025-01-03,DL,502,ATL,LAX,1655,1850,295.00,63.00,67.00,0.00,0.00
2025-01-03,DL,2879,ATL,ORD,1740,1848,128.00,-7.00,7.00,0.00,0.00
2025-01-03,DL,675,ATL,SEA,1801,2050,349.00,-5.00,-17.00,0.00,0.00
2025-01-03,DL,300,ATL,BOS,1811,2048,157.00,88.00,76.00,0.00,0.00
2025-01-03,DL,746,ATL,DEN,1812,1938,206.00,23.00,15.00,0.00,0.00
2025-01-03,DL,500,ATL,LAX,1815,2014,299.00,27.00,17.00,0.00,0.00
2025-01-03,DL,319,ATL,LAX,1930,2143,313.00,58.00,58.00,0.00,0.00
2025-01-03,DL,1139,ATL,ORD,2020,2120,120.00,-5.00,3.00,0.00,0.00
2025-01-03,DL,493,ATL,DEN,2021,2145,204.00,-2.00,-4.00,0.00,0.00
2025-01-03,DL,971,ATL,BOS,2050,2323,153.00,12.00,3.00,0.00,0.00
2025-01-03,DL,903,ATL,SEA,2135,0024,349.00,0.00,-18.00,0.00,0.00
2025-01-03,DL,865,ATL,BOS,2225,0057,152.00,-4.00,-12.00,0.00,0.00
2025-01-03,DL,575,ATL,LAX,2225,0033,308.00,31.00,16.00,0.00,0.00
2025-01-03,DL,956,ATL,DEN,2246,0011,205.00,-3.00,-4.00,0.00,0.00
2025-01-03,DL,1199,ATL,ORD,2250,2353,123.00,-2.00,7.00,0.00,0.00
2025-01-03,DL,695,BOS,ATL,0540,0850,190.00,7.00,-14.00,0.00,0.00
2025-01-03,DL,923,BOS,ATL,0655,0957,182.00,-3.00,-18.00,0.00,0.00
2025-01-03,DL,456,BOS,ATL,0834,1140,186.00,-1.00,-22.00,0.00,0.00
2025-01-03,DL,973,BOS,ATL,1016,1320,184.00,-5.00,-35.00,0.00,0.00
2025-01-03,DL,376,BOS,ATL,1208,1510,182.00,-3.00,-21.00,0.00,0.00
2025-01-03,DL,322,BOS,ATL,1400,1702,182.00,-2.00,-21.00,0.00,0.00
2025-01-03,DL,963,BOS,ATL,1630,1937,187.00,-5.00,-37.00,0.00,0.00
2025-01-03,DL,638,BOS,ATL,1735,2047,192.00,-4.00,-36.00,0.00,0.00
2025-01-03,DL,385,BOS,ATL,1835,2145,190.00,-3.00,-23.00,0.00,0.00
2025-01-03,DL,900,BOS,ATL,2038,2341,183.00,-6.00,-33.00,0.00,0.00
2025-01-03,DL,341,DEN,ATL,0600,1056,176.00,-1.00,-11.00,0.00,0.00
2025-01-03,DL,431,DEN,ATL,0705,1159,174.00,-4.00,-2.00,0.00,0.00
2025-01-03,DL,957,DEN,ATL,0805,1305,180.00,-8.00,-11.00,0.00,0.00
2025-01-03,DL,2781,DEN,ATL,1051,1542,171.00,15.00,7.00,0.00,0.00
2025-01-03,DL,995,DEN,ATL,1247,1738,171.00,20.00,4.00,0.00,0.00
2025-01-03,DL,706,DEN,ATL,1418,1916,178.00,-4.00,-28.00,0.00,0.00
2025-01-03,DL,396,DEN,ATL,1620,2114,174.00,-3.00,-27.00,0.00,0.00
2025-01-03,DL,519,DEN,ATL,1820,2313,173.00,0.00,-14.00,0.00,0.00
2025-01-03,DL,390,LAX,ATL,0620,1328,248.00,-4.00,1.00,0.00,0.00
2025-01-03,DL,782,LAX,ATL,0725,1432,247.00,-5.00,-13.00,0.00,0.00
2025-01-03,DL,515,LAX,ATL,0825,1534,249.00,78.00,79.00,0.00,0.00
2025-01-03,DL,327,LAX,ATL,0930,1649,259.00,63.00,40.00,0.00,0.00
2025-01-03,DL,528,LAX,ATL,1050,1814,264.00,-9.00,-37.00,0.00,0.00
2025-01-03,DL,395,LAX,ATL,1215,1927,252.00,2.00,5.00,0.00,0.00
2025-01-03,DL,715,LAX,ATL,1415,2124,249.00,87.00,69.00,0.00,0.00
2025-01-03,DL,471,LAX,ATL,1615,2331,256.00,-8.00,-6.00,0.00,0.00
2025-01-03,DL,783,LAX,ATL,2159,0516,257.00,2.00,-20.00,0.00,0.00
2025-01-03,DL,899,LAX,ATL,2259,0612,253.00,3.00,-20.00,0.00,0.00
2025-01-03,DL,320,LAX,ATL,2359,0721,262.00,78.00,74.00,0.00,0.00
2025-01-03,DL,1264,ORD,ATL,0540,0844,124.00,26.00,30.00,0.00,0.00
2025-01-03,DL,1247,ORD,ATL,0705,1010,125.00,-7.00,7.00,0.00,0.00
2025-01-03,DL,1178,ORD,ATL,1000,1310,130.00,-2.00,-29.00,0.00,0.00
2025-01-03,DL,1147,ORD,ATL,1240,1539,119.00,-2.00,-22.00,0.00,0.00
2025-01-03,DL,1477,ORD,ATL,1455,1753,118.00,24.00,31.00,0.00,0.00
2025-01-03,DL,2738,ORD,ATL,1725,2026,121.00,-3.00,-19.00,0.00,0.00
2025-01-03,DL,2879,ORD,ATL,1959,2305,126.00,-8.00,-39.00,0.00,0.00
2025-01-03,DL,569,SEA,ATL,0615,1402,287.00,38.00,-9.00,0.00,0.00
2025-01-03,DL,562,SEA,ATL,0820,1616,296.00,20.00,-33.00,0.00,0.00
2025-01-03,DL,554,SEA,ATL,1015,1813,298.00,-6.00,-50.00,0.00,0.00
2025-01-03,DL,542,SEA,ATL,1155,1950,295.00,-1.00,-43.00,0.00,0.00
2025-01-03,DL,552,SEA,ATL,1545,2332,287.00,-1.00,-23.00,0.00,0.00
2025-01-03,DL,567,SEA,ATL,2245,0630,285.00,4.00,-12.00,0.00,0.00
2025-01-04,DL,987,ATL,BOS,0705,0946,161.00,-1.00,-20.00,0.00,0.00
2025-01-04,DL,996,ATL,LAX,0725,0940,315.00,153.00,134.00,0.00,0.00
2025-01-04,DL,1178,ATL,ORD,0730,0840,130.00,-3.00,-7.00,0.00,0.00
2025-01-04,DL,444,ATL,SEA,0750,1045,355.00,-4.00,-28.00,0.00,0.00
2025-01-04,DL,346,ATL,DEN,0800,0927,207.00,-3.00,-14.00,0.00,0.00
2025-01-04,DL,849,ATL,BOS,0821,1058,157.00,-8.00,3.00,0.00,0.00
2025-01-04,DL,898,ATL,LAX,0855,1050,295.00,4.00,4.00,0.00,0.00
2025-01-04,DL,774,ATL,SEA,0940,1230,350.00,5.00,-16.00,0.00,0.00
2025-01-04,DL,855,ATL,BOS,1000,1229,149.00,1.00,-2.00,0.00,0.00
2025-01-04,DL,995,ATL,DEN,1010,1142,212.00,2.00,-6.00,0.00,0.00
2025-01-04,DL,501,ATL,LAX,1015,1229,314.00,-5.00,-24.00,0.00,0.00
2025-01-04,DL,1147,ATL,ORD,1023,1130,127.00,41.00,35.00,0.00,0.00
2025-01-04,DL,895,ATL,LAX,1129,1340,311.00,1.00,-20.00,0.00,0.00
2025-01-04,DL,862,ATL,BOS,1130,1404,154.00,0.00,-6.00,0.00,0.00
2025-01-04,DL,629,ATL,SEA,1149,1436,347.00,-2.00,1.00,0.00,0.00
2025-01-04,DL,706,ATL,DEN,1151,1313,202.00,3.00,-4.00,0.00,0.00
2025-01-04,DL,687,ATL,LAX,1240,1434,294.00,0.00,2.00,0.00,0.00
2025-01-04,DL,1477,ATL,ORD,1309,1410,121.00,0.00,3.00,0.00,0.00
2025-01-04,DL,396,ATL,DEN,1402,1522,200.00,-6.00,-8.00,0.00,0.00
2025-01-04,DL,481,ATL,SEA,1430,1713,343.00,36.00,13.00,0.00,0.00
2025-01-04,DL,753,ATL,LAX,1445,1649,304.00,-3.00,-9.00,0.00,0.00
2025-01-04,DL,726,ATL,BOS,1450,1725,155.00,0.00,7.00,0.00,0.00
2025-01-04,DL,2738,ATL,ORD,1510,1612,122.00,0.00,-2.00,0.00,0.00
2025-01-04,DL,350,ATL,BOS,1550,1817,147.00,1.00,9.00,0.00,0.00
2025-01-04,DL,301,ATL,LAX,1550,1745,295.00,-4.00,-11.00,0.00,0.00
2025-01-04,DL,519,ATL,DEN,1613,1734,201.00,0.00,-2.00,0.00,0.00
2025-01-04,DL,821,ATL,BOS,1652,1928,156.00,52.00,48.00,0.00,0.00
2025-01-04,DL,502,ATL,LAX,1655,1850,295.00,-4.00,16.00,0.00,0.00
2025-01-04,DL,2879,ATL,ORD,1748,1855,127.00,39.00,40.00,0.00,0.00
2025-01-04,DL,675,ATL,SEA,1801,2050,349.00,23.00,-14.00,0.00,0.00
2025-01-04,DL,300,ATL,BOS,1811,2048,157.00,-2.00,-6.00,0.00,0.00
2025-01-04,DL,746,ATL,DEN,1812,1938,206.00,-6.00,-10.00,0.00,0.00
2025-01-04,DL,500,ATL,LAX,1815,2014,299.00,-7.00,-6.00,0.00,0.00
2025-01-04,DL,319,ATL,LAX,1930,2143,313.00,0.00,-2.00,0.00,0.00
2025-01-04,DL,1139,ATL,ORD,2020,2120,120.00,9.00,2.00,0.00,0.00
2025-01-04,DL,493,ATL,DEN,2021,2145,204.00,0.00,-6.00,0.00,0.00
2025-01-04,DL,971,ATL,BOS,2050,2323,153.00,4.00,-8.00,0.00,0.00
2025-01-04,DL,903,ATL,SEA,2135,0024,349.00,11.00,-30.00,0.00,0.00
2025-01-04,DL,575,ATL,LAX,2225,0033,308.00,12.00,-7.00,0.00,0.00
2025-01-04,DL,865,ATL,BOS,2235,0108,153.00,0.00,1.00,0.00,0.00
2025-01-04,DL,956,ATL,DEN,2246,0011,205.00,0.00,1.00,0.00,0.00
2025-01-04,DL,1199,ATL,ORD,2250,2353,123.00,-1.00,-14.00,0.00,0.00
2025-01-04,DL,695,BOS,ATL,0540,0850,190.00,0.00,-36.00,0.00,0.00
2025-01-04,DL,923,BOS,ATL,0655,0957,182.00,-6.00,-34.00,0.00,0.00
2025-01-04,DL,973,BOS,ATL,1016,1320,184.00,0.00,-27.00,0.00,0.00
2025-01-04,DL,376,BOS,ATL,1208,1510,182.00,0.00,-29.00,0.00,0.00
2025-01-04,DL,322,BOS,ATL,1400,1702,182.00,-4.00,-24.00,0.00,0.00
2025-01-04,DL,963,BOS,ATL,1630,1937,187.00,38.00,8.00,0.00,0.00
2025-01-04,DL,638,BOS,ATL,1735,2047,192.00,27.00,-7.00,0.00,0.00
2025-01-04,DL,385,BOS,ATL,1835,2145,190.00,50.00,18.00,0.00,0.00
2025-01-04,DL,1680,BOS,ATL,1935,2231,176.00,-1.00,-17.00,0.00,0.00
2025-01-04,DL,900,BOS,ATL,2038,2341,183.00,40.00,14.00,0.00,0.00
2025-01-04,DL,341,DEN,ATL,0600,1056,176.00,69.00,66.00,0.00,0.00
2025-01-04,DL,431,DEN,ATL,0705,1159,174.00,8.00,9.00,0.00,0.00
2025-01-04,DL,957,DEN,ATL,0805,1305,180.00,18.00,24.00,0.00,0.00
2025-01-04,DL,2781,DEN,ATL,1051,1542,171.00,58.00,61.00,0.00,0.00
2025-01-04,DL,995,DEN,ATL,1247,1738,171.00,8.00,0.00,0.00,0.00
2025-01-04,DL,706,DEN,ATL,1418,1916,178.00,33.00,37.00,0.00,0.00
2025-01-04,DL,396,DEN,ATL,1627,2121,174.00,9.00,14.00,0.00,0.00
2025-01-04,DL,519,DEN,ATL,1840,2332,172.00,7.00,50.00,0.00,0.00
2025-01-04,DL,390,LAX,ATL,0620,1328,248.00,-7.00,-14.00,0.00,0.00
2025-01-04,DL,782,LAX,ATL,0725,1432,247.00,-1.00,-15.00,0.00,0.00
2025-01-04,DL,515,LAX,ATL,0825,1534,249.00,12.00,9.00,0.00,0.00
2025-01-04,DL,327,LAX,ATL,0930,1649,259.00,99.00,100.00,0.00,0.00
2025-01-04,DL,528,LAX,ATL,1050,1814,264.00,144.00,146.00,0.00,0.00
2025-01-04,DL,395,LAX,ATL,1215,1927,252.00,57.00,60.00,0.00,0.00
2025-01-04,DL,715,LAX,ATL,1415,2124,249.00,-4.00,-18.00,0.00,0.00
2025-01-04,DL,471,LAX,ATL,1615,2331,256.00,1.00,-15.00,0.00,0.00
2025-01-04,DL,783,LAX,ATL,2159,0516,257.00,-2.00,-25.00,0.00,0.00
2025-01-04,DL,899,LAX,ATL,2259,0612,253.00,70.00,63.00,0.00,0.00
2025-01-04,DL,320,LAX,ATL,2359,0721,262.00,18.00,-1.00,0.00,0.00
2025-01-04,DL,1264,ORD,ATL,0540,0844,124.00,-6.00,-37.00,0.00,0.00
2025-01-04,DL,1247,ORD,ATL,0705,1010,125.00,-6.00,-22.00,0.00,0.00
2025-01-04,DL,1178,ORD,ATL,1000,1310,130.00,-2.00,-33.00,0.00,0.00
2025-01-04,DL,1147,ORD,ATL,1240,1539,119.00,28.00,6.00,0.00,0.00
2025-01-04,DL,1477,ORD,ATL,1520,1819,119.00,4.00,-12.00,0.00,0.00
2025-01-04,DL,2738,ORD,ATL,1725,2026,121.00,-3.00,-22.00,0.00,0.00
2025-01-04,DL,2879,ORD,ATL,2005,2306,121.00,27.00,10.00,0.00,0.00
2025-01-04,DL,569,SEA,ATL,0615,1402,287.00,35.00,22.00,0.00,0.00
2025-01-04,DL,562,SEA,ATL,0820,1616,296.00,0.00,-30.00,0.00,0.00
2025-01-04,DL,554,SEA,ATL,1015,1813,298.00,28.00,11.00,0.00,0.00
2025-01-04,DL,542,SEA,ATL,1155,1950,295.00,-4.00,-28.00,0.00,0.00
2025-01-04,DL,552,SEA,ATL,1545,2332,287.00,-10.00,-23.00,0.00,0.00
2025-01-04,DL,567,SEA,ATL,2245,0630,285.00,5.00,-13.00,0.00,0.00
2025-01-05,DL,987,ATL,BOS,0705,0946,161.00,-4.00,-26.00,0.00,0.00
2025-01-05,DL,996,ATL,LAX,0725,0940,315.00,-1.00,-27.00,0.00,0.00
2025-01-05,DL,1178,ATL,ORD,0730,0840,130.00,-4.00,-15.00,0.00,0.00
2025-01-05,DL,444,ATL,SEA,0750,1045,355.00,-5.00,-29.00,0.00,0.00
2025-01-05,DL,346,ATL,DEN,0800,0927,207.00,-3.00,-10.00,0.00,0.00
2025-01-05,DL,849,ATL,BOS,0821,1058,157.00,10.00,-7.00,0.00,0.00
2025-01-05,DL,898,ATL,LAX,0855,1050,295.00,-1.00,9.00,0.00,0.00
2025-01-05,DL,774,ATL,SEA,0940,1230,350.00,31.00,6.00,0.00,0.00
2025-01-05,DL,855,ATL,BOS,1000,1229,149.00,-6.00,-18.00,0.00,0.00
2025-01-05,DL,995,ATL,DEN,1010,1142,212.00,1.00,-11.00,0.00,0.00
2025-01-05,DL,1147,ATL,ORD,1019,1126,127.00,0.00,6.00,0.00,0.00
2025-01-05,DL,501,ATL,LAX,1039,1253,314.00,-2.00,-17.00,0.00,0.00
2025-01-05,DL,862,ATL,BOS,1130,1404,154.00,7.00,-10.00,0.00,0.00
2025-01-05,DL,629,ATL,SEA,1149,1436,347.00,74.00,33.00,0.00,0.00
2025-01-05,DL,706,ATL,DEN,1151,1313,202.00,-2.00,-9.00,0.00,0.00
2025-01-05,DL,687,ATL,LAX,1240,1434,294.00,65.00,67.00,0.00,0.00
2025-01-05,DL,350,ATL,BOS,1244,1517,153.00,0.00,-18.00,0.00,0.00
2025-01-05,DL,1477,ATL,ORD,1250,1352,122.00,-2.00,9.00,0.00,0.00
2025-01-05,DL,396,ATL,DEN,1355,1515,200.00,6.00,1.00,0.00,0.00
2025-01-05,DL,481,ATL,SEA,1430,1713,343.00,4.00,-25.00,0.00,0.00
2025-01-05,DL,753,ATL,LAX,1445,1649,304.00,0.00,-7.00,0.00,0.00
2025-01-05,DL,2738,ATL,ORD,1510,1612,122.00,-2.00,-13.00,0.00,0.00
2025-01-05,DL,301,ATL,LAX,1550,1745,295.00,13.00,2.00,0.00,0.00
2025-01-05,DL,519,ATL,DEN,1554,1716,202.00,-1.00,-8.00,0.00,0.00
2025-01-05,DL,821,ATL,BOS,1652,1919,147.00,-3.00,8.00,0.00,0.00
2025-01-05,DL,502,ATL,LAX,1655,1850,295.00,1.00,0.00,0.00,0.00
2025-01-05,DL,2879,ATL,ORD,1740,1848,128.00,-3.00,14.00,0.00,0.00
2025-01-05,DL,675,ATL,SEA,1801,2048,347.00,5.00,-42.00,0.00,0.00
2025-01-05,DL,300,ATL,BOS,1811,2048,157.00,16.00,-1.00,0.00,0.00
2025-01-05,DL,746,ATL,DEN,1812,1938,206.00,39.00,37.00,0.00,0.00
2025-01-05,DL,500,ATL,LAX,1815,2014,299.00,41.00,51.00,0.00,0.00
2025-01-05,DL,1139,ATL,ORD,2020,2120,120.00,0.00,-3.00,0.00,0.00
2025-01-05,DL,971,ATL,BOS,2050,2323,153.00,7.00,-3.00,0.00,0.00
2025-01-05,DL,493,ATL,DEN,2120,2244,204.00,47.00,37.00,0.00,0.00
2025-01-05,DL,903,ATL,SEA,2135,0024,349.00,-1.00,-50.00,0.00,0.00
2025-01-05,DL,319,ATL,LAX,2140,2353,313.00,10.00,-5.00,0.00,0.00
2025-01-05,DL,865,ATL,BOS,2225,0057,152.00,-1.00,-20.00,0.00,0.00
2025-01-05,DL,1199,ATL,ORD,2250,2353,123.00,7.00,,0.00,1.00
2025-01-05,DL,695,BOS,ATL,0540,0850,190.00,9.00,-9.00,0.00,0.00
2025-01-05,DL,923,BOS,ATL,0655,0957,182.00,-7.00,-23.00,0.00,0.00
2025-01-05,DL,456,BOS,ATL,0834,1140,186.00,-1.00,-8.00,0.00,0.00
2025-01-05,DL,376,BOS,ATL,1208,1510,182.00,5.00,12.00,0.00,0.00
2025-01-05,DL,322,BOS,ATL,1400,1702,182.00,1.00,-8.00,0.00,0.00
2025-01-05,DL,963,BOS,ATL,1630,1937,187.00,-3.00,-8.00,0.00,0.00
2025-01-05,DL,638,BOS,ATL,1735,2047,192.00,-1.00,-7.00,0.00,0.00
2025-01-05,DL,385,BOS,ATL,1923,2230,187.00,35.00,43.00,0.00,0.00
2025-01-05,DL,900,BOS,ATL,2038,2332,174.00,52.00,47.00,0.00,0.00
2025-01-05,DL,341,DEN,ATL,0600,1056,176.00,6.00,19.00,0.00,0.00
2025-01-05,DL,431,DEN,ATL,0700,1154,174.00,16.00,19.00,0.00,0.00
2025-01-05,DL,957,DEN,ATL,0805,1305,180.00,11.00,12.00,0.00,0.00
2025-01-05,DL,2781,DEN,ATL,1051,1542,171.00,-4.00,-16.00,0.00,0.00
2025-01-05,DL,995,DEN,ATL,1247,1738,171.00,-2.00,5.00,0.00,0.00
2025-01-05,DL,706,DEN,ATL,1418,1916,178.00,4.00,3.00,0.00,0.00
2025-01-05,DL,396,DEN,ATL,1620,2114,174.00,2.00,4.00,0.00,0.00
2025-01-05,DL,519,DEN,ATL,1821,2314,173.00,4.00,-7.00,0.00,0.00
2025-01-05,DL,390,LAX,ATL,0620,1328,248.00,1.00,-5.00,0.00,0.00
2025-01-05,DL,782,LAX,ATL,0725,1432,247.00,5.00,2.00,0.00,0.00
2025-01-05,DL,515,LAX,ATL,0825,1534,249.00,-8.00,14.00,0.00,0.00
2025-01-05,DL,327,LAX,ATL,0930,1649,259.00,-3.00,5.00,0.00,0.00
2025-01-05,DL,528,LAX,ATL,1050,1814,264.00,-3.00,1.00,0.00,0.00
2025-01-05,DL,395,LAX,ATL,1215,1927,252.00,6.00,-18.00,0.00,0.00
2025-01-05,DL,715,LAX,ATL,1415,2124,249.00,-5.00,11.00,0.00,0.00
2025-01-05,DL,471,LAX,ATL,1615,2331,256.00,-8.00,-1.00,0.00,0.00
2025-01-05,DL,783,LAX,ATL,2159,0516,257.00,-8.00,-29.00,0.00,0.00
2025-01-05,DL,899,LAX,ATL,2259,0612,253.00,3.00,-21.00,0.00,0.00
2025-01-05,DL,320,LAX,ATL,2359,0721,262.00,4.00,-13.00,0.00,0.00
2025-01-05,DL,1264,ORD,ATL,0540,0844,124.00,3.00,-18.00,0.00,0.00
2025-01-05,DL,1247,ORD,ATL,0705,1010,125.00,-4.00,-16.00,0.00,0.00
2025-01-05,DL,1178,ORD,ATL,1000,1310,130.00,-2.00,-13.00,0.00,0.00
2025-01-05,DL,1147,ORD,ATL,1240,1539,119.00,12.00,4.00,0.00,0.00
2025-01-05,DL,1477,ORD,ATL,1455,1753,118.00,8.00,2.00,0.00,0.00
2025-01-05,DL,2738,ORD,ATL,1725,2026,121.00,2.00,-7.00,0.00,0.00
2025-01-05,DL,2879,ORD,ATL,1959,2305,126.00,9.00,-1.00,0.00,0.00
2025-01-05,DL,569,SEA,ATL,0615,1402,287.00,7.00,-5.00,0.00,0.00
2025-01-05,DL,562,SEA,ATL,0820,1616,296.00,-8.00,-16.00,0.00,0.00
2025-01-05,DL,554,SEA,ATL,1015,1813,298.00,-1.00,-25.00,0.00,0.00
2025-01-05,DL,542,SEA,ATL,1155,1950,295.00,-5.00,-1.00,0.00,0.00
2025-01-05,DL,552,SEA,ATL,1555,2342,287.00,0.00,6.00,0.00,0.00
2025-01-05,DL,567,SEA,ATL,2245,0630,285.00,12.00,32.00,0.00,0.00
2025-01-06,DL,849,ATL,BOS,0710,0947,157.00,-2.00,-23.00,0.00,0.00
2025-01-06,DL,1178,ATL,ORD,0725,0835,130.00,0.00,18.00,0.00,0.00
2025-01-06,DL,996,ATL,LAX,0735,0950,315.00,1.00,-8.00,0.00,0.00
2025-01-06,DL,444,ATL,SEA,0758,1045,347.00,-1.00,-15.00,0.00,0.00
2025-01-06,DL,346,ATL,DEN,0820,0946,206.00,-2.00,-13.00,0.00,0.00
2025-01-06,DL,1147,ATL,ORD,0848,0955,127.00,50.00,67.00,0.00,0.00
2025-01-06,DL,898,ATL,LAX,0855,1055,300.00,-1.00,-14.00,0.00,0.00
2025-01-06,DL,995,ATL,DEN,0945,1112,207.00,-1.00,-13.00,0.00,0.00
2025-01-06,DL,774,ATL,SEA,0945,1231,346.00,3.00,-22.00,0.00,0.00
2025-01-06,DL,855,ATL,BOS,1000,1237,157.00,25.00,4.00,0.00,0.00
2025-01-06,DL,501,ATL,LAX,1039,1250,311.00,-2.00,-20.00,0.00,0.00
2025-01-06,DL,862,ATL,BOS,1105,1341,156.00,33.00,9.00,0.00,0.00
2025-01-06,DL,396,ATL,DEN,1121,1248,207.00,4.00,-5.00,0.00,0.00
2025-01-06,DL,629,ATL,SEA,1138,1418,340.00,-1.00,-33.00,0.00,0.00
2025-01-06,DL,350,ATL,BOS,1215,1445,150.00,-5.00,-22.00,0.00,0.00
2025-01-06,DL,895,ATL,LAX,1240,1444,304.00,-1.00,-14.00,0.00,0.00
2025-01-06,DL,1477,ATL,ORD,1240,1343,123.00,93.00,117.00,0.00,0.00
2025-01-06,DL,530,ATL,DEN,1305,1425,200.00,17.00,14.00,0.00,0.00
2025-01-06,DL,753,ATL,LAX,1410,1619,309.00,28.00,34.00,0.00,0.00
2025-01-06,DL,519,ATL,DEN,1428,1549,201.00,-3.00,-5.00,0.00,0.00
2025-01-06,DL,726,ATL,BOS,1435,1706,151.00,10.00,-6.00,0.00,0.00
2025-01-06,DL,1219,ATL,LAX,1515,1722,307.00,0.00,-4.00,0.00,0.00
2025-01-06,DL,481,ATL,SEA,1522,1800,338.00,11.00,-13.00,0.00,0.00
2025-01-06,DL,976,ATL,ORD,1530,1634,124.00,-4.00,11.00,0.00,0.00
2025-01-06,DL,301,ATL,LAX,1650,1855,305.00,1.00,2.00,0.00,0.00
2025-01-06,DL,300,ATL,BOS,1755,2031,156.00,12.00,16.00,0.00,0.00
2025-01-06,DL,746,ATL,DEN,1815,1943,208.00,-1.00,0.00,0.00,0.00
2025-01-06,DL,500,ATL,LAX,1825,2040,315.00,4.00,7.00,0.00,0.00
2025-01-06,DL,472,ATL,SEA,1923,2207,344.00,21.00,55.00,0.00,0.00
2025-01-06,DL,1139,ATL,ORD,1945,2048,123.00,15.00,13.00,0.00,0.00
2025-01-06,DL,518,ATL,BOS,1955,2231,156.00,2.00,76.00,0.00,0.00
2025-01-06,DL,493,ATL,DEN,2120,2246,206.00,43.00,56.00,0.00,0.00
2025-01-06,DL,331,ATL,LAX,2140,2347,307.00,0.00,9.00,0.00,0.00
2025-01-06,DL,865,ATL,BOS,2225,0058,153.00,54.00,32.00,0.00,0.00
2025-01-06,DL,1199,ATL,ORD,2259,2359,120.00,2.00,6.00,0.00,0.00
2025-01-06,DL,695,BOS,ATL,0540,0848,188.00,1.00,-1.00,0.00,0.00
2025-01-06,DL,923,BOS,ATL,0655,1000,185.00,-6.00,-4.00,0.00,0.00
2025-01-06,DL,456,BOS,ATL,0805,1112,187.00,-5.00,-2.00,0.00,0.00
2025-01-06,DL,973,BOS,ATL,0945,1249,184.00,0.00,3.00,0.00,0.00
2025-01-06,DL,376,BOS,ATL,1145,1446,181.00,-2.00,5.00,0.00,0.00
2025-01-06,DL,322,BOS,ATL,1347,1645,178.00,1.00,3.00,0.00,0.00
2025-01-06,DL,399,BOS,ATL,1550,1852,182.00,46.00,53.00,0.00,0.00
2025-01-06,DL,385,BOS,ATL,1835,2148,193.00,1.00,-20.00,0.00,0.00
2025-01-06,DL,341,DEN,ATL,0600,1053,173.00,10.00,10.00,0.00,0.00
2025-01-06,DL,431,DEN,ATL,0710,1200,170.00,0.00,7.00,0.00,0.00
2025-01-06,DL,346,DEN,ATL,1051,1542,171.00,-7.00,-23.00,0.00,0.00
2025-01-06,DL,995,DEN,ATL,1217,1705,168.00,3.00,-10.00,0.00,0.00
2025-01-06,DL,396,DEN,ATL,1353,1845,172.00,-5.00,-29.00,0.00,0.00
2025-01-06,DL,530,DEN,ATL,1530,2029,179.00,11.00,-16.00,0.00,0.00
2025-01-06,DL,519,DEN,ATL,1654,2149,175.00,-8.00,-14.00,0.00,0.00
2025-01-06,DL,390,LAX,ATL,0615,1324,249.00,14.00,-10.00,0.00,0.00
2025-01-06,DL,327,LAX,ATL,0715,1425,250.00,31.00,9.00,0.00,0.00
2025-01-06,DL,515,LAX,ATL,0825,1535,250.00,-6.00,-26.00,0.00,0.00
2025-01-06,DL,528,LAX,ATL,1056,1813,257.00,5.00,-16.00,0.00,0.00
2025-01-06,DL,395,LAX,ATL,1225,1930,245.00,4.00,-13.00,0.00,0.00
2025-01-06,DL,715,LAX,ATL,1415,2132,257.00,373.00,339.00,0.00,0.00
2025-01-06,DL,471,LAX,ATL,1730,0039,249.00,29.00,11.00,0.00,0.00
2025-01-06,DL,446,LAX,ATL,2155,0504,249.00,13.00,-10.00,0.00,0.00
2025-01-06,DL,899,LAX,ATL,2255,0558,243.00,52.00,43.00,0.00,0.00
2025-01-06,DL,1247,ORD,ATL,0705,1013,128.00,13.00,118.00,0.00,0.00
2025-01-06,DL,1178,ORD,ATL,0935,1237,122.00,493.00,478.00,0.00,0.00
2025-01-06,DL,1147,ORD,ATL,1105,1403,118.00,709.00,691.00,0.00,0.00
2025-01-06,DL,1477,ORD,ATL,1455,1753,118.00,201.00,204.00,0.00,0.00
2025-01-06,DL,569,SEA,ATL,0615,1358,283.00,-2.00,-19.00,0.00,0.00
2025-01-06,DL,562,SEA,ATL,0845,1631,286.00,-4.00,9.00,0.00,0.00
2025-01-06,DL,542,SEA,ATL,1200,1958,298.00,-2.00,30.00,0.00,0.00
2025-01-06,DL,567,SEA,ATL,1605,2350,285.00,-5.00,-13.00,0.00,0.00
2025-01-06,DL,652,SEA,ATL,2305,0647,282.00,4.00,-11.00,0.00,0.00
2025-01-07,DL,849,ATL,BOS,0710,0947,157.00,54.00,43.00,0.00,0.00
2025-01-07,DL,996,ATL,LAX,0735,0950,315.00,-3.00,11.00,0.00,0.00
2025-01-07,DL,444,ATL,SEA,0758,1045,347.00,36.00,17.00,0.00,0.00
2025-01-07,DL,346,ATL,DEN,0820,0946,206.00,3.00,9.00,0.00,0.00
2025-01-07,DL,1147,ATL,ORD,0848,0955,127.00,34.00,36.00,0.00,0.00
2025-01-07,DL,898,ATL,LAX,0855,1055,300.00,14.00,-12.00,0.00,0.00
2025-01-07,DL,995,ATL,DEN,0945,1112,207.00,9.00,20.00,0.00,0.00
2025-01-07,DL,774,ATL,SEA,0945,1231,346.00,80.00,46.00,0.00,0.00
2025-01-07,DL,855,ATL,BOS,1000,1237,157.00,0.00,-4.00,0.00,0.00
2025-01-07,DL,501,ATL,LAX,1039,1250,311.00,56.00,32.00,0.00,0.00
2025-01-07,DL,862,ATL,BOS,1105,1339,154.00,-1.00,-21.00,0.00,0.00
2025-01-07,DL,396,ATL,DEN,1121,1248,207.00,15.00,8.00,0.00,0.00
2025-01-07,DL,629,ATL,SEA,1138,1418,340.00,19.00,-13.00,0.00,0.00
2025-01-07,DL,350,ATL,BOS,1215,1445,150.00,20.00,12.00,0.00,0.00
2025-01-07,DL,895,ATL,LAX,1240,1444,304.00,45.00,44.00,0.00,0.00
2025-01-07,DL,1477,ATL,ORD,1242,1345,123.00,60.00,54.00,0.00,0.00
2025-01-07,DL,530,ATL,DEN,1305,1425,200.00,-2.00,8.00,0.00,0.00
2025-01-07,DL,753,ATL,LAX,1410,1619,309.00,-1.00,-6.00,0.00,0.00
2025-01-07,DL,519,ATL,DEN,1428,1549,201.00,-4.00,-1.00,0.00,0.00
2025-01-07,DL,726,ATL,BOS,1435,1708,153.00,3.00,-8.00,0.00,0.00
2025-01-07,DL,976,ATL,ORD,1445,1545,120.00,-4.00,-5.00,0.00,0.00
2025-01-07,DL,1219,ATL,LAX,1515,1722,307.00,4.00,12.00,0.00,0.00
2025-01-07,DL,481,ATL,SEA,1522,1800,338.00,23.00,0.00,0.00,0.00
2025-01-07,DL,301,ATL,LAX,1650,1857,307.00,4.00,-5.00,0.00,0.00
2025-01-07,DL,2879,ATL,ORD,1740,1849,129.00,-6.00,-1.00,0.00,0.00
2025-01-07,DL,300,ATL,BOS,1755,2031,156.00,-7.00,-18.00,0.00,0.00
2025-01-07,DL,746,ATL,DEN,1815,1943,208.00,0.00,12.00,0.00,0.00
2025-01-07,DL,500,ATL,LAX,1825,2040,315.00,14.00,10.00,0.00,0.00
2025-01-07,DL,472,ATL,SEA,1923,2207,344.00,10.00,-10.00,0.00,0.00
2025-01-07,DL,518,ATL,BOS,1955,2231,156.00,-8.00,-24.00,0.00,0.00
2025-01-07,DL,331,ATL,LAX,2059,2310,311.00,9.00,2.00,0.00,0.00
2025-01-07,DL,865,ATL,BOS,2225,0058,153.00,26.00,18.00,0.00,0.00
2025-01-07,DL,1199,ATL,ORD,2259,2359,120.00,80.00,63.00,0.00,0.00
2025-01-07,DL,695,BOS,ATL,0540,0848,188.00,0.00,-6.00,0.00,0.00
2025-01-07,DL,923,BOS,ATL,0655,1000,185.00,4.00,5.00,0.00,0.00
2025-01-07,DL,456,BOS,ATL,0805,1112,187.00,-9.00,-35.00,0.00,0.00
2025-01-07,DL,973,BOS,ATL,0945,1249,184.00,-2.00,-23.00,0.00,0.00
2025-01-07,DL,376,BOS,ATL,1145,1446,181.00,17.00,3.00,0.00,0.00
2025-01-07,DL,322,BOS,ATL,1347,1645,178.00,1.00,-18.00,0.00,0.00
2025-01-07,DL,399,BOS,ATL,1550,1852,182.00,9.00,-8.00,0.00,0.00
2025-01-07,DL,385,BOS,ATL,1835,2148,193.00,-3.00,-9.00,0.00,0.00
2025-01-07,DL,341,DEN,ATL,0600,1053,173.00,8.00,36.00,0.00,0.00
2025-01-07,DL,431,DEN,ATL,0710,1200,170.00,22.00,35.00,0.00,0.00
2025-01-07,DL,346,DEN,ATL,1051,1542,171.00,20.00,26.00,0.00,0.00
2025-01-07,DL,995,DEN,ATL,1217,1705,168.00,17.00,26.00,0.00,0.00
2025-01-07,DL,396,DEN,ATL,1353,1845,172.00,11.00,-2.00,0.00,0.00
2025-01-07,DL,530,DEN,ATL,1530,2029,179.00,26.00,7.00,0.00,0.00
2025-01-07,DL,390,LAX,ATL,0615,1324,249.00,8.00,-13.00,0.00,0.00
2025-01-07,DL,327,LAX,ATL,0715,1425,250.00,49.00,40.00,0.00,0.00
2025-01-07,DL,515,LAX,ATL,0825,1535,250.00,-4.00,-14.00,0.00,0.00
2025-01-07,DL,528,LAX,ATL,1056,1813,257.00,-3.00,-19.00,0.00,0.00
2025-01-07,DL,395,LAX,ATL,1225,1930,245.00,-3.00,6.00,0.00,0.00
2025-01-07,DL,715,LAX,ATL,1415,2132,257.00,-2.00,-25.00,0.00,0.00
2025-01-07,DL,471,LAX,ATL,1730,0039,249.00,-13.00,-16.00,0.00,0.00
2025-01-07,DL,446,LAX,ATL,2155,0504,249.00,0.00,-17.00,0.00,0.00
2025-01-07,DL,899,LAX,ATL,2255,0558,243.00,0.00,-3.00,0.00,0.00
2025-01-07,DL,1264,ORD,ATL,0545,0853,128.00,-5.00,14.00,0.00,0.00
2025-01-07,DL,1247,ORD,ATL,0705,1013,128.00,27.00,33.00,0.00,0.00
2025-01-07,DL,1147,ORD,ATL,1105,1403,118.00,31.00,14.00,0.00,0.00
2025-01-07,DL,976,ORD,ATL,1755,2104,129.00,2.00,-28.00,0.00,0.00
2025-01-07,DL,569,SEA,ATL,0615,1358,283.00,37.00,42.00,0.00,0.00
2025-01-07,DL,562,SEA,ATL,0845,1631,286.00,-5.00,14.00,0.00,0.00
2025-01-07,DL,542,SEA,ATL,1200,1958,298.00,7.00,-12.00,0.00,0.00
2025-01-07,DL,567,SEA,ATL,1605,2350,285.00,-3.00,-24.00,0.00,0.00
2025-01-07,DL,652,SEA,ATL,2305,0647,282.00,-1.00,-2.00,0.00,0.00
2025-01-08,DL,849,ATL,BOS,0710,0947,157.00,-2.00,-21.00,0.00,0.00
2025-01-08,DL,996,ATL,LAX,0735,0950,315.00,168.00,158.00,0.00,0.00
2025-01-08,DL,444,ATL,SEA,0758,1045,347.00,1.00,-8.00,0.00,0.00
2025-01-08,DL,346,ATL,DEN,0820,0946,206.00,103.00,104.00,0.00,0.00
2025-01-08,DL,1147,ATL,ORD,0848,0955,127.00,5.00,32.00,0.00,0.00
2025-01-08,DL,898,ATL,LAX,0855,1055,300.00,0.00,-22.00,0.00,0.00
2025-01-08,DL,995,ATL,DEN,0945,1112,207.00,5.00,5.00,0.00,0.00
2025-01-08,DL,774,ATL,SEA,0945,1231,346.00,8.00,-5.00,0.00,0.00
2025-01-08,DL,855,ATL,BOS,1000,1237,157.00,-2.00,-8.00,0.00,0.00
2025-01-08,DL,501,ATL,LAX,1039,1250,311.00,26.00,0.00,0.00,0.00
2025-01-08,DL,862,ATL,BOS,1105,1339,154.00,-5.00,-17.00,0.00,0.00
2025-01-08,DL,396,ATL,DEN,1121,1248,207.00,8.00,5.00,0.00,0.00
2025-01-08,DL,629,ATL,SEA,1138,1418,340.00,-1.00,-12.00,0.00,0.00
2025-01-08,DL,350,ATL,BOS,1215,1445,150.00,-6.00,-16.00,0.00,0.00
2025-01-08,DL,895,ATL,LAX,1240,1444,304.00,-5.00,-12.00,0.00,0.00
2025-01-08,DL,1477,ATL,ORD,1242,1344,122.00,-1.00,-7.00,0.00,0.00
2025-01-08,DL,530,ATL,DEN,1305,1425,200.00,-3.00,-12.00,0.00,0.00
2025-01-08,DL,753,ATL,LAX,1410,1619,309.00,-3.00,-13.00,0.00,0.00
2025-01-08,DL,519,ATL,DEN,1428,1549,201.00,10.00,3.00,0.00,0.00
2025-01-08,DL,726,ATL,BOS,1435,1708,153.00,-7.00,-18.00,0.00,0.00
2025-01-08,DL,976,ATL,ORD,1445,1545,120.00,-3.00,-11.00,0.00,0.00
2025-01-08,DL,1219,ATL,LAX,1515,1722,307.00,-2.00,-26.00,0.00,0.00
2025-01-08,DL,481,ATL,SEA,1522,1800,338.00,0.00,3.00,0.00,0.00
2025-01-08,DL,301,ATL,LAX,1650,1857,307.00,18.00,5.00,0.00,0.00
2025-01-08,DL,2879,ATL,ORD,1740,1849,129.00,-5.00,0.00,0.00,0.00
2025-01-08,DL,300,ATL,BOS,1755,2031,156.00,0.00,-17.00,0.00,0.00
2025-01-08,DL,746,ATL,DEN,1815,1943,208.00,0.00,-13.00,0.00,0.00
2025-01-08,DL,500,ATL,LAX,1825,2040,315.00,107.00,74.00,0.00,0.00
2025-01-08,DL,472,ATL,SEA,1923,2207,344.00,-3.00,-19.00,0.00,0.00
2025-01-08,DL,518,ATL,BOS,1955,2231,156.00,-6.00,-22.00,0.00,0.00
2025-01-08,DL,331,ATL,LAX,2105,2315,310.00,-4.00,-17.00,0.00,0.00
2025-01-08,DL,865,ATL,BOS,2225,0058,153.00,2.00,-6.00,0.00,0.00
2025-01-08,DL,1199,ATL,ORD,2259,2359,120.00,-4.00,-1.00,0.00,0.00
2025-01-08,DL,695,BOS,ATL,0540,0848,188.00,-2.00,-17.00,0.00,0.00
2025-01-08,DL,923,BOS,ATL,0655,1000,185.00,-6.00,-25.00,0.00,0.00
2025-01-08,DL,456,BOS,ATL,0805,1112,187.00,0.00,-26.00,0.00,0.00
2025-01-08,DL,973,BOS,ATL,0945,1249,184.00,-5.00,-15.00,0.00,0.00
2025-01-08,DL,376,BOS,ATL,1145,1446,181.00,-3.00,-26.00,0.00,0.00
2025-01-08,DL,322,BOS,ATL,1347,1645,178.00,0.00,-12.00,0.00,0.00
2025-01-08,DL,399,BOS,ATL,1550,1852,182.00,-3.00,-21.00,0.00,0.00
2025-01-08,DL,385,BOS,ATL,1835,2148,193.00,-3.00,-9.00,0.00,0.00
2025-01-08,DL,341,DEN,ATL,0600,1053,173.00,-4.00,0.00,0.00,0.00
2025-01-08,DL,431,DEN,ATL,0710,1200,170.00,-6.00,-6.00,0.00,0.00
2025-01-08,DL,346,DEN,ATL,1051,1542,171.00,108.00,87.00,0.00,0.00
2025-01-08,DL,995,DEN,ATL,1217,1705,168.00,10.00,-5.00,0.00,0.00
2025-01-08,DL,396,DEN,ATL,1353,1845,172.00,4.00,-7.00,0.00,0.00
2025-01-08,DL,530,DEN,ATL,1530,2029,179.00,1.00,-8.00,0.00,0.00
2025-01-08,DL,390,LAX,ATL,0615,1324,249.00,10.00,8.00,0.00,0.00
2025-01-08,DL,327,LAX,ATL,0715,1425,250.00,11.00,6.00,0.00,0.00
2025-01-08,DL,515,LAX,ATL,0825,1535,250.00,14.00,12.00,0.00,0.00
2025-01-08,DL,528,LAX,ATL,1056,1813,257.00,0.00,-6.00,0.00,0.00
2025-01-08,DL,395,LAX,ATL,1225,1930,245.00,7.00,21.00,0.00,0.00
2025-01-08,DL,715,LAX,ATL,1415,2132,257.00,38.00,27.00,0.00,0.00
2025-01-08,DL,471,LAX,ATL,1730,0039,249.00,-12.00,8.00,0.00,0.00
2025-01-08,DL,446,LAX,ATL,2155,0504,249.00,-5.00,-8.00,0.00,0.00
2025-01-08,DL,899,LAX,ATL,2255,0558,243.00,-2.00,10.00,0.00,0.00
2025-01-08,DL,1264,ORD,ATL,0545,0853,128.00,-2.00,-9.00,0.00,0.00
2025-01-08,DL,1247,ORD,ATL,0705,1013,128.00,-10.00,-26.00,0.00,0.00
2025-01-08,DL,1147,ORD,ATL,1105,1403,118.00,25.00,7.00,0.00,0.00
2025-01-08,DL,1477,ORD,ATL,1455,1752,117.00,2.00,-21.00,0.00,0.00
2025-01-08,DL,976,ORD,ATL,1755,2104,129.00,-7.00,-32.00,0.00,0.00
2025-01-08,DL,569,SEA,ATL,0615,1358,283.00,5.00,-21.00,0.00,0.00
2025-01-08,DL,562,SEA,ATL,0845,1631,286.00,-3.00,-30.00,0.00,0.00
2025-01-08,DL,542,SEA,ATL,1200,1958,298.00,-1.00,-23.00,0.00,0.00
2025-01-08,DL,567,SEA,ATL,1605,2350,285.00,-4.00,-14.00,0.00,0.00
2025-01-08,DL,652,SEA,ATL,2305,0647,282.00,23.00,5.00,0.00,0.00
2025-01-09,DL,849,ATL,BOS,0710,0947,157.00,5.00,13.00,0.00,0.00
2025-01-09,DL,1178,ATL,ORD,0725,0835,130.00,-4.00,8.00,0.00,0.00
2025-01-09,DL,996,ATL,LAX,0735,0950,315.00,-3.00,-12.00,0.00,0.00
2025-01-09,DL,444,ATL,SEA,0758,1045,347.00,40.00,10.00,0.00,0.00
2025-01-09,DL,346,ATL,DEN,0820,0946,206.00,-2.00,-2.00,0.00,0.00
2025-01-09,DL,1147,ATL,ORD,0847,0955,128.00,1.00,-10.00,0.00,0.00
2025-01-09,DL,898,ATL,LAX,0855,1055,300.00,3.00,-16.00,0.00,0.00
2025-01-09,DL,995,ATL,DEN,0945,1112,207.00,36.00,66.00,0.00,0.00
2025-01-09,DL,774,ATL,SEA,0945,1231,346.00,14.00,-4.00,0.00,0.00
2025-01-09,DL,855,ATL,BOS,1000,1237,157.00,2.00,6.00,0.00,0.00
2025-01-09,DL,501,ATL,LAX,1039,1250,311.00,15.00,4.00,0.00,0.00
2025-01-09,DL,862,ATL,BOS,1105,1339,154.00,17.00,11.00,0.00,0.00
2025-01-09,DL,396,ATL,DEN,1121,1248,207.00,1.00,14.00,0.00,0.00
2025-01-09,DL,629,ATL,SEA,1138,1418,340.00,-2.00,3.00,0.00,0.00
2025-01-09,DL,350,ATL,BOS,1215,1447,152.00,7.00,1.00,0.00,0.00
2025-01-09,DL,895,ATL,LAX,1240,1444,304.00,0.00,-12.00,0.00,0.00
2025-01-09,DL,1477,ATL,ORD,1240,1343,123.00,0.00,-1.00,0.00,0.00
2025-01-09,DL,530,ATL,DEN,1305,1425,200.00,0.00,4.00,0.00,0.00
2025-01-09,DL,753,ATL,LAX,1410,1619,309.00,10.00,-9.00,0.00,0.00
2025-01-09,DL,519,ATL,DEN,1428,1549,201.00,14.00,18.00,0.00,0.00
2025-01-09,DL,726,ATL,BOS,1435,1708,153.00,0.00,16.00,0.00,0.00
2025-01-09,DL,1219,ATL,LAX,1515,1722,307.00,-1.00,-19.00,0.00,0.00
2025-01-09,DL,481,ATL,SEA,1522,1800,338.00,-6.00,-28.00,0.00,0.00
2025-01-09,DL,976,ATL,ORD,1540,1645,125.00,4.00,12.00,0.00,0.00
2025-01-09,DL,301,ATL,LAX,1650,1857,307.00,-2.00,-21.00,0.00,0.00
2025-01-09,DL,300,ATL,BOS,1755,2031,156.00,-2.00,-4.00,0.00,0.00
2025-01-09,DL,746,ATL,DEN,1815,1943,208.00,15.00,21.00,0.00,0.00
2025-01-09,DL,500,ATL,LAX,1825,2040,315.00,-1.00,-30.00,0.00,0.00
2025-01-09,DL,472,ATL,SEA,1923,2207,344.00,-2.00,-16.00,0.00,0.00
2025-01-09,DL,1139,ATL,ORD,1945,2048,123.00,24.00,19.00,0.00,0.00
2025-01-09,DL,518,ATL,BOS,1955,2231,156.00,1.00,4.00,0.00,0.00
2025-01-09,DL,493,ATL,DEN,2120,2246,206.00,78.00,64.00,0.00,0.00
2025-01-09,DL,331,ATL,LAX,2140,2347,307.00,29.00,12.00,0.00,0.00
2025-01-09,DL,865,ATL,BOS,2225,0058,153.00,5.00,-2.00,0.00,0.00
2025-01-09,DL,1199,ATL,ORD,2259,2359,120.00,1.00,2.00,0.00,0.00
2025-01-09,DL,695,BOS,ATL,0540,0848,188.00,-4.00,-11.00,0.00,0.00
2025-01-09,DL,923,BOS,ATL,0655,1000,185.00,-4.00,-14.00,0.00,0.00
2025-01-09,DL,456,BOS,ATL,0805,1112,187.00,4.00,-15.00,0.00,0.00
2025-01-09,DL,973,BOS,ATL,0945,1249,184.00,-4.00,-38.00,0.00,0.00
2025-01-09,DL,376,BOS,ATL,1145,1446,181.00,-4.00,-9.00,0.00,0.00
2025-01-09,DL,322,BOS,ATL,1347,1645,178.00,7.00,-27.00,0.00,0.00
2025-01-09,DL,399,BOS,ATL,1550,1850,180.00,12.00,-2.00,0.00,0.00
2025-01-09,DL,385,BOS,ATL,1835,2148,193.00,15.00,-16.00,0.00,0.00
2025-01-09,DL,341,DEN,ATL,0600,1053,173.00,-4.00,-2.00,0.00,0.00
2025-01-09,DL,431,DEN,ATL,0710,1200,170.00,-4.00,1.00,0.00,0.00
2025-01-09,DL,346,DEN,ATL,1051,1542,171.00,4.00,17.00,0.00,0.00
2025-01-09,DL,995,DEN,ATL,1217,1705,168.00,64.00,48.00,0.00,0.00
2025-01-09,DL,396,DEN,ATL,1353,1845,172.00,9.00,-9.00,0.00,0.00
2025-01-09,DL,530,DEN,ATL,1530,2029,179.00,5.00,-17.00,0.00,0.00
2025-01-09,DL,519,DEN,ATL,1654,2149,175.00,18.00,2.00,0.00,0.00
2025-01-09,DL,390,LAX,ATL,0615,1324,249.00,13.00,-3.00,0.00,0.00
2025-01-09,DL,327,LAX,ATL,0715,1425,250.00,-1.00,-7.00,0.00,0.00
2025-01-09,DL,515,LAX,ATL,0825,1535,250.00,-9.00,-5.00,0.00,0.00
2025-01-09,DL,528,LAX,ATL,1056,1813,257.00,-4.00,-26.00,0.00,0.00
2025-01-09,DL,395,LAX,ATL,1225,1930,245.00,14.00,4.00,0.00,0.00
2025-01-09,DL,715,LAX,ATL,1415,2132,257.00,5.00,-9.00,0.00,0.00
2025-01-09,DL,471,LAX,ATL,1730,0039,249.00,-4.00,-18.00,0.00,0.00
2025-01-09,DL,446,LAX,ATL,2155,0504,249.00,-5.00,-7.00,0.00,0.00
2025-01-09,DL,899,LAX,ATL,2255,0558,243.00,32.00,34.00,0.00,0.00
2025-01-09,DL,1264,ORD,ATL,0545,0853,128.00,-1.00,-17.00,0.00,0.00
2025-01-09,DL,1247,ORD,ATL,0705,1013,128.00,54.00,29.00,0.00,0.00
2025-01-09,DL,1178,ORD,ATL,0935,1237,122.00,12.00,-9.00,0.00,0.00
2025-01-09,DL,1147,ORD,ATL,1105,1404,119.00,0.00,-11.00,0.00,0.00
2025-01-09,DL,1477,ORD,ATL,1455,1753,118.00,-3.00,-4.00,0.00,0.00
2025-01-09,DL,976,ORD,ATL,1815,2126,131.00,4.00,18.00,0.00,0.00
2025-01-09,DL,569,SEA,ATL,0615,1358,283.00,-2.00,-25.00,0.00,0.00
2025-01-09,DL,562,SEA,ATL,0845,1631,286.00,15.00,3.00,0.00,0.00
2025-01-09,DL,542,SEA,ATL,1200,1958,298.00,2.00,-17.00,0.00,0.00
2025-01-09,DL,567,SEA,ATL,1605,2350,285.00,-1.00,-19.00,0.00,0.00
2025-01-09,DL,652,SEA,ATL,2305,0647,282.00,1.00,-1.00,0.00,0.00
2025-01-10,DL,849,ATL,BOS,0710,0947,157.00,14.00,,1.00,0.00
2025-01-10,DL,1178,ATL,ORD,0725,0835,130.00,0.00,73.00,0.00,0.00
2025-01-10,DL,996,ATL,LAX,0735,0950,315.00,-1.00,,1.00,0.00
2025-01-10,DL,444,ATL,SEA,0758,1045,347.00,39.00,,1.00,0.00
2025-01-10,DL,346,ATL,DEN,0820,0946,206.00,60.00,,1.00,0.00
2025-01-10,DL,1147,ATL,ORD,0847,0955,128.00,,,1.00,0.00
2025-01-10,DL,898,ATL,LAX,0855,1055,300.00,193.00,,1.00,0.00
2025-01-10,DL,995,ATL,DEN,0945,1112,207.00,,,1.00,0.00
2025-01-10,DL,774,ATL,SEA,0945,1231,346.00,154.00,,1.00,0.00
2025-01-10,DL,855,ATL,BOS,1000,1237,157.00,,,1.00,0.00
2025-01-10,DL,501,ATL,LAX,1039,1250,311.00,,,1.00,0.00
2025-01-10,DL,862,ATL,BOS,1105,1341,156.00,,,1.00,0.00
2025-01-10,DL,396,ATL,DEN,1121,1248,207.00,,,1.00,0.00
2025-01-10,DL,629,ATL,SEA,1138,1418,340.00,,,1.00,0.00
2025-01-10,DL,350,ATL,BOS,1215,1445,150.00,,,1.00,0.00
2025-01-10,DL,895,ATL,LAX,1240,1444,304.00,,,1.00,0.00
2025-01-10,DL,1477,ATL,ORD,1240,1343,123.00,,,1.00,0.00
2025-01-10,DL,530,ATL,DEN,1305,1425,200.00,348.00,433.00,0.00,0.00
2025-01-10,DL,753,ATL,LAX,1410,1619,309.00,276.00,323.00,0.00,0.00
2025-01-10,DL,519,ATL,DEN,1428,1549,201.00,258.00,313.00,0.00,0.00
2025-01-10,DL,726,ATL,BOS,1435,1706,151.00,,,1.00,0.00
2025-01-10,DL,1219,ATL,LAX,1515,1722,307.00,,,1.00,0.00
2025-01-10,DL,481,ATL,SEA,1522,1800,338.00,,,1.00,0.00
2025-01-10,DL,976,ATL,ORD,1540,1645,125.00,,,1.00,0.00
2025-01-10,DL,301,ATL,LAX,1650,1857,307.00,,,1.00,0.00
2025-01-10,DL,300,ATL,BOS,1755,2031,156.00,,,1.00,0.00
2025-01-10,DL,746,ATL,DEN,1815,1943,208.00,,,1.00,0.00
2025-01-10,DL,500,ATL,LAX,1825,2040,315.00,,,1.00,0.00
2025-01-10,DL,472,ATL,SEA,1923,2207,344.00,,,1.00,0.00
2025-01-10,DL,1139,ATL,ORD,1945,2048,123.00,,,1.00,0.00
2025-01-10,DL,518,ATL,BOS,1955,2231,156.00,,,1.00,0.00
2025-01-10,DL,493,ATL,DEN,2120,2246,206.00,,,1.00,0.00
2025-01-10,DL,331,ATL,LAX,2140,2347,307.00,242.00,268.00,0.00,0.00
2025-01-10,DL,865,ATL,BOS,2225,0058,153.00,,,1.00,0.00
2025-01-10,DL,1199,ATL,ORD,2259,2359,120.00,,,1.00,0.00
2025-01-10,DL,695,BOS,ATL,0540,0848,188.00,121.00,,1.00,0.00
2025-01-10,DL,923,BOS,ATL,0655,1000,185.00,,,1.00,0.00
2025-01-10,DL,456,BOS,ATL,0805,1112,187.00,,,1.00,0.00
2025-01-10,DL,973,BOS,ATL,0945,1249,184.00,,,1.00,0.00
2025-01-10,DL,376,BOS,ATL,1145,1446,181.00,,,1.00,0.00
2025-01-10,DL,322,BOS,ATL,1347,1645,178.00,458.00,473.00,0.00,0.00
2025-01-10,DL,399,BOS,ATL,1550,1852,182.00,393.00,443.00,0.00,0.00
2025-01-10,DL,385,BOS,ATL,1835,2148,193.00,,,1.00,0.00
2025-01-10,DL,341,DEN,ATL,0600,1053,173.00,,,1.00,0.00
2025-01-10,DL,431,DEN,ATL,0710,1200,170.00,409.00,429.00,0.00,0.00
2025-01-10,DL,346,DEN,ATL,1051,1542,171.00,,,1.00,0.00
2025-01-10,DL,995,DEN,ATL,1217,1705,168.00,,,1.00,0.00
2025-01-10,DL,396,DEN,ATL,1353,1845,172.00,,,1.00,0.00
2025-01-10,DL,530,DEN,ATL,1530,2029,179.00,436.00,425.00,0.00,0.00
2025-01-10,DL,519,DEN,ATL,1654,2149,175.00,,,1.00,0.00
2025-01-10,DL,390,LAX,ATL,0615,1324,249.00,359.00,365.00,0.00,0.00
2025-01-10,DL,327,LAX,ATL,0715,1425,250.00,294.00,308.00,0.00,0.00
2025-01-10,DL,515,LAX,ATL,0825,1535,250.00,202.00,280.00,0.00,0.00
2025-01-10,DL,528,LAX,ATL,1056,1813,257.00,,,1.00,0.00
2025-01-10,DL,395,LAX,ATL,1225,1930,245.00,,,1.00,0.00
2025-01-10,DL,715,LAX,ATL,1415,2132,257.00,,,1.00,0.00
2025-01-10,DL,471,LAX,ATL,1730,0039,249.00,392.00,401.00,0.00,0.00
2025-01-10,DL,446,LAX,ATL,2155,0504,249.00,,,1.00,0.00
2025-01-10,DL,899,LAX,ATL,2255,0558,243.00,,,1.00,0.00
2025-01-10,DL,1264,ORD,ATL,0545,0853,128.00,-3.00,56.00,0.00,0.00
2025-01-10,DL,1247,ORD,ATL,0705,1013,128.00,,,1.00,0.00
2025-01-10,DL,1178,ORD,ATL,0935,1237,122.00,,,1.00,0.00
2025-01-10,DL,1147,ORD,ATL,1105,1404,119.00,,,1.00,0.00
2025-01-10,DL,1477,ORD,ATL,1455,1753,118.00,388.00,480.00,0.00,0.00
2025-01-10,DL,976,ORD,ATL,1815,2126,131.00,,,1.00,0.00
2025-01-10,DL,569,SEA,ATL,0615,1358,283.00,-8.00,-23.00,0.00,0.00
2025-01-10,DL,562,SEA,ATL,0845,1631,286.00,,,1.00,0.00
2025-01-10,DL,542,SEA,ATL,1200,1958,298.00,222.00,203.00,0.00,0.00
2025-01-10,DL,567,SEA,ATL,1605,2350,285.00,-2.00,-5.00,0.00,0.00
2025-01-10,DL,652,SEA,ATL,2305,0647,282.00,,,1.00,0.00
2025-01-11,DL,849,ATL,BOS,0710,0947,157.00,36.00,66.00,0.00,0.00
2025-01-11,DL,996,ATL,LAX,0735,0950,315.00,23.00,7.00,0.00,0.00
2025-01-11,DL,444,ATL,SEA,0758,1045,347.00,9.00,19.00,0.00,0.00
2025-01-11,DL,346,ATL,DEN,0820,0946,206.00,87.00,92.00,0.00,0.00
2025-01-11,DL,1147,ATL,ORD,0848,0955,127.00,68.00,116.00,0.00,0.00
2025-01-11,DL,898,ATL,LAX,0855,1055,300.00,46.00,65.00,0.00,0.00
2025-01-11,DL,995,ATL,DEN,0945,1112,207.00,73.00,73.00,0.00,0.00
2025-01-11,DL,774,ATL,SEA,0945,1231,346.00,47.00,13.00,0.00,0.00
2025-01-11,DL,855,ATL,BOS,1000,1237,157.00,,,1.00,0.00
2025-01-11,DL,501,ATL,LAX,1039,1250,311.00,226.00,212.00,0.00,0.00
2025-01-11,DL,862,ATL,BOS,1105,1339,154.00,119.00,114.00,0.00,0.00
2025-01-11,DL,396,ATL,DEN,1121,1248,207.00,173.00,158.00,0.00,0.00
2025-01-11,DL,629,ATL,SEA,1138,1418,340.00,213.00,189.00,0.00,0.00
2025-01-11,DL,895,ATL,LAX,1240,1444,304.00,43.00,27.00,0.00,0.00
2025-01-11,DL,1477,ATL,ORD,1243,1345,122.00,208.00,198.00,0.00,0.00
2025-01-11,DL,530,ATL,DEN,1305,1425,200.00,133.00,128.00,0.00,0.00
2025-01-11,DL,753,ATL,LAX,1410,1619,309.00,30.00,13.00,0.00,0.00
2025-01-11,DL,519,ATL,DEN,1428,1549,201.00,1.00,-6.00,0.00,0.00
2025-01-11,DL,726,ATL,BOS,1435,1708,153.00,26.00,41.00,0.00,0.00
2025-01-11,DL,976,ATL,ORD,1458,1558,120.00,15.00,13.00,0.00,0.00
2025-01-11,DL,1219,ATL,LAX,1515,1722,307.00,-2.00,3.00,0.00,0.00
2025-01-11,DL,481,ATL,SEA,1545,1827,342.00,0.00,-22.00,0.00,0.00
2025-01-11,DL,301,ATL,LAX,1650,1857,307.00,47.00,54.00,0.00,0.00
2025-01-11,DL,2879,ATL,ORD,1740,1849,129.00,9.00,21.00,0.00,0.00
2025-01-11,DL,300,ATL,BOS,1755,2031,156.00,132.00,138.00,0.00,0.00
2025-01-11,DL,746,ATL,DEN,1815,1943,208.00,44.00,29.00,0.00,0.00
2025-01-11,DL,500,ATL,LAX,1825,2040,315.00,109.00,87.00,0.00,0.00
2025-01-11,DL,472,ATL,SEA,1923,2207,344.00,22.00,-8.00,0.00,0.00
2025-01-11,DL,518,ATL,BOS,1955,2231,156.00,92.00,79.00,0.00,0.00
2025-01-11,DL,331,ATL,LAX,2059,2310,311.00,1.00,-27.00,0.00,0.00
2025-01-11,DL,493,ATL,DEN,2120,2246,206.00,-8.00,-19.00,0.00,0.00
2025-01-11,DL,865,ATL,BOS,2225,0058,153.00,569.00,592.00,0.00,0.00
2025-01-11,DL,1199,ATL,ORD,2259,2359,120.00,1.00,78.00,0.00,0.00
2025-01-11,DL,695,BOS,ATL,0540,0848,188.00,,,1.00,0.00
2025-01-11,DL,923,BOS,ATL,0655,1000,185.00,46.00,58.00,0.00,0.00
2025-01-11,DL,456,BOS,ATL,0805,1112,187.00,,,1.00,0.00
2025-01-11,DL,973,BOS,ATL,1000,1302,182.00,,,1.00,0.00
2025-01-11,DL,376,BOS,ATL,1200,1500,180.00,168.00,171.00,0.00,0.00
2025-01-11,DL,399,BOS,ATL,1550,1852,182.00,26.00,28.00,0.00,0.00
2025-01-11,DL,385,BOS,ATL,1835,2148,193.00,36.00,-2.00,0.00,0.00
2025-01-11,DL,341,DEN,ATL,0600,1053,173.00,112.00,105.00,0.00,0.00
2025-01-11,DL,431,DEN,ATL,0710,1200,170.00,93.00,74.00,0.00,0.00
2025-01-11,DL,346,DEN,ATL,1051,1542,171.00,99.00,80.00,0.00,0.00
2025-01-11,DL,995,DEN,ATL,1217,1705,168.00,86.00,70.00,0.00,0.00
2025-01-11,DL,396,DEN,ATL,1353,1845,172.00,233.00,213.00,0.00,0.00
2025-01-11,DL,530,DEN,ATL,1530,2029,179.00,139.00,119.00,0.00,0.00
2025-01-11,DL,519,DEN,ATL,1654,2149,175.00,264.00,245.00,0.00,0.00
2025-01-11,DL,390,LAX,ATL,0615,1324,249.00,194.00,192.00,0.00,0.00
2025-01-11,DL,327,LAX,ATL,0715,1425,250.00,49.00,27.00,0.00,0.00
2025-01-11,DL,515,LAX,ATL,0820,1530,250.00,,,1.00,0.00
2025-01-11,DL,528,LAX,ATL,1056,1813,257.00,-3.00,-15.00,0.00,0.00
2025-01-11,DL,395,LAX,ATL,1225,1930,245.00,40.00,30.00,0.00,0.00
2025-01-11,DL,715,LAX,ATL,1415,2132,257.00,110.00,69.00,0.00,0.00
2025-01-11,DL,471,LAX,ATL,1730,0039,249.00,11.00,-17.00,0.00,0.00
2025-01-11,DL,446,LAX,ATL,2155,0504,249.00,-8.00,-35.00,0.00,0.00
2025-01-11,DL,899,LAX,ATL,2255,0558,243.00,2.00,-11.00,0.00,0.00
2025-01-11,DL,1264,ORD,ATL,0545,0853,128.00,,,1.00,0.00
2025-01-11,DL,1247,ORD,ATL,0705,1011,126.00,115.00,132.00,0.00,0.00
2025-01-11,DL,1147,ORD,ATL,1105,1403,118.00,111.00,97.00,0.00,0.00
2025-01-11,DL,314,ORD,ATL,1455,1752,117.00,194.00,183.00,0.00,0.00
2025-01-11,DL,976,ORD,ATL,1755,2104,129.00,3.00,-21.00,0.00,0.00
2025-01-11,DL,569,SEA,ATL,0615,1358,283.00,484.00,470.00,0.00,0.00
2025-01-11,DL,562,SEA,ATL,0845,1631,286.00,,,1.00,0.00
2025-01-11,DL,542,SEA,ATL,1200,1958,298.00,,,1.00,0.00
2025-01-11,DL,567,SEA,ATL,1605,2350,285.00,,,1.00,0.00
2025-01-11,DL,652,SEA,ATL,2305,0647,282.00,8.00,-15.00,0.00,0.00
2025-01-12,DL,849,ATL,BOS,0710,0947,157.00,21.00,35.00,0.00,0.00
2025-01-12,DL,1178,ATL,ORD,0725,0835,130.00,2.00,15.00,0.00,0.00
2025-01-12,DL,996,ATL,LAX,0735,0950,315.00,-5.00,31.00,0.00,0.00
2025-01-12,DL,444,ATL,SEA,0758,1045,347.00,25.00,91.00,0.00,0.00
2025-01-12,DL,346,ATL,DEN,0820,0946,206.00,15.00,89.00,0.00,0.00
2025-01-12,DL,1147,ATL,ORD,0848,0955,127.00,1.00,79.00,0.00,0.00
2025-01-12,DL,898,ATL,LAX,0855,1055,300.00,98.00,191.00,0.00,0.00
2025-01-12,DL,995,ATL,DEN,0945,1112,207.00,32.00,66.00,0.00,0.00
2025-01-12,DL,774,ATL,SEA,0945,1231,346.00,15.00,4.00,0.00,0.00
2025-01-12,DL,855,ATL,BOS,1000,1237,157.00,17.00,29.00,0.00,0.00
2025-01-12,DL,501,ATL,LAX,1039,1250,311.00,58.00,88.00,0.00,0.00
2025-01-12,DL,862,ATL,BOS,1105,1339,154.00,109.00,177.00,0.00,0.00
2025-01-12,DL,396,ATL,DEN,1121,1248,207.00,9.00,47.00,0.00,0.00
2025-01-12,DL,629,ATL,SEA,1138,1418,340.00,26.00,15.00,0.00,0.00
2025-01-12,DL,350,ATL,BOS,1215,1445,150.00,25.00,38.00,0.00,0.00
2025-01-12,DL,895,ATL,LAX,1240,1444,304.00,3.00,13.00,0.00,0.00
2025-01-12,DL,1477,ATL,ORD,1242,1345,123.00,11.00,20.00,0.00,0.00
2025-01-12,DL,530,ATL,DEN,1305,1425,200.00,62.00,63.00,0.00,0.00
2025-01-12,DL,753,ATL,LAX,1410,1619,309.00,0.00,-4.00,0.00,0.00
2025-01-12,DL,519,ATL,DEN,1428,1549,201.00,0.00,5.00,0.00,0.00
2025-01-12,DL,726,ATL,BOS,1435,1708,153.00,13.00,-8.00,0.00,0.00
2025-01-12,DL,1219,ATL,LAX,1515,1722,307.00,93.00,91.00,0.00,0.00
2025-01-12,DL,481,ATL,SEA,1522,1800,338.00,26.00,9.00,0.00,0.00
2025-01-12,DL,976,ATL,ORD,1540,1645,125.00,11.00,6.00,0.00,0.00
2025-01-12,DL,301,ATL,LAX,1650,1857,307.00,19.00,37.00,0.00,0.00
2025-01-12,DL,300,ATL,BOS,1755,2031,156.00,45.00,20.00,0.00,0.00
2025-01-12,DL,746,ATL,DEN,1815,1943,208.00,56.00,49.00,0.00,0.00
2025-01-12,DL,500,ATL,LAX,1825,2040,315.00,5.00,-6.00,0.00,0.00
2025-01-12,DL,472,ATL,SEA,1923,2207,344.00,141.00,118.00,0.00,0.00
2025-01-12,DL,1139,ATL,ORD,1945,2048,123.00,-6.00,-6.00,0.00,0.00
2025-01-12,DL,518,ATL,BOS,1955,2231,156.00,4.00,-19.00,0.00,0.00
2025-01-12,DL,493,ATL,DEN,2120,2246,206.00,-2.00,-6.00,0.00,0.00
2025-01-12,DL,331,ATL,LAX,2140,2347,307.00,-9.00,-3.00,0.00,0.00
2025-01-12,DL,865,ATL,BOS,2225,0058,153.00,23.00,-1.00,0.00,0.00
2025-01-12,DL,1199,ATL,ORD,2259,2359,120.00,44.00,34.00,0.00,0.00
2025-01-12,DL,695,BOS,ATL,0540,0848,188.00,0.00,-7.00,0.00,0.00
2025-01-12,DL,923,BOS,ATL,0655,1000,185.00,-2.00,35.00,0.00,0.00
2025-01-12,DL,456,BOS,ATL,0805,1112,187.00,12.00,31.00,0.00,0.00
2025-01-12,DL,973,BOS,ATL,0945,1249,184.00,128.00,108.00,0.00,0.00
2025-01-12,DL,376,BOS,ATL,1145,1446,181.00,8.00,-6.00,0.00,0.00
2025-01-12,DL,322,BOS,ATL,1347,1645,178.00,39.00,34.00,0.00,0.00
2025-01-12,DL,399,BOS,ATL,1550,1852,182.00,24.00,22.00,0.00,0.00
2025-01-12,DL,385,BOS,ATL,1835,2148,193.00,-2.00,-10.00,0.00,0.00
2025-01-12,DL,341,DEN,ATL,0600,1053,173.00,6.00,-2.00,0.00,0.00
2025-01-12,DL,431,DEN,ATL,0710,1200,170.00,172.00,178.00,0.00,0.00
2025-01-12,DL,346,DEN,ATL,1051,1542,171.00,94.00,73.00,0.00,0.00
2025-01-12,DL,995,DEN,ATL,1217,1705,168.00,70.00,48.00,0.00,0.00
2025-01-12,DL,396,DEN,ATL,1353,1845,172.00,47.00,24.00,0.00,0.00
2025-01-12,DL,530,DEN,ATL,1530,2029,179.00,81.00,56.00,0.00,0.00
2025-01-12,DL,519,DEN,ATL,1654,2149,175.00,44.00,21.00,0.00,0.00
2025-01-12,DL,390,LAX,ATL,0615,1324,249.00,66.00,35.00,0.00,0.00
2025-01-12,DL,327,LAX,ATL,0715,1425,250.00,106.00,85.00,0.00,0.00
2025-01-12,DL,515,LAX,ATL,0825,1535,250.00,-2.00,-22.00,0.00,0.00
2025-01-12,DL,528,LAX,ATL,1056,1813,257.00,0.00,-31.00,0.00,0.00
2025-01-12,DL,395,LAX,ATL,1225,1930,245.00,100.00,78.00,0.00,0.00
2025-01-12,DL,715,LAX,ATL,1415,2132,257.00,0.00,-22.00,0.00,0.00
2025-01-12,DL,471,LAX,ATL,1730,0039,249.00,-2.00,-10.00,0.00,0.00
2025-01-12,DL,446,LAX,ATL,2155,0504,249.00,5.00,-11.00,0.00,0.00
2025-01-12,DL,899,LAX,ATL,2255,0558,243.00,-7.00,-30.00,0.00,0.00
2025-01-12,DL,1264,ORD,ATL,0545,0853,128.00,-8.00,-10.00,0.00,0.00
2025-01-12,DL,1247,ORD,ATL,0705,1013,128.00,-5.00,16.00,0.00,0.00
2025-01-12,DL,1178,ORD,ATL,0945,1247,122.00,4.00,29.00,0.00,0.00
2025-01-12,DL,1147,ORD,ATL,1105,1403,118.00,74.00,81.00,0.00,0.00
2025-01-12,DL,1477,ORD,ATL,1455,1753,118.00,16.00,13.00,0.00,0.00
2025-01-12,DL,976,ORD,ATL,1810,2121,131.00,2.00,-18.00,0.00,0.00
2025-01-12,DL,569,SEA,ATL,0615,1358,283.00,10.00,-4.00,0.00,0.00
2025-01-12,DL,562,SEA,ATL,0845,1631,286.00,92.00,69.00,0.00,0.00
2025-01-12,DL,542,SEA,ATL,1200,1958,298.00,1.00,-11.00,0.00,0.00
2025-01-12,DL,567,SEA,ATL,1605,2350,285.00,2.00,22.00,0.00,0.00
2025-01-12,DL,652,SEA,ATL,2305,0647,282.00,71.00,63.00,0.00,0.00
2025-01-13,DL,849,ATL,BOS,0710,0947,157.00,0.00,-19.00,0.00,0.00
2025-01-13,DL,1178,ATL,ORD,0725,0835,130.00,-2.00,-14.00,0.00,0.00
2025-01-13,DL,996,ATL,LAX,0735,0950,315.00,-4.00,-7.00,0.00,0.00
2025-01-13,DL,444,ATL,SEA,0758,1045,347.00,0.00,-4.00,0.00,0.00
2025-01-13,DL,346,ATL,DEN,0820,0946,206.00,36.00,42.00,0.00,0.00
2025-01-13,DL,1147,ATL,ORD,0848,0955,127.00,-6.00,-14.00,0.00,0.00
2025-01-13,DL,898,ATL,LAX,0855,1055,300.00,-3.00,-15.00,0.00,0.00
2025-01-13,DL,995,ATL,DEN,0945,1112,207.00,-4.00,29.00,0.00,0.00
2025-01-13,DL,774,ATL,SEA,0945,1231,346.00,21.00,9.00,0.00,0.00
2025-01-13,DL,855,ATL,BOS,1000,1237,157.00,3.00,-20.00,0.00,0.00
2025-01-13,DL,501,ATL,LAX,1039,1250,311.00,60.00,39.00,0.00,0.00
2025-01-13,DL,862,ATL,BOS,1105,1339,154.00,10.00,-5.00,0.00,0.00
2025-01-13,DL,396,ATL,DEN,1121,1248,207.00,0.00,6.00,0.00,0.00
2025-01-13,DL,629,ATL,SEA,1138,1418,340.00,-1.00,-19.00,0.00,0.00
2025-01-13,DL,350,ATL,BOS,1215,1445,150.00,21.00,3.00,0.00,0.00
2025-01-13,DL,895,ATL,LAX,1240,1444,304.00,90.00,93.00,0.00,0.00
2025-01-13,DL,1477,ATL,ORD,1242,1345,123.00,29.00,20.00,0.00,0.00
2025-01-13,DL,530,ATL,DEN,1305,1425,200.00,39.00,45.00,0.00,0.00
2025-01-13,DL,753,ATL,LAX,1410,1619,309.00,-1.00,-8.00,0.00,0.00
2025-01-13,DL,519,ATL,DEN,1428,1549,201.00,-5.00,-7.00,0.00,0.00
2025-01-13,DL,726,ATL,BOS,1435,1708,153.00,1.00,-7.00,0.00,0.00
2025-01-13,DL,1219,ATL,LAX,1515,1722,307.00,4.00,-2.00,0.00,0.00
2025-01-13,DL,481,ATL,SEA,1522,1800,338.00,16.00,-5.00,0.00,0.00
2025-01-13,DL,976,ATL,ORD,1530,1635,125.00,37.00,27.00,0.00,0.00
2025-01-13,DL,821,ATL,BOS,1610,1845,155.00,22.00,0.00,0.00,0.00
2025-01-13,DL,301,ATL,LAX,1650,1857,307.00,-8.00,-16.00,0.00,0.00
2025-01-13,DL,300,ATL,BOS,1755,2031,156.00,17.00,-2.00,0.00,0.00
2025-01-13,DL,746,ATL,DEN,1815,1943,208.00,-6.00,-2.00,0.00,0.00
2025-01-13,DL,500,ATL,LAX,1825,2040,315.00,-3.00,-14.00,0.00,0.00
2025-01-13,DL,472,ATL,SEA,1923,2207,344.00,-1.00,-11.00,0.00,0.00
2025-01-13,DL,1139,ATL,ORD,1945,2048,123.00,1.00,-10.00,0.00,0.00
2025-01-13,DL,518,ATL,BOS,1955,2231,156.00,-2.00,-24.00,0.00,0.00
2025-01-13,DL,493,ATL,DEN,2120,2246,206.00,0.00,17.00,0.00,0.00
2025-01-13,DL,331,ATL,LAX,2140,2347,307.00,5.00,6.00,0.00,0.00
2025-01-13,DL,865,ATL,BOS,2225,0058,153.00,-6.00,-27.00,0.00,0.00
2025-01-13,DL,1199,ATL,ORD,2259,2359,120.00,-3.00,-2.00,0.00,0.00
2025-01-13,DL,695,BOS,ATL,0540,0848,188.00,19.00,27.00,0.00,0.00
2025-01-13,DL,923,BOS,ATL,0655,1000,185.00,3.00,16.00,0.00,0.00
2025-01-13,DL,456,BOS,ATL,0805,1112,187.00,17.00,13.00,0.00,0.00
2025-01-13,DL,973,BOS,ATL,0945,1249,184.00,-2.00,0.00,0.00,0.00
2025-01-13,DL,376,BOS,ATL,1145,1446,181.00,9.00,10.00,0.00,0.00
2025-01-13,DL,322,BOS,ATL,1347,1645,178.00,9.00,15.00,0.00,0.00
2025-01-13,DL,399,BOS,ATL,1550,1852,182.00,16.00,17.00,0.00,0.00
2025-01-13,DL,385,BOS,ATL,1819,2134,195.00,-2.00,-8.00,0.00,0.00
2025-01-13,DL,900,BOS,ATL,2025,2336,191.00,-5.00,-12.00,0.00,0.00
2025-01-13,DL,341,DEN,ATL,0600,1053,173.00,47.00,43.00,0.00,0.00
2025-01-13,DL,431,DEN,ATL,0710,1200,170.00,50.00,45.00,0.00,0.00
2025-01-13,DL,346,DEN,ATL,1051,1542,171.00,325.00,308.00,0.00,0.00
2025-01-13,DL,995,DEN,ATL,1217,1705,168.00,26.00,13.00,0.00,0.00
2025-01-13,DL,396,DEN,ATL,1353,1845,172.00,12.00,-7.00,0.00,0.00
2025-01-13,DL,530,DEN,ATL,1530,2029,179.00,298.00,292.00,0.00,0.00
2025-01-13,DL,519,DEN,ATL,1654,2149,175.00,-11.00,-23.00,0.00,0.00
2025-01-13,DL,390,LAX,ATL,0615,1324,249.00,2.00,-17.00,0.00,0.00
2025-01-13,DL,327,LAX,ATL,0715,1425,250.00,-4.00,-17.00,0.00,0.00
2025-01-13,DL,515,LAX,ATL,0825,1535,250.00,-5.00,-14.00,0.00,0.00
2025-01-13,DL,528,LAX,ATL,1056,1813,257.00,0.00,-16.00,0.00,0.00
2025-01-13,DL,395,LAX,ATL,1225,1930,245.00,-1.00,-19.00,0.00,0.00
2025-01-13,DL,715,LAX,ATL,1415,2132,257.00,36.00,14.00,0.00,0.00
2025-01-13,DL,471,LAX,ATL,1730,0039,249.00,-9.00,-20.00,0.00,0.00
2025-01-13,DL,446,LAX,ATL,2155,0504,249.00,-8.00,-36.00,0.00,0.00
2025-01-13,DL,899,LAX,ATL,2255,0558,243.00,11.00,-5.00,0.00,0.00
2025-01-13,DL,1264,ORD,ATL,0545,0853,128.00,-10.00,-24.00,0.00,0.00
2025-01-13,DL,1247,ORD,ATL,0705,1013,128.00,-8.00,-24.00,0.00,0.00
2025-01-13,DL,1178,ORD,ATL,0935,1237,122.00,-9.00,-29.00,0.00,0.00
2025-01-13,DL,1147,ORD,ATL,1105,1403,118.00,-3.00,-7.00,0.00,0.00
2025-01-13,DL,1477,ORD,ATL,1455,1753,118.00,23.00,5.00,0.00,0.00
2025-01-13,DL,976,ORD,ATL,1755,2105,130.00,6.00,-13.00,0.00,0.00
2025-01-13,DL,569,SEA,ATL,0615,1358,283.00,20.00,8.00,0.00,0.00
2025-01-13,DL,562,SEA,ATL,0845,1631,286.00,1.00,-13.00,0.00,0.00
2025-01-13,DL,542,SEA,ATL,1200,1958,298.00,-3.00,-25.00,0.00,0.00
2025-01-13,DL,567,SEA,ATL,1605,2350,285.00,0.00,-5.00,0.00,0.00
2025-01-13,DL,652,SEA,ATL,2305,0647,282.00,9.00,27.00,0.00,0.00
2025-01-14,DL,849,ATL,BOS,0710,0947,157.00,-5.00,-14.00,0.00,0.00
2025-01-14,DL,996,ATL,LAX,0735,0950,315.00,-2.00,-8.00,0.00,0.00
2025-01-14,DL,444,ATL,SEA,0758,1045,347.00,179.00,148.00,0.00,0.00
2025-01-14,DL,346,ATL,DEN,0820,0946,206.00,4.00,11.00,0.00,0.00
2025-01-14,DL,1147,ATL,ORD,0848,0955,127.00,-4.00,-4.00,0.00,0.00
2025-01-14,DL,898,ATL,LAX,0855,1055,300.00,16.00,10.00,0.00,0.00
2025-01-14,DL,995,ATL,DEN,0945,1112,207.00,-6.00,-4.00,0.00,0.00
2025-01-14,DL,774,ATL,SEA,0945,1231,346.00,-5.00,-31.00,0.00,0.00
2025-01-14,DL,855,ATL,BOS,1000,1237,157.00,9.00,-18.00,0.00,0.00
2025-01-14,DL,501,ATL,LAX,1039,1250,311.00,0.00,1.00,0.00,0.00
2025-01-14,DL,862,ATL,BOS,1105,1339,154.00,-9.00,-36.00,0.00,0.00
2025-01-14,DL,396,ATL,DEN,1121,1248,207.00,-8.00,-12.00,0.00,0.00
2025-01-14,DL,629,ATL,SEA,1138,1418,340.00,-2.00,-17.00,0.00,0.00
2025-01-14,DL,350,ATL,BOS,1215,1445,150.00,-3.00,-27.00,0.00,0.00
2025-01-14,DL,895,ATL,LAX,1240,1444,304.00,30.00,20.00,0.00,0.00
2025-01-14,DL,1477,ATL,ORD,1242,1345,123.00,7.00,-5.00,0.00,0.00
2025-01-14,DL,530,ATL,DEN,1305,1425,200.00,-8.00,-1.00,0.00,0.00
2025-01-14,DL,753,ATL,LAX,1410,1619,309.00,10.00,-6.00,0.00,0.00
2025-01-14,DL,519,ATL,DEN,1428,1549,201.00,-7.00,2.00,0.00,0.00
2025-01-14,DL,726,ATL,BOS,1435,1708,153.00,-5.00,-26.00,0.00,0.00
2025-01-14,DL,976,ATL,ORD,1445,1545,120.00,-4.00,-6.00,0.00,0.00
2025-01-14,DL,1219,ATL,LAX,1515,1722,307.00,1.00,11.00,0.00,0.00
2025-01-14,DL,481,ATL,SEA,1522,1800,338.00,-2.00,-13.00,0.00,0.00
2025-01-14,DL,301,ATL,LAX,1650,1857,307.00,-1.00,-15.00,0.00,0.00
2025-01-14,DL,2879,ATL,ORD,1740,1849,129.00,-1.00,-2.00,0.00,0.00
2025-01-14,DL,300,ATL,BOS,1755,2031,156.00,-5.00,-28.00,0.00,0.00
2025-01-14,DL,746,ATL,DEN,1815,1943,208.00,-2.00,2.00,0.00,0.00
2025-01-14,DL,500,ATL,LAX,1825,2040,315.00,18.00,-7.00,0.00,0.00
2025-01-14,DL,472,ATL,SEA,1923,2207,344.00,22.00,-4.00,0.00,0.00
2025-01-14,DL,518,ATL,BOS,1955,2231,156.00,-4.00,-31.00,0.00,0.00
2025-01-14,DL,331,ATL,LAX,2115,2326,311.00,0.00,10.00,0.00,0.00
2025-01-14,DL,865,ATL,BOS,2225,0058,153.00,1.00,-15.00,0.00,0.00
2025-01-14,DL,1199,ATL,ORD,2259,2359,120.00,-11.00,-19.00,0.00,0.00
2025-01-14,DL,695,BOS,ATL,0540,0848,188.00,-7.00,-13.00,0.00,0.00
2025-01-14,DL,923,BOS,ATL,0655,1000,185.00,-6.00,4.00,0.00,0.00
2025-01-14,DL,456,BOS,ATL,0805,1112,187.00,-6.00,-9.00,0.00,0.00
2025-01-14,DL,973,BOS,ATL,0945,1249,184.00,-6.00,-9.00,0.00,0.00
2025-01-14,DL,376,BOS,ATL,1145,1446,181.00,109.00,97.00,0.00,0.00
2025-01-14,DL,322,BOS,ATL,1347,1645,178.00,-3.00,-5.00,0.00,0.00
2025-01-14,DL,399,BOS,ATL,1550,1852,182.00,4.00,14.00,0.00,0.00
2025-01-14,DL,385,BOS,ATL,1835,2148,193.00,-2.00,-15.00,0.00,0.00
2025-01-14,DL,341,DEN,ATL,0600,1053,173.00,-6.00,-15.00,0.00,0.00
2025-01-14,DL,431,DEN,ATL,0710,1200,170.00,-4.00,-7.00,0.00,0.00
2025-01-14,DL,346,DEN,ATL,1051,1542,171.00,2.00,-4.00,0.00,0.00
2025-01-14,DL,995,DEN,ATL,1217,1705,168.00,-9.00,-22.00,0.00,0.00
2025-01-14,DL,396,DEN,ATL,1353,1845,172.00,-2.00,-24.00,0.00,0.00
2025-01-14,DL,530,DEN,ATL,1530,2029,179.00,1.00,-13.00,0.00,0.00
2025-01-14,DL,390,LAX,ATL,0615,1324,249.00,28.00,3.00,0.00,0.00
2025-01-14,DL,327,LAX,ATL,0715,1425,250.00,-5.00,-19.00,0.00,0.00
2025-01-14,DL,515,LAX,ATL,0825,1535,250.00,144.00,123.00,0.00,0.00
2025-01-14,DL,528,LAX,ATL,1056,1813,257.00,40.00,25.00,0.00,0.00
2025-01-14,DL,395,LAX,ATL,1225,1930,245.00,1.00,-1.00,0.00,0.00
2025-01-14,DL,715,LAX,ATL,1415,2132,257.00,-9.00,-32.00,0.00,0.00
2025-01-14,DL,471,LAX,ATL,1730,0039,249.00,-6.00,-14.00,0.00,0.00
2025-01-14,DL,446,LAX,ATL,2155,0504,249.00,-8.00,-24.00,0.00,0.00
2025-01-14,DL,899,LAX,ATL,2255,0558,243.00,-9.00,-24.00,0.00,0.00
2025-01-14,DL,1264,ORD,ATL,0545,0853,128.00,-11.00,-4.00,0.00,0.00
2025-01-14,DL,1247,ORD,ATL,0705,1013,128.00,-7.00,13.00,0.00,0.00
2025-01-14,DL,1147,ORD,ATL,1105,1403,118.00,-5.00,16.00,0.00,0.00
2025-01-14,DL,1477,ORD,ATL,1455,1753,118.00,-5.00,-20.00,0.00,0.00
2025-01-14,DL,976,ORD,ATL,1755,2104,129.00,-5.00,-10.00,0.00,0.00
2025-01-14,DL,569,SEA,ATL,0615,1358,283.00,77.00,69.00,0.00,0.00
2025-01-14,DL,562,SEA,ATL,0845,1631,286.00,271.00,262.00,0.00,0.00
2025-01-14,DL,542,SEA,ATL,1200,1958,298.00,5.00,-6.00,0.00,0.00
2025-01-14,DL,567,SEA,ATL,1605,2350,285.00,-7.00,-19.00,0.00,0.00
2025-01-14,DL,652,SEA,ATL,2305,0647,282.00,32.00,18.00,0.00,0.00
2025-01-15,DL,849,ATL,BOS,0710,0947,157.00,-3.00,-20.00,0.00,0.00
2025-01-15,DL,996,ATL,LAX,0735,0950,315.00,-4.00,-37.00,0.00,0.00
2025-01-15,DL,444,ATL,SEA,0758,1045,347.00,0.00,-5.00,0.00,0.00
2025-01-15,DL,346,ATL,DEN,0820,0946,206.00,-3.00,-11.00,0.00,0.00
2025-01-15,DL,1147,ATL,ORD,0848,0955,127.00,-3.00,-10.00,0.00,0.00
2025-01-15,DL,898,ATL,LAX,0855,1055,300.00,4.00,-22.00,0.00,0.00
2025-01-15,DL,995,ATL,DEN,0945,1112,207.00,0.00,-8.00,0.00,0.00
2025-01-15,DL,774,ATL,SEA,0945,1231,346.00,0.00,-15.00,0.00,0.00
2025-01-15,DL,855,ATL,BOS,1000,1237,157.00,-7.00,-21.00,0.00,0.00
2025-01-15,DL,501,ATL,LAX,1039,1250,311.00,2.00,-22.00,0.00,0.00
2025-01-15,DL,862,ATL,BOS,1105,1339,154.00,-3.00,-19.00,0.00,0.00
2025-01-15,DL,396,ATL,DEN,1121,1248,207.00,-8.00,-15.00,0.00,0.00
2025-01-15,DL,629,ATL,SEA,1138,1418,340.00,5.00,-9.00,0.00,0.00
2025-01-15,DL,350,ATL,BOS,1215,1445,150.00,-5.00,-17.00,0.00,0.00
2025-01-15,DL,895,ATL,LAX,1240,1444,304.00,-4.00,-33.00,0.00,0.00
2025-01-15,DL,1477,ATL,ORD,1242,1345,123.00,-5.00,-17.00,0.00,0.00
2025-01-15,DL,530,ATL,DEN,1305,1425,200.00,5.00,-1.00,0.00,0.00
2025-01-15,DL,753,ATL,LAX,1410,1619,309.00,-1.00,-28.00,0.00,0.00
2025-01-15,DL,519,ATL,DEN,1428,1549,201.00,-5.00,-15.00,0.00,0.00
2025-01-15,DL,726,ATL,BOS,1435,1708,153.00,4.00,-1.00,0.00,0.00
2025-01-15,DL,976,ATL,ORD,1445,1545,120.00,-5.00,-10.00,0.00,0.00
2025-01-15,DL,1219,ATL,LAX,1515,1722,307.00,-7.00,-39.00,0.00,0.00
2025-01-15,DL,481,ATL,SEA,1522,1800,338.00,-2.00,-17.00,0.00,0.00
2025-01-15,DL,301,ATL,LAX,1650,1857,307.00,0.00,-31.00,0.00,0.00
2025-01-15,DL,2879,ATL,ORD,1740,1849,129.00,-4.00,-1.00,0.00,0.00
2025-01-15,DL,300,ATL,BOS,1755,2031,156.00,7.00,-9.00,0.00,0.00
2025-01-15,DL,746,ATL,DEN,1815,1943,208.00,-2.00,-19.00,0.00,0.00
2025-01-15,DL,500,ATL,LAX,1825,2040,315.00,4.00,-33.00,0.00,0.00
2025-01-15,DL,472,ATL,SEA,1923,2207,344.00,-1.00,-10.00,0.00,0.00
2025-01-15,DL,518,ATL,BOS,1955,2231,156.00,-3.00,-19.00,0.00,0.00
2025-01-15,DL,331,ATL,LAX,2105,2315,310.00,-3.00,-1.00,0.00,0.00
2025-01-15,DL,865,ATL,BOS,2225,0058,153.00,12.00,9.00,0.00,0.00
2025-01-15,DL,1199,ATL,ORD,2259,2359,120.00,0.00,-6.00,0.00,0.00
2025-01-15,DL,695,BOS,ATL,0540,0848,188.00,-4.00,-17.00,0.00,0.00
2025-01-15,DL,923,BOS,ATL,0655,1000,185.00,1.00,-16.00,0.00,0.00
2025-01-15,DL,456,BOS,ATL,0805,1112,187.00,-9.00,-16.00,0.00,0.00
2025-01-15,DL,973,BOS,ATL,0945,1249,184.00,53.00,33.00,0.00,0.00
2025-01-15,DL,376,BOS,ATL,1145,1446,181.00,0.00,-11.00,0.00,0.00
2025-01-15,DL,322,BOS,ATL,1347,1645,178.00,-1.00,-13.00,0.00,0.00
2025-01-15,DL,399,BOS,ATL,1550,1852,182.00,-1.00,-16.00,0.00,0.00
2025-01-15,DL,385,BOS,ATL,1835,2148,193.00,-4.00,-19.00,0.00,0.00
2025-01-15,DL,341,DEN,ATL,0600,1053,173.00,-3.00,-21.00,0.00,0.00
2025-01-15,DL,431,DEN,ATL,0710,1200,170.00,20.00,8.00,0.00,0.00
2025-01-15,DL,346,DEN,ATL,1051,1542,171.00,-5.00,-18.00,0.00,0.00
2025-01-15,DL,995,DEN,ATL,1217,1705,168.00,3.00,-10.00,0.00,0.00
2025-01-15,DL,396,DEN,ATL,1353,1845,172.00,-9.00,-21.00,0.00,0.00
2025-01-15,DL,530,DEN,ATL,1530,2029,179.00,7.00,-12.00,0.00,0.00
2025-01-15,DL,390,LAX,ATL,0615,1324,249.00,-5.00,-7.00,0.00,0.00
2025-01-15,DL,327,LAX,ATL,0715,1425,250.00,-8.00,-23.00,0.00,0.00
2025-01-15,DL,515,LAX,ATL,0825,1535,250.00,-4.00,-14.00,0.00,0.00
2025-01-15,DL,528,LAX,ATL,1056,1813,257.00,9.00,-10.00,0.00,0.00
2025-01-15,DL,395,LAX,ATL,1225,1930,245.00,30.00,18.00,0.00,0.00
2025-01-15,DL,715,LAX,ATL,1415,2132,257.00,12.00,-3.00,0.00,0.00
2025-01-15,DL,471,LAX,ATL,1730,0039,249.00,-6.00,-23.00,0.00,0.00
2025-01-15,DL,446,LAX,ATL,2155,0504,249.00,-7.00,-20.00,0.00,0.00
2025-01-15,DL,899,LAX,ATL,2255,0558,243.00,-6.00,-10.00,0.00,0.00
2025-01-15,DL,1264,ORD,ATL,0545,0853,128.00,0.00,-1.00,0.00,0.00
2025-01-15,DL,1247,ORD,ATL,0705,1013,128.00,-9.00,-25.00,0.00,0.00
2025-01-15,DL,1147,ORD,ATL,1105,1403,118.00,-7.00,-21.00,0.00,0.00
2025-01-15,DL,1477,ORD,ATL,1455,1753,118.00,0.00,-14.00,0.00,0.00
2025-01-15,DL,976,ORD,ATL,1755,2104,129.00,-7.00,-29.00,0.00,0.00
2025-01-15,DL,569,SEA,ATL,0615,1358,283.00,18.00,7.00,0.00,0.00
2025-01-15,DL,562,SEA,ATL,0845,1631,286.00,11.00,-8.00,0.00,0.00
2025-01-15,DL,542,SEA,ATL,1200,1958,298.00,-6.00,-14.00,0.00,0.00
2025-01-15,DL,567,SEA,ATL,1605,2350,285.00,-2.00,-17.00,0.00,0.00
2025-01-15,DL,652,SEA,ATL,2305,0647,282.00,-3.00,-25.00,0.00,0.00
2025-01-16,DL,849,ATL,BOS,0710,0947,157.00,4.00,-11.00,0.00,0.00
2025-01-16,DL,1178,ATL,ORD,0725,0835,130.00,-7.00,-12.00,0.00,0.00
2025-01-16,DL,996,ATL,LAX,0735,0950,315.00,3.00,-16.00,0.00,0.00
2025-01-16,DL,444,ATL,SEA,0758,1045,347.00,2.00,14.00,0.00,0.00
2025-01-16,DL,346,ATL,DEN,0820,0946,206.00,2.00,-5.00,0.00,0.00
2025-01-16,DL,1147,ATL,ORD,0848,0955,127.00,-5.00,-4.00,0.00,0.00
2025-01-16,DL,898,ATL,LAX,0855,1055,300.00,9.00,-8.00,0.00,0.00
2025-01-16,DL,995,ATL,DEN,0945,1112,207.00,-5.00,-10.00,0.00,0.00
2025-01-16,DL,774,ATL,SEA,0945,1231,346.00,39.00,54.00,0.00,0.00
2025-01-16,DL,855,ATL,BOS,1000,1237,157.00,7.00,-3.00,0.00,0.00
2025-01-16,DL,501,ATL,LAX,1039,1250,311.00,22.00,1.00,0.00,0.00
2025-01-16,DL,862,ATL,BOS,1105,1339,154.00,-5.00,-14.00,0.00,0.00
2025-01-16,DL,396,ATL,DEN,1121,1248,207.00,7.00,-10.00,0.00,0.00
2025-01-16,DL,629,ATL,SEA,1138,1418,340.00,28.00,19.00,0.00,0.00
2025-01-16,DL,350,ATL,BOS,1215,1445,150.00,-2.00,-12.00,0.00,0.00
2025-01-16,DL,895,ATL,LAX,1240,1444,304.00,1.00,-23.00,0.00,0.00
2025-01-16,DL,1477,ATL,ORD,1242,1345,123.00,3.00,11.00,0.00,0.00
2025-01-16,DL,530,ATL,DEN,1305,1425,200.00,-5.00,-10.00,0.00,0.00
2025-01-16,DL,753,ATL,LAX,1410,1619,309.00,-1.00,-32.00,0.00,0.00
2025-01-16,DL,519,ATL,DEN,1428,1549,201.00,-9.00,-18.00,0.00,0.00
2025-01-16,DL,726,ATL,BOS,1435,1708,153.00,-3.00,-6.00,0.00,0.00
2025-01-16,DL,1219,ATL,LAX,1515,1722,307.00,6.00,-15.00,0.00,0.00
2025-01-16,DL,481,ATL,SEA,1522,1800,338.00,9.00,10.00,0.00,0.00
2025-01-16,DL,976,ATL,ORD,1559,1704,125.00,-2.00,1.00,0.00,0.00
2025-01-16,DL,821,ATL,BOS,1610,1845,155.00,-6.00,-9.00,0.00,0.00
2025-01-16,DL,301,ATL,LAX,1650,1857,307.00,71.00,37.00,0.00,0.00
2025-01-16,DL,300,ATL,BOS,1755,2031,156.00,22.00,13.00,0.00,0.00
2025-01-16,DL,746,ATL,DEN,1815,1943,208.00,4.00,-15.00,0.00,0.00
2025-01-16,DL,500,ATL,LAX,1825,2040,315.00,0.00,-33.00,0.00,0.00
2025-01-16,DL,472,ATL,SEA,1923,2207,344.00,-2.00,-14.00,0.00,0.00
2025-01-16,DL,1139,ATL,ORD,1945,2048,123.00,-4.00,-5.00,0.00,0.00
2025-01-16,DL,518,ATL,BOS,1955,2231,156.00,-5.00,0.00,0.00,0.00
2025-01-16,DL,493,ATL,DEN,2120,2246,206.00,-7.00,-18.00,0.00,0.00
2025-01-16,DL,331,ATL,LAX,2140,2347,307.00,1.00,-4.00,0.00,0.00
2025-01-16,DL,865,ATL,BOS,2225,0058,153.00,-4.00,-10.00,0.00,0.00
2025-01-16,DL,695,BOS,ATL,0540,0848,188.00,-7.00,-24.00,0.00,0.00
2025-01-16,DL,923,BOS,ATL,0655,1000,185.00,-5.00,-14.00,0.00,0.00
2025-01-16,DL,456,BOS,ATL,0805,1112,187.00,-2.00,-31.00,0.00,0.00
2025-01-16,DL,973,BOS,ATL,0945,1249,184.00,-3.00,-33.00,0.00,0.00
2025-01-16,DL,376,BOS,ATL,1145,1446,181.00,-2.00,-22.00,0.00,0.00
2025-01-16,DL,322,BOS,ATL,1347,1645,178.00,-1.00,-29.00,0.00,0.00
2025-01-16,DL,399,BOS,ATL,1550,1852,182.00,3.00,-19.00,0.00,0.00
2025-01-16,DL,385,BOS,ATL,1819,2134,195.00,9.00,-23.00,0.00,0.00
2025-01-16,DL,900,BOS,ATL,2025,2336,191.00,-6.00,-50.00,0.00,0.00
2025-01-16,DL,341,DEN,ATL,0600,1053,173.00,-3.00,-16.00,0.00,0.00
2025-01-16,DL,431,DEN,ATL,0710,1200,170.00,-4.00,-13.00,0.00,0.00
2025-01-16,DL,346,DEN,ATL,1051,1542,171.00,4.00,-3.00,0.00,0.00
2025-01-16,DL,995,DEN,ATL,1217,1705,168.00,-1.00,-9.00,0.00,0.00
2025-01-16,DL,396,DEN,ATL,1353,1845,172.00,-6.00,-5.00,0.00,0.00
2025-01-16,DL,530,DEN,ATL,1530,2029,179.00,-3.00,-14.00,0.00,0.00
2025-01-16,DL,519,DEN,ATL,1654,2149,175.00,12.00,1.00,0.00,0.00
2025-01-16,DL,390,LAX,ATL,0615,1324,249.00,-3.00,-7.00,0.00,0.00
2025-01-16,DL,327,LAX,ATL,0715,1425,250.00,-2.00,-13.00,0.00,0.00
2025-01-16,DL,515,LAX,ATL,0825,1535,250.00,-10.00,-18.00,0.00,0.00
2025-01-16,DL,528,LAX,ATL,1056,1813,257.00,0.00,0.00,0.00,0.00
2025-01-16,DL,395,LAX,ATL,1225,1930,245.00,-4.00,25.00,0.00,0.00
2025-01-16,DL,715,LAX,ATL,1415,2132,257.00,196.00,177.00,0.00,0.00
2025-01-16,DL,471,LAX,ATL,1730,0039,249.00,-5.00,-21.00,0.00,0.00
2025-01-16,DL,446,LAX,ATL,2155,0504,249.00,-3.00,-11.00,0.00,0.00
2025-01-16,DL,899,LAX,ATL,2255,0558,243.00,5.00,-3.00,0.00,0.00
2025-01-16,DL,1264,ORD,ATL,0545,0853,128.00,-9.00,1.00,0.00,0.00
2025-01-16,DL,1247,ORD,ATL,0705,1013,128.00,-4.00,8.00,0.00,0.00
2025-01-16,DL,1178,ORD,ATL,0935,1237,122.00,3.00,-24.00,0.00,0.00
2025-01-16,DL,1147,ORD,ATL,1105,1403,118.00,-2.00,-24.00,0.00,0.00
2025-01-16,DL,1477,ORD,ATL,1455,1753,118.00,11.00,-4.00,0.00,0.00
2025-01-16,DL,976,ORD,ATL,1835,2144,129.00,21.00,-2.00,0.00,0.00
2025-01-16,DL,569,SEA,ATL,0615,1358,283.00,-2.00,-8.00,0.00,0.00
2025-01-16,DL,562,SEA,ATL,0845,1631,286.00,4.00,-9.00,0.00,0.00
2025-01-16,DL,542,SEA,ATL,1200,1958,298.00,6.00,-22.00,0.00,0.00
2025-01-16,DL,567,SEA,ATL,1605,2350,285.00,5.00,-1.00,0.00,0.00
2025-01-16,DL,652,SEA,ATL,2305,0647,282.00,16.00,-6.00,0.00,0.00
2025-01-17,DL,849,ATL,BOS,0710,0947,157.00,-5.00,-10.00,0.00,0.00
2025-01-17,DL,1178,ATL,ORD,0725,0835,130.00,-5.00,-19.00,0.00,0.00
2025-01-17,DL,996,ATL,LAX,0735,0950,315.00,-5.00,-43.00,0.00,0.00
2025-01-17,DL,444,ATL,SEA,0758,1045,347.00,-4.00,-32.00,0.00,0.00
2025-01-17,DL,346,ATL,DEN,0820,0946,206.00,-4.00,-24.00,0.00,0.00
2025-01-17,DL,1147,ATL,ORD,0848,0955,127.00,11.00,2.00,0.00,0.00
2025-01-17,DL,898,ATL,LAX,0855,1055,300.00,-1.00,-6.00,0.00,0.00
2025-01-17,DL,995,ATL,DEN,0945,1112,207.00,0.00,-15.00,0.00,0.00
2025-01-17,DL,774,ATL,SEA,0945,1231,346.00,26.00,30.00,0.00,0.00
2025-01-17,DL,855,ATL,BOS,1000,1237,157.00,3.00,2.00,0.00,0.00
2025-01-17,DL,501,ATL,LAX,1039,1250,311.00,4.00,-41.00,0.00,0.00
2025-01-17,DL,862,ATL,BOS,1105,1339,154.00,-5.00,-9.00,0.00,0.00
2025-01-17,DL,396,ATL,DEN,1121,1248,207.00,-1.00,-15.00,0.00,0.00
2025-01-17,DL,629,ATL,SEA,1138,1418,340.00,10.00,7.00,0.00,0.00
2025-01-17,DL,350,ATL,BOS,1215,1445,150.00,-3.00,-11.00,0.00,0.00
2025-01-17,DL,895,ATL,LAX,1240,1444,304.00,-3.00,-36.00,0.00,0.00
2025-01-17,DL,1477,ATL,ORD,1242,1345,123.00,-6.00,-14.00,0.00,0.00
2025-01-17,DL,530,ATL,DEN,1305,1425,200.00,-8.00,-13.00,0.00,0.00
2025-01-17,DL,753,ATL,LAX,1410,1619,309.00,-5.00,-40.00,0.00,0.00
2025-01-17,DL,519,ATL,DEN,1428,1549,201.00,-1.00,-5.00,0.00,0.00
2025-01-17,DL,726,ATL,BOS,1435,1708,153.00,6.00,-13.00,0.00,0.00
2025-01-17,DL,1219,ATL,LAX,1515,1722,307.00,-9.00,-18.00,0.00,0.00
2025-01-17,DL,481,ATL,SEA,1522,1800,338.00,28.00,8.00,0.00,0.00
2025-01-17,DL,821,ATL,BOS,1610,1845,155.00,4.00,0.00,0.00,0.00
2025-01-17,DL,301,ATL,LAX,1650,1857,307.00,-7.00,-24.00,0.00,0.00
2025-01-17,DL,300,ATL,BOS,1755,2031,156.00,3.00,-2.00,0.00,0.00
2025-01-17,DL,746,ATL,DEN,1815,1943,208.00,33.00,24.00,0.00,0.00
2025-01-17,DL,500,ATL,LAX,1825,2040,315.00,0.00,-17.00,0.00,0.00
2025-01-17,DL,472,ATL,SEA,1923,2207,344.00,35.00,16.00,0.00,0.00
2025-01-17,DL,1139,ATL,ORD,1945,2048,123.00,-4.00,-19.00,0.00,0.00
2025-01-17,DL,518,ATL,BOS,1955,2231,156.00,7.00,-9.00,0.00,0.00
2025-01-17,DL,493,ATL,DEN,2120,2246,206.00,-3.00,-13.00,0.00,0.00
2025-01-17,DL,331,ATL,LAX,2140,2347,307.00,0.00,6.00,0.00,0.00
2025-01-17,DL,865,ATL,BOS,2225,0058,153.00,0.00,-16.00,0.00,0.00
2025-01-17,DL,1199,ATL,ORD,2259,2359,120.00,3.00,-19.00,0.00,0.00
2025-01-17,DL,695,BOS,ATL,0540,0848,188.00,-3.00,-31.00,0.00,0.00
2025-01-17,DL,923,BOS,ATL,0655,1000,185.00,4.00,2.00,0.00,0.00
2025-01-17,DL,456,BOS,ATL,0805,1112,187.00,-1.00,-30.00,0.00,0.00
2025-01-17,DL,973,BOS,ATL,0945,1249,184.00,4.00,-29.00,0.00,0.00
2025-01-17,DL,376,BOS,ATL,1145,1446,181.00,-4.00,-25.00,0.00,0.00
2025-01-17,DL,322,BOS,ATL,1347,1645,178.00,0.00,-22.00,0.00,0.00
2025-01-17,DL,399,BOS,ATL,1550,1852,182.00,3.00,-14.00,0.00,0.00
2025-01-17,DL,385,BOS,ATL,1819,2134,195.00,3.00,-18.00,0.00,0.00
2025-01-17,DL,900,BOS,ATL,2025,2336,191.00,-7.00,-24.00,0.00,0.00
2025-01-17,DL,341,DEN,ATL,0600,1053,173.00,15.00,10.00,0.00,0.00
2025-01-17,DL,431,DEN,ATL,0710,1200,170.00,-1.00,-9.00,0.00,0.00
2025-01-17,DL,346,DEN,ATL,1051,1542,171.00,-6.00,-11.00,0.00,0.00
2025-01-17,DL,995,DEN,ATL,1217,1705,168.00,-6.00,-12.00,0.00,0.00
2025-01-17,DL,396,DEN,ATL,1353,1845,172.00,0.00,-4.00,0.00,0.00
2025-01-17,DL,530,DEN,ATL,1530,2029,179.00,14.00,-2.00,0.00,0.00
2025-01-17,DL,519,DEN,ATL,1654,2149,175.00,-5.00,5.00,0.00,0.00
2025-01-17,DL,390,LAX,ATL,0615,1324,249.00,13.00,-1.00,0.00,0.00
2025-01-17,DL,327,LAX,ATL,0715,1425,250.00,-2.00,-17.00,0.00,0.00
2025-01-17,DL,515,LAX,ATL,0825,1535,250.00,-8.00,-29.00,0.00,0.00
2025-01-17,DL,528,LAX,ATL,1056,1813,257.00,-4.00,-35.00,0.00,0.00
2025-01-17,DL,395,LAX,ATL,1225,1930,245.00,-4.00,-19.00,0.00,0.00
2025-01-17,DL,715,LAX,ATL,1415,2132,257.00,-5.00,-23.00,0.00,0.00
2025-01-17,DL,471,LAX,ATL,1730,0039,249.00,-8.00,-21.00,0.00,0.00
2025-01-17,DL,446,LAX,ATL,2155,0504,249.00,8.00,-21.00,0.00,0.00
2025-01-17,DL,899,LAX,ATL,2255,0558,243.00,-7.00,-18.00,0.00,0.00
2025-01-17,DL,1264,ORD,ATL,0545,0853,128.00,-2.00,-2.00,0.00,0.00
2025-01-17,DL,1247,ORD,ATL,0705,1013,128.00,0.00,2.00,0.00,0.00
2025-01-17,DL,1178,ORD,ATL,0935,1237,122.00,-8.00,-24.00,0.00,0.00
2025-01-17,DL,1147,ORD,ATL,1105,1403,118.00,1.00,-7.00,0.00,0.00
2025-01-17,DL,1477,ORD,ATL,1455,1753,118.00,-5.00,-16.00,0.00,0.00
2025-01-17,DL,976,ORD,ATL,1835,2144,129.00,25.00,11.00,0.00,0.00
2025-01-17,DL,569,SEA,ATL,0615,1358,283.00,63.00,47.00,0.00,0.00
2025-01-17,DL,562,SEA,ATL,0845,1631,286.00,8.00,7.00,0.00,0.00
2025-01-17,DL,542,SEA,ATL,1200,1958,298.00,31.00,11.00,0.00,0.00
2025-01-17,DL,567,SEA,ATL,1605,2350,285.00,45.00,17.00,0.00,0.00
2025-01-17,DL,652,SEA,ATL,2305,0647,282.00,2.00,-11.00,0.00,0.00
2025-01-18,DL,849,ATL,BOS,0710,0947,157.00,-1.00,-18.00,0.00,0.00
2025-01-18,DL,996,ATL,LAX,0735,0950,315.00,8.00,18.00,0.00,0.00
2025-01-18,DL,444,ATL,SEA,0758,1045,347.00,17.00,12.00,0.00,0.00
2025-01-18,DL,346,ATL,DEN,0820,0946,206.00,-5.00,-14.00,0.00,0.00
2025-01-18,DL,1147,ATL,ORD,0848,0955,127.00,-5.00,-18.00,0.00,0.00
2025-01-18,DL,898,ATL,LAX,0855,1055,300.00,0.00,12.00,0.00,0.00
2025-01-18,DL,995,ATL,DEN,0945,1112,207.00,-3.00,11.00,0.00,0.00
2025-01-18,DL,774,ATL,SEA,0945,1231,346.00,10.00,-13.00,0.00,0.00
2025-01-18,DL,855,ATL,BOS,1000,1237,157.00,29.00,5.00,0.00,0.00
2025-01-18,DL,501,ATL,LAX,1039,1250,311.00,0.00,-1.00,0.00,0.00
2025-01-18,DL,862,ATL,BOS,1105,1339,154.00,2.00,-19.00,0.00,0.00
2025-01-18,DL,396,ATL,DEN,1121,1248,207.00,-2.00,2.00,0.00,0.00
2025-01-18,DL,629,ATL,SEA,1138,1418,340.00,-1.00,-15.00,0.00,0.00
2025-01-18,DL,895,ATL,LAX,1240,1444,304.00,4.00,-1.00,0.00,0.00
2025-01-18,DL,1477,ATL,ORD,1243,1345,122.00,-5.00,-6.00,0.00,0.00
2025-01-18,DL,530,ATL,DEN,1305,1425,200.00,13.00,9.00,0.00,0.00
2025-01-18,DL,753,ATL,LAX,1410,1619,309.00,-3.00,-16.00,0.00,0.00
2025-01-18,DL,519,ATL,DEN,1428,1549,201.00,-3.00,-6.00,0.00,0.00
2025-01-18,DL,726,ATL,BOS,1435,1708,153.00,11.00,-1.00,0.00,0.00
2025-01-18,DL,1219,ATL,LAX,1515,1722,307.00,-1.00,1.00,0.00,0.00
2025-01-18,DL,481,ATL,SEA,1545,1827,342.00,-5.00,-26.00,0.00,0.00
2025-01-18,DL,301,ATL,LAX,1650,1857,307.00,-4.00,-9.00,0.00,0.00
2025-01-18,DL,2879,ATL,ORD,1740,1849,129.00,-6.00,-17.00,0.00,0.00
2025-01-18,DL,300,ATL,BOS,1755,2031,156.00,-5.00,-21.00,0.00,0.00
2025-01-18,DL,746,ATL,DEN,1815,1943,208.00,-9.00,-1.00,0.00,0.00
2025-01-18,DL,500,ATL,LAX,1825,2040,315.00,13.00,-11.00,0.00,0.00
2025-01-18,DL,472,ATL,SEA,1923,2207,344.00,1.00,-7.00,0.00,0.00
2025-01-18,DL,518,ATL,BOS,1955,2231,156.00,-1.00,-17.00,0.00,0.00
2025-01-18,DL,331,ATL,LAX,2059,2310,311.00,10.00,7.00,0.00,0.00
2025-01-18,DL,493,ATL,DEN,2120,2246,206.00,-2.00,-10.00,0.00,0.00
2025-01-18,DL,865,ATL,BOS,2225,0058,153.00,14.00,-1.00,0.00,0.00
2025-01-18,DL,1199,ATL,ORD,2259,2359,120.00,-5.00,-15.00,0.00,0.00
2025-01-18,DL,695,BOS,ATL,0540,0848,188.00,-5.00,-8.00,0.00,0.00
2025-01-18,DL,923,BOS,ATL,0655,1000,185.00,-5.00,-4.00,0.00,0.00
2025-01-18,DL,456,BOS,ATL,0805,1112,187.00,-2.00,-4.00,0.00,0.00
2025-01-18,DL,973,BOS,ATL,1000,1302,182.00,-4.00,-13.00,0.00,0.00
2025-01-18,DL,376,BOS,ATL,1200,1500,180.00,0.00,-10.00,0.00,0.00
2025-01-18,DL,399,BOS,ATL,1550,1852,182.00,-2.00,-13.00,0.00,0.00
2025-01-18,DL,385,BOS,ATL,1835,2148,193.00,15.00,-3.00,0.00,0.00
2025-01-18,DL,341,DEN,ATL,0600,1053,173.00,28.00,46.00,0.00,0.00
2025-01-18,DL,431,DEN,ATL,0710,1200,170.00,4.00,23.00,0.00,0.00
2025-01-18,DL,346,DEN,ATL,1051,1542,171.00,11.00,23.00,0.00,0.00
2025-01-18,DL,995,DEN,ATL,1217,1705,168.00,16.00,40.00,0.00,0.00
2025-01-18,DL,396,DEN,ATL,1353,1845,172.00,-1.00,-5.00,0.00,0.00
2025-01-18,DL,530,DEN,ATL,1530,2029,179.00,-2.00,-23.00,0.00,0.00
2025-01-18,DL,519,DEN,ATL,1654,2149,175.00,-8.00,-21.00,0.00,0.00
2025-01-18,DL,390,LAX,ATL,0615,1324,249.00,16.00,6.00,0.00,0.00
2025-01-18,DL,327,LAX,ATL,0715,1425,250.00,-4.00,-26.00,0.00,0.00
2025-01-18,DL,515,LAX,ATL,0825,1535,250.00,-7.00,-23.00,0.00,0.00
2025-01-18,DL,528,LAX,ATL,1056,1813,257.00,2.00,-12.00,0.00,0.00
2025-01-18,DL,395,LAX,ATL,1225,1930,245.00,17.00,-3.00,0.00,0.00
2025-01-18,DL,715,LAX,ATL,1415,2132,257.00,-8.00,-20.00,0.00,0.00
2025-01-18,DL,471,LAX,ATL,1730,0039,249.00,-16.00,-26.00,0.00,0.00
2025-01-18,DL,446,LAX,ATL,2155,0504,249.00,38.00,15.00,0.00,0.00
2025-01-18,DL,899,LAX,ATL,2255,0558,243.00,-7.00,-8.00,0.00,0.00
2025-01-18,DL,1264,ORD,ATL,0545,0853,128.00,-1.00,-11.00,0.00,0.00
2025-01-18,DL,1247,ORD,ATL,0705,1013,128.00,-7.00,-5.00,0.00,0.00
2025-01-18,DL,1147,ORD,ATL,1105,1403,118.00,-12.00,-24.00,0.00,0.00
2025-01-18,DL,1477,ORD,ATL,1455,1752,117.00,-3.00,-9.00,0.00,0.00
2025-01-18,DL,976,ORD,ATL,1710,2017,127.00,26.00,16.00,0.00,0.00
2025-01-18,DL,569,SEA,ATL,0615,1358,283.00,14.00,14.00,0.00,0.00
2025-01-18,DL,562,SEA,ATL,0845,1631,286.00,6.00,-12.00,0.00,0.00
2025-01-18,DL,542,SEA,ATL,1200,1958,298.00,3.00,-7.00,0.00,0.00
2025-01-18,DL,567,SEA,ATL,1605,2350,285.00,-6.00,-20.00,0.00,0.00
2025-01-18,DL,652,SEA,ATL,2305,0647,282.00,7.00,-11.00,0.00,0.00
2025-01-19,DL,849,ATL,BOS,0710,0947,157.00,-3.00,-25.00,0.00,0.00
2025-01-19,DL,996,ATL,LAX,0735,0950,315.00,3.00,2.00,0.00,0.00
2025-01-19,DL,444,ATL,SEA,0758,1045,347.00,-5.00,-14.00,0.00,0.00
2025-01-19,DL,346,ATL,DEN,0820,0946,206.00,-4.00,0.00,0.00,0.00
2025-01-19,DL,1147,ATL,ORD,0848,0955,127.00,-5.00,-18.00,0.00,0.00
2025-01-19,DL,898,ATL,LAX,0855,1055,300.00,2.00,-17.00,0.00,0.00
2025-01-19,DL,995,ATL,DEN,0945,1112,207.00,49.00,46.00,0.00,0.00
2025-01-19,DL,774,ATL,SEA,0945,1231,346.00,-2.00,-20.00,0.00,0.00
2025-01-19,DL,855,ATL,BOS,1000,1237,157.00,-6.00,-35.00,0.00,0.00
2025-01-19,DL,501,ATL,LAX,1039,1250,311.00,-5.00,-18.00,0.00,0.00
2025-01-19,DL,862,ATL,BOS,1105,1339,154.00,-5.00,-33.00,0.00,0.00
2025-01-19,DL,396,ATL,DEN,1121,1248,207.00,-1.00,-7.00,0.00,0.00
2025-01-19,DL,629,ATL,SEA,1138,1418,340.00,-5.00,-20.00,0.00,0.00
2025-01-19,DL,895,ATL,LAX,1240,1444,304.00,-11.00,-14.00,0.00,0.00
2025-01-19,DL,1477,ATL,ORD,1242,1345,123.00,-5.00,-17.00,0.00,0.00
2025-01-19,DL,530,ATL,DEN,1305,1425,200.00,-4.00,4.00,0.00,0.00
2025-01-19,DL,753,ATL,LAX,1410,1619,309.00,-8.00,-4.00,0.00,0.00
2025-01-19,DL,519,ATL,DEN,1428,1549,201.00,-3.00,-2.00,0.00,0.00
2025-01-19,DL,726,ATL,BOS,1435,1708,153.00,-4.00,-35.00,0.00,0.00
2025-01-19,DL,976,ATL,ORD,1445,1545,120.00,-2.00,-14.00,0.00,0.00
2025-01-19,DL,1219,ATL,LAX,1515,1722,307.00,14.00,10.00,0.00,0.00
2025-01-19,DL,481,ATL,SEA,1545,1827,342.00,977.00,945.00,0.00,0.00
2025-01-19,DL,301,ATL,LAX,1650,1857,307.00,-5.00,-11.00,0.00,0.00
2025-01-19,DL,1139,ATL,ORD,1740,1849,129.00,-6.00,-11.00,0.00,0.00
2025-01-19,DL,300,ATL,BOS,1755,2031,156.00,71.00,44.00,0.00,0.00
2025-01-19,DL,746,ATL,DEN,1815,1943,208.00,-5.00,-6.00,0.00,0.00
2025-01-19,DL,500,ATL,LAX,1825,2040,315.00,-5.00,-11.00,0.00,0.00
2025-01-19,DL,472,ATL,SEA,1923,2207,344.00,8.00,-1.00,0.00,0.00
2025-01-19,DL,518,ATL,BOS,1955,2231,156.00,91.00,66.00,0.00,0.00
2025-01-19,DL,331,ATL,LAX,2059,2310,311.00,26.00,43.00,0.00,0.00
2025-01-19,DL,493,ATL,DEN,2120,2246,206.00,3.00,10.00,0.00,0.00
2025-01-19,DL,865,ATL,BOS,2225,0058,153.00,2.00,-13.00,0.00,0.00
2025-01-19,DL,1199,ATL,ORD,2259,2359,120.00,-4.00,-16.00,0.00,0.00
2025-01-19,DL,695,BOS,ATL,0540,0848,188.00,0.00,-6.00,0.00,0.00
2025-01-19,DL,923,BOS,ATL,0655,1000,185.00,-4.00,-12.00,0.00,0.00
2025-01-19,DL,456,BOS,ATL,0805,1112,187.00,-3.00,-10.00,0.00,0.00
2025-01-19,DL,973,BOS,ATL,1000,1302,182.00,0.00,-7.00,0.00,0.00
2025-01-19,DL,376,BOS,ATL,1200,1500,180.00,55.00,60.00,0.00,0.00
2025-01-19,DL,399,BOS,ATL,1550,1852,182.00,-2.00,4.00,0.00,0.00
2025-01-19,DL,900,BOS,ATL,1805,2120,195.00,4.00,10.00,0.00,0.00
2025-01-19,DL,341,DEN,ATL,0600,1053,173.00,0.00,6.00,0.00,0.00
2025-01-19,DL,431,DEN,ATL,0710,1200,170.00,1.00,1.00,0.00,0.00
2025-01-19,DL,346,DEN,ATL,1051,1542,171.00,-1.00,-7.00,0.00,0.00
2025-01-19,DL,995,DEN,ATL,1217,1705,168.00,42.00,40.00,0.00,0.00
2025-01-19,DL,396,DEN,ATL,1353,1845,172.00,4.00,-2.00,0.00,0.00
2025-01-19,DL,530,DEN,ATL,1530,2029,179.00,8.00,11.00,0.00,0.00
2025-01-19,DL,519,DEN,ATL,1654,2149,175.00,-6.00,-10.00,0.00,0.00
2025-01-19,DL,390,LAX,ATL,0615,1324,249.00,0.00,-14.00,0.00,0.00
2025-01-19,DL,327,LAX,ATL,0715,1425,250.00,22.00,9.00,0.00,0.00
2025-01-19,DL,515,LAX,ATL,0825,1535,250.00,-5.00,-20.00,0.00,0.00
2025-01-19,DL,528,LAX,ATL,1056,1813,257.00,22.00,0.00,0.00,0.00
2025-01-19,DL,395,LAX,ATL,1225,1930,245.00,-4.00,-1.00,0.00,0.00
2025-01-19,DL,715,LAX,ATL,1415,2132,257.00,-6.00,-30.00,0.00,0.00
2025-01-19,DL,471,LAX,ATL,1730,0039,249.00,-5.00,-20.00,0.00,0.00
2025-01-19,DL,446,LAX,ATL,2155,0504,249.00,-4.00,-28.00,0.00,0.00
2025-01-19,DL,899,LAX,ATL,2255,0558,243.00,-7.00,-35.00,0.00,0.00
2025-01-19,DL,1264,ORD,ATL,0545,0853,128.00,-5.00,-24.00,0.00,0.00
2025-01-19,DL,1247,ORD,ATL,0705,1013,128.00,-3.00,-20.00,0.00,0.00
2025-01-19,DL,1147,ORD,ATL,1105,1403,118.00,1.00,3.00,0.00,0.00
2025-01-19,DL,1477,ORD,ATL,1455,1753,118.00,-4.00,-19.00,0.00,0.00
2025-01-19,DL,976,ORD,ATL,1710,2017,127.00,-1.00,-17.00,0.00,0.00
2025-01-19,DL,569,SEA,ATL,0615,1358,283.00,3.00,-11.00,0.00,0.00
2025-01-19,DL,562,SEA,ATL,0845,1631,286.00,13.00,-11.00,0.00,0.00
2025-01-19,DL,542,SEA,ATL,1200,1958,298.00,-1.00,-6.00,0.00,0.00
2025-01-19,DL,567,SEA,ATL,1605,2350,285.00,13.00,-12.00,0.00,0.00
2025-01-19,DL,652,SEA,ATL,2305,0647,282.00,18.00,-3.00,0.00,0.00
2025-01-20,DL,849,ATL,BOS,0710,0947,157.00,-1.00,-15.00,0.00,0.00
2025-01-20,DL,1178,ATL,ORD,0725,0835,130.00,-3.00,-16.00,0.00,0.00
2025-01-20,DL,996,ATL,LAX,0735,0950,315.00,-5.00,-5.00,0.00,0.00
2025-01-20,DL,444,ATL,SEA,0758,1045,347.00,26.00,6.00,0.00,0.00
2025-01-20,DL,346,ATL,DEN,0820,0946,206.00,38.00,52.00,0.00,0.00
2025-01-20,DL,1147,ATL,ORD,0848,0955,127.00,-6.00,-8.00,0.00,0.00
2025-01-20,DL,898,ATL,LAX,0855,1055,300.00,0.00,10.00,0.00,0.00
2025-01-20,DL,995,ATL,DEN,0945,1112,207.00,-5.00,4.00,0.00,0.00
2025-01-20,DL,774,ATL,SEA,0945,1231,346.00,-3.00,-28.00,0.00,0.00
2025-01-20,DL,855,ATL,BOS,1000,1237,157.00,-6.00,-24.00,0.00,0.00
2025-01-20,DL,501,ATL,LAX,1039,1250,311.00,-3.00,-9.00,0.00,0.00
2025-01-20,DL,862,ATL,BOS,1105,1339,154.00,22.00,0.00,0.00,0.00
2025-01-20,DL,396,ATL,DEN,1120,1247,207.00,32.00,38.00,0.00,0.00
2025-01-20,DL,629,ATL,SEA,1138,1418,340.00,10.00,-4.00,0.00,0.00
2025-01-20,DL,350,ATL,BOS,1215,1445,150.00,33.00,14.00,0.00,0.00
2025-01-20,DL,895,ATL,LAX,1240,1444,304.00,2.00,10.00,0.00,0.00
2025-01-20,DL,1477,ATL,ORD,1242,1345,123.00,-1.00,-6.00,0.00,0.00
2025-01-20,DL,530,ATL,DEN,1305,1425,200.00,24.00,35.00,0.00,0.00
2025-01-20,DL,753,ATL,LAX,1410,1619,309.00,33.00,38.00,0.00,0.00
2025-01-20,DL,519,ATL,DEN,1428,1549,201.00,11.00,24.00,0.00,0.00
2025-01-20,DL,726,ATL,BOS,1435,1708,153.00,27.00,11.00,0.00,0.00
2025-01-20,DL,976,ATL,ORD,1445,1545,120.00,21.00,21.00,0.00,0.00
2025-01-20,DL,1219,ATL,LAX,1515,1722,307.00,18.00,9.00,0.00,0.00
2025-01-20,DL,481,ATL,SEA,1522,1800,338.00,10.00,3.00,0.00,0.00
2025-01-20,DL,821,ATL,BOS,1610,1845,155.00,19.00,-10.00,0.00,0.00
2025-01-20,DL,2738,ATL,ORD,1625,1725,120.00,-6.00,-13.00,0.00,0.00
2025-01-20,DL,301,ATL,LAX,1650,1857,307.00,5.00,1.00,0.00,0.00
2025-01-20,DL,300,ATL,BOS,1755,2031,156.00,-3.00,-29.00,0.00,0.00
2025-01-20,DL,746,ATL,DEN,1815,1943,208.00,-1.00,1.00,0.00,0.00
2025-01-20,DL,500,ATL,LAX,1825,2040,315.00,1.00,-16.00,0.00,0.00
2025-01-20,DL,472,ATL,SEA,1923,2207,344.00,0.00,-18.00,0.00,0.00
2025-01-20,DL,1139,ATL,ORD,1945,2048,123.00,1.00,-14.00,0.00,0.00
2025-01-20,DL,319,ATL,LAX,1956,2206,310.00,11.00,1.00,0.00,0.00
2025-01-20,DL,518,ATL,BOS,2010,2247,157.00,46.00,20.00,0.00,0.00
2025-01-20,DL,493,ATL,DEN,2120,2246,206.00,18.00,21.00,0.00,0.00
2025-01-20,DL,331,ATL,LAX,2140,2349,309.00,6.00,-23.00,0.00,0.00
2025-01-20,DL,865,ATL,BOS,2225,0058,153.00,0.00,-20.00,0.00,0.00
2025-01-20,DL,1199,ATL,ORD,2259,2359,120.00,-2.00,-11.00,0.00,0.00
2025-01-20,DL,695,BOS,ATL,0540,0848,188.00,99.00,150.00,0.00,0.00
2025-01-20,DL,923,BOS,ATL,0655,1000,185.00,13.00,75.00,0.00,0.00
2025-01-20,DL,456,BOS,ATL,0805,1112,187.00,96.00,123.00,0.00,0.00
2025-01-20,DL,973,BOS,ATL,0945,1249,184.00,-2.00,90.00,0.00,0.00
2025-01-20,DL,376,BOS,ATL,1145,1446,181.00,-6.00,4.00,0.00,0.00
2025-01-20,DL,322,BOS,ATL,1347,1645,178.00,-5.00,1.00,0.00,0.00
2025-01-20,DL,399,BOS,ATL,1550,1852,182.00,22.00,36.00,0.00,0.00
2025-01-20,DL,385,BOS,ATL,1819,2134,195.00,10.00,13.00,0.00,0.00
2025-01-20,DL,900,BOS,ATL,2025,2336,191.00,-2.00,-2.00,0.00,0.00
2025-01-20,DL,341,DEN,ATL,0600,1053,173.00,11.00,23.00,0.00,0.00
2025-01-20,DL,431,DEN,ATL,0710,1200,170.00,17.00,27.00,0.00,0.00
2025-01-20,DL,346,DEN,ATL,1051,1542,171.00,60.00,48.00,0.00,0.00
2025-01-20,DL,995,DEN,ATL,1217,1705,168.00,27.00,10.00,0.00,0.00
2025-01-20,DL,396,DEN,ATL,1352,1844,172.00,39.00,15.00,0.00,0.00
2025-01-20,DL,530,DEN,ATL,1530,2029,179.00,49.00,22.00,0.00,0.00
2025-01-20,DL,519,DEN,ATL,1654,2149,175.00,30.00,11.00,0.00,0.00
2025-01-20,DL,390,LAX,ATL,0615,1324,249.00,32.00,23.00,0.00,0.00
2025-01-20,DL,327,LAX,ATL,0715,1425,250.00,-2.00,-30.00,0.00,0.00
2025-01-20,DL,515,LAX,ATL,0825,1535,250.00,-7.00,-12.00,0.00,0.00
2025-01-20,DL,528,LAX,ATL,1056,1813,257.00,-1.00,-41.00,0.00,0.00
2025-01-20,DL,395,LAX,ATL,1225,1930,245.00,14.00,-11.00,0.00,0.00
2025-01-20,DL,715,LAX,ATL,1415,2132,257.00,9.00,4.00,0.00,0.00
2025-01-20,DL,471,LAX,ATL,1730,0039,249.00,19.00,-3.00,0.00,0.00
2025-01-20,DL,446,LAX,ATL,2155,0504,249.00,-9.00,-25.00,0.00,0.00
2025-01-20,DL,899,LAX,ATL,2255,0558,243.00,34.00,50.00,0.00,0.00
2025-01-20,DL,320,LAX,ATL,2359,0708,249.00,-1.00,1.00,0.00,0.00
2025-01-20,DL,1264,ORD,ATL,0545,0853,128.00,0.00,-11.00,0.00,0.00
2025-01-20,DL,1247,ORD,ATL,0705,1013,128.00,-2.00,-21.00,0.00,0.00
2025-01-20,DL,1178,ORD,ATL,0935,1237,122.00,-8.00,-20.00,0.00,0.00
2025-01-20,DL,1147,ORD,ATL,1105,1403,118.00,0.00,-6.00,0.00,0.00
2025-01-20,DL,1477,ORD,ATL,1455,1753,118.00,14.00,5.00,0.00,0.00
2025-01-20,DL,976,ORD,ATL,1655,2000,125.00,11.00,12.00,0.00,0.00
2025-01-20,DL,2738,ORD,ATL,1835,2144,129.00,-7.00,-11.00,0.00,0.00
2025-01-20,DL,569,SEA,ATL,0615,1358,283.00,1.00,-25.00,0.00,0.00
2025-01-20,DL,562,SEA,ATL,0845,1631,286.00,21.00,22.00,0.00,0.00
2025-01-20,DL,542,SEA,ATL,1200,1958,298.00,3.00,-12.00,0.00,0.00
2025-01-20,DL,567,SEA,ATL,1605,2350,285.00,-4.00,-18.00,0.00,0.00
2025-01-20,DL,652,SEA,ATL,2305,0647,282.00,-1.00,-24.00,0.00,0.00
2025-01-21,DL,849,ATL,BOS,0710,0947,157.00,-5.00,-36.00,0.00,0.00
2025-01-21,DL,996,ATL,LAX,0735,0950,315.00,8.00,-11.00,0.00,0.00
2025-01-21,DL,444,ATL,SEA,0758,1045,347.00,22.00,20.00,0.00,0.00
2025-01-21,DL,346,ATL,DEN,0820,0946,206.00,-5.00,4.00,0.00,0.00
2025-01-21,DL,1147,ATL,ORD,0848,0955,127.00,41.00,22.00,0.00,0.00
2025-01-21,DL,898,ATL,LAX,0855,1055,300.00,4.00,-16.00,0.00,0.00
2025-01-21,DL,995,ATL,DEN,0945,1112,207.00,7.00,-3.00,0.00,0.00
2025-01-21,DL,774,ATL,SEA,0945,1231,346.00,48.00,61.00,0.00,0.00
2025-01-21,DL,855,ATL,BOS,1000,1237,157.00,4.00,-22.00,0.00,0.00
2025-01-21,DL,501,ATL,LAX,1039,1250,311.00,7.00,-13.00,0.00,0.00
2025-01-21,DL,862,ATL,BOS,1105,1339,154.00,169.00,138.00,0.00,0.00
2025-01-21,DL,396,ATL,DEN,1121,1248,207.00,15.00,11.00,0.00,0.00
2025-01-21,DL,629,ATL,SEA,1138,1418,340.00,61.00,53.00,0.00,0.00
2025-01-21,DL,350,ATL,BOS,1215,1445,150.00,18.00,-9.00,0.00,0.00
2025-01-21,DL,895,ATL,LAX,1240,1444,304.00,0.00,-8.00,0.00,0.00
2025-01-21,DL,1477,ATL,ORD,1242,1345,123.00,37.00,23.00,0.00,0.00
2025-01-21,DL,530,ATL,DEN,1305,1425,200.00,-1.00,-5.00,0.00,0.00
2025-01-21,DL,753,ATL,LAX,1410,1619,309.00,5.00,-6.00,0.00,0.00
2025-01-21,DL,519,ATL,DEN,1428,1549,201.00,46.00,163.00,0.00,0.00
2025-01-21,DL,726,ATL,BOS,1435,1708,153.00,19.00,37.00,0.00,0.00
2025-01-21,DL,976,ATL,ORD,1445,1545,120.00,-2.00,49.00,0.00,0.00
2025-01-21,DL,1219,ATL,LAX,1515,1722,307.00,3.00,50.00,0.00,0.00
2025-01-21,DL,481,ATL,SEA,1522,1800,338.00,1188.00,1190.00,0.00,0.00
2025-01-21,DL,301,ATL,LAX,1650,1857,307.00,1061.00,1108.00,0.00,0.00
2025-01-21,DL,2879,ATL,ORD,1740,1849,129.00,70.00,142.00,0.00,0.00
2025-01-21,DL,300,ATL,BOS,1755,2031,156.00,38.00,145.00,0.00,0.00
2025-01-21,DL,746,ATL,DEN,1815,1943,208.00,39.00,44.00,0.00,0.00
2025-01-21,DL,500,ATL,LAX,1825,2036,311.00,30.00,120.00,0.00,0.00
2025-01-21,DL,472,ATL,SEA,1923,2207,344.00,36.00,29.00,0.00,0.00
2025-01-21,DL,518,ATL,BOS,2010,2247,157.00,70.00,114.00,0.00,0.00
2025-01-21,DL,331,ATL,LAX,2059,2310,311.00,110.00,108.00,0.00,0.00
2025-01-21,DL,493,ATL,DEN,2120,2246,206.00,,,1.00,0.00
2025-01-21,DL,865,ATL,BOS,2225,0058,153.00,242.00,242.00,0.00,0.00
2025-01-21,DL,1199,ATL,ORD,2259,2359,120.00,30.00,24.00,0.00,0.00
2025-01-21,DL,695,BOS,ATL,0540,0848,188.00,-7.00,7.00,0.00,0.00
2025-01-21,DL,923,BOS,ATL,0655,1000,185.00,-4.00,16.00,0.00,0.00
2025-01-21,DL,456,BOS,ATL,0805,1112,187.00,-4.00,5.00,0.00,0.00
2025-01-21,DL,973,BOS,ATL,0945,1249,184.00,81.00,101.00,0.00,0.00
2025-01-21,DL,376,BOS,ATL,1145,1446,181.00,-3.00,19.00,0.00,0.00
2025-01-21,DL,322,BOS,ATL,1347,1645,178.00,2.00,38.00,0.00,0.00
2025-01-21,DL,399,BOS,ATL,1550,1852,182.00,54.00,176.00,0.00,0.00
2025-01-21,DL,385,BOS,ATL,1835,2148,193.00,,,1.00,0.00
2025-01-21,DL,341,DEN,ATL,0600,1053,173.00,1.00,-11.00,0.00,0.00
2025-01-21,DL,431,DEN,ATL,0710,1200,170.00,-2.00,-14.00,0.00,0.00
2025-01-21,DL,346,DEN,ATL,1051,1542,171.00,-2.00,-6.00,0.00,0.00
2025-01-21,DL,995,DEN,ATL,1217,1705,168.00,1.00,4.00,0.00,0.00
2025-01-21,DL,396,DEN,ATL,1353,1845,172.00,21.00,29.00,0.00,0.00
2025-01-21,DL,530,DEN,ATL,1530,2029,179.00,-4.00,108.00,0.00,0.00
2025-01-21,DL,519,DEN,ATL,1654,2149,175.00,,,1.00,0.00
2025-01-21,DL,390,LAX,ATL,0615,1324,249.00,43.00,41.00,0.00,0.00
2025-01-21,DL,327,LAX,ATL,0715,1425,250.00,-5.00,-5.00,0.00,0.00
2025-01-21,DL,515,LAX,ATL,0825,1535,250.00,-6.00,12.00,0.00,0.00
2025-01-21,DL,528,LAX,ATL,1056,1809,253.00,-3.00,-7.00,0.00,0.00
2025-01-21,DL,395,LAX,ATL,1225,1930,245.00,-4.00,138.00,0.00,0.00
2025-01-21,DL,715,LAX,ATL,1415,2132,257.00,-3.00,-10.00,0.00,0.00
2025-01-21,DL,471,LAX,ATL,1730,0039,249.00,-2.00,26.00,0.00,0.00
2025-01-21,DL,446,LAX,ATL,2155,0500,245.00,-2.00,-17.00,0.00,0.00
2025-01-21,DL,899,LAX,ATL,2255,0558,243.00,-8.00,-27.00,0.00,0.00
2025-01-21,DL,1264,ORD,ATL,0545,0853,128.00,140.00,125.00,0.00,0.00
2025-01-21,DL,1247,ORD,ATL,0705,1013,128.00,28.00,9.00,0.00,0.00
2025-01-21,DL,1178,ORD,ATL,0935,1237,122.00,0.00,-18.00,0.00,0.00
2025-01-21,DL,1147,ORD,ATL,1105,1403,118.00,7.00,-7.00,0.00,0.00
2025-01-21,DL,1477,ORD,ATL,1455,1753,118.00,10.00,9.00,0.00,0.00
2025-01-21,DL,976,ORD,ATL,1710,2017,127.00,,,1.00,0.00
2025-01-21,DL,569,SEA,ATL,0615,1358,283.00,-2.00,-17.00,0.00,0.00
2025-01-21,DL,562,SEA,ATL,0845,1631,286.00,17.00,13.00,0.00,0.00
2025-01-21,DL,542,SEA,ATL,1200,1958,298.00,16.00,7.00,0.00,0.00
2025-01-21,DL,567,SEA,ATL,1605,2350,285.00,-4.00,-3.00,0.00,0.00
2025-01-21,DL,652,SEA,ATL,2305,0647,282.00,-1.00,61.00,0.00,0.00
2025-01-22,DL,849,ATL,BOS,0710,0947,157.00,,,1.00,0.00
2025-01-22,DL,1178,ATL,ORD,0725,0835,130.00,21.00,46.00,0.00,0.00
2025-01-22,DL,996,ATL,LAX,0735,0950,315.00,5.00,32.00,0.00,0.00
2025-01-22,DL,444,ATL,SEA,0758,1045,347.00,101.00,138.00,0.00,0.00
2025-01-22,DL,346,ATL,DEN,0820,0946,206.00,,,1.00,0.00
2025-01-22,DL,1147,ATL,ORD,0848,0955,127.00,112.00,154.00,0.00,0.00
2025-01-22,DL,898,ATL,LAX,0855,1055,300.00,73.00,82.00,0.00,0.00
2025-01-22,DL,995,ATL,DEN,0945,1112,207.00,22.00,76.00,0.00,0.00
2025-01-22,DL,774,ATL,SEA,0945,1231,346.00,73.00,57.00,0.00,0.00
2025-01-22,DL,855,ATL,BOS,1000,1237,157.00,87.00,59.00,0.00,0.00
2025-01-22,DL,501,ATL,LAX,1039,1250,311.00,301.00,286.00,0.00,0.00
2025-01-22,DL,862,ATL,BOS,1105,1339,154.00,247.00,218.00,0.00,0.00
2025-01-22,DL,396,ATL,DEN,1121,1248,207.00,294.00,288.00,0.00,0.00
2025-01-22,DL,629,ATL,SEA,1138,1418,340.00,132.00,116.00,0.00,0.00
2025-01-22,DL,350,ATL,BOS,1215,1445,150.00,127.00,105.00,0.00,0.00
2025-01-22,DL,895,ATL,LAX,1240,1444,304.00,136.00,130.00,0.00,0.00
2025-01-22,DL,1477,ATL,ORD,1242,1345,123.00,,,1.00,0.00
2025-01-22,DL,530,ATL,DEN,1305,1425,200.00,,,1.00,0.00
2025-01-22,DL,753,ATL,LAX,1410,1619,309.00,89.00,92.00,0.00,0.00
2025-01-22,DL,519,ATL,DEN,1428,1549,201.00,200.00,206.00,0.00,0.00
2025-01-22,DL,726,ATL,BOS,1435,1708,153.00,98.00,83.00,0.00,0.00
2025-01-22,DL,976,ATL,ORD,1445,1545,120.00,90.00,84.00,0.00,0.00
2025-01-22,DL,1219,ATL,LAX,1515,1722,307.00,71.00,74.00,0.00,0.00
2025-01-22,DL,481,ATL,SEA,1522,1800,338.00,102.00,85.00,0.00,0.00
2025-01-22,DL,2738,ATL,ORD,1625,1725,120.00,21.00,47.00,0.00,0.00
2025-01-22,DL,301,ATL,LAX,1650,1857,307.00,27.00,19.00,0.00,0.00
2025-01-22,DL,300,ATL,BOS,1755,2031,156.00,15.00,-4.00,0.00,0.00
2025-01-22,DL,746,ATL,DEN,1815,1943,208.00,102.00,88.00,0.00,0.00
2025-01-22,DL,500,ATL,LAX,1825,2040,315.00,1.00,-13.00,0.00,0.00
2025-01-22,DL,472,ATL,SEA,1923,2207,344.00,0.00,-11.00,0.00,0.00
2025-01-22,DL,8771,ATL,LAX,1940,2150,310.00,98.00,111.00,0.00,0.00
2025-01-22,DL,1139,ATL,ORD,1945,2048,123.00,118.00,103.00,0.00,0.00
2025-01-22,DL,518,ATL,BOS,2010,2247,157.00,76.00,52.00,0.00,0.00
2025-01-22,DL,331,ATL,LAX,2105,2315,310.00,78.00,58.00,0.00,0.00
2025-01-22,DL,493,ATL,DEN,2120,2246,206.00,66.00,61.00,0.00,0.00
2025-01-22,DL,865,ATL,BOS,2225,0058,153.00,186.00,154.00,0.00,0.00
2025-01-22,DL,1199,ATL,ORD,2259,2359,120.00,2.00,-10.00,0.00,0.00
2025-01-22,DL,695,BOS,ATL,0540,0848,188.00,25.00,62.00,0.00,0.00
2025-01-22,DL,923,BOS,ATL,0655,1000,185.00,-7.00,,0.00,1.00
2025-01-22,DL,456,BOS,ATL,0805,1112,187.00,162.00,147.00,0.00,0.00
2025-01-22,DL,973,BOS,ATL,0945,1249,184.00,116.00,94.00,0.00,0.00
2025-01-22,DL,376,BOS,ATL,1145,1446,181.00,54.00,34.00,0.00,0.00
2025-01-22,DL,322,BOS,ATL,1347,1645,178.00,56.00,63.00,0.00,0.00
2025-01-22,DL,399,BOS,ATL,1550,1852,182.00,0.00,-6.00,0.00,0.00
2025-01-22,DL,385,BOS,ATL,1835,2148,193.00,-5.00,-21.00,0.00,0.00
2025-01-22,DL,341,DEN,ATL,0600,1053,173.00,10.00,,1.00,0.00
2025-01-22,DL,431,DEN,ATL,0710,1200,170.00,,,1.00,0.00
2025-01-22,DL,346,DEN,ATL,1051,1542,171.00,25.00,7.00,0.00,0.00
2025-01-22,DL,995,DEN,ATL,1217,1705,168.00,72.00,59.00,0.00,0.00
2025-01-22,DL,396,DEN,ATL,1353,1845,172.00,135.00,115.00,0.00,0.00
2025-01-22,DL,530,DEN,ATL,1530,2029,179.00,274.00,244.00,0.00,0.00
2025-01-22,DL,519,DEN,ATL,1654,2149,175.00,105.00,88.00,0.00,0.00
2025-01-22,DL,390,LAX,ATL,0615,1324,249.00,86.00,62.00,0.00,0.00
2025-01-22,DL,327,LAX,ATL,0715,1425,250.00,20.00,-3.00,0.00,0.00
2025-01-22,DL,515,LAX,ATL,0825,1535,250.00,0.00,-10.00,0.00,0.00
2025-01-22,DL,528,LAX,ATL,1056,1813,257.00,13.00,-15.00,0.00,0.00
2025-01-22,DL,395,LAX,ATL,1225,1930,245.00,78.00,56.00,0.00,0.00
2025-01-22,DL,715,LAX,ATL,1415,2132,257.00,79.00,62.00,0.00,0.00
2025-01-22,DL,471,LAX,ATL,1730,0039,249.00,72.00,42.00,0.00,0.00
2025-01-22,DL,446,LAX,ATL,2155,0504,249.00,-5.00,-29.00,0.00,0.00
2025-01-22,DL,899,LAX,ATL,2255,0558,243.00,21.00,3.00,0.00,0.00
2025-01-22,DL,1264,ORD,ATL,0545,0853,128.00,-5.00,28.00,0.00,0.00
2025-01-22,DL,1247,ORD,ATL,0705,1013,128.00,177.00,170.00,0.00,0.00
2025-01-22,DL,1178,ORD,ATL,0935,1237,122.00,47.00,63.00,0.00,0.00
2025-01-22,DL,1147,ORD,ATL,1105,1403,118.00,146.00,142.00,0.00,0.00
2025-01-22,DL,1477,ORD,ATL,1455,1753,118.00,10.00,4.00,0.00,0.00
2025-01-22,DL,976,ORD,ATL,1710,2017,127.00,57.00,63.00,0.00,0.00
2025-01-22,DL,2738,ORD,ATL,1835,2144,129.00,36.00,32.00,0.00,0.00
2025-01-22,DL,569,SEA,ATL,0615,1358,283.00,75.00,79.00,0.00,0.00
2025-01-22,DL,562,SEA,ATL,0845,1631,286.00,2.00,-6.00,0.00,0.00
2025-01-22,DL,542,SEA,ATL,1200,1958,298.00,87.00,50.00,0.00,0.00
2025-01-22,DL,567,SEA,ATL,1605,2350,285.00,-9.00,-30.00,0.00,0.00
2025-01-22,DL,652,SEA,ATL,2305,0647,282.00,0.00,-25.00,0.00,0.00
2025-01-23,DL,849,ATL,BOS,0710,0947,157.00,-5.00,-28.00,0.00,0.00
2025-01-23,DL,1178,ATL,ORD,0725,0835,130.00,-3.00,-13.00,0.00,0.00
2025-01-23,DL,996,ATL,LAX,0735,0950,315.00,6.00,-17.00,0.00,0.00
2025-01-23,DL,444,ATL,SEA,0758,1045,347.00,-5.00,-19.00,0.00,0.00
2025-01-23,DL,346,ATL,DEN,0820,0946,206.00,14.00,11.00,0.00,0.00
2025-01-23,DL,1147,ATL,ORD,0848,0955,127.00,16.00,-4.00,0.00,0.00
2025-01-23,DL,898,ATL,LAX,0855,1055,300.00,20.00,41.00,0.00,0.00
2025-01-23,DL,995,ATL,DEN,0945,1112,207.00,-1.00,-11.00,0.00,0.00
2025-01-23,DL,774,ATL,SEA,0945,1231,346.00,18.00,-11.00,0.00,0.00
2025-01-23,DL,855,ATL,BOS,1000,1237,157.00,50.00,31.00,0.00,0.00
2025-01-23,DL,501,ATL,LAX,1039,1250,311.00,-1.00,-27.00,0.00,0.00
2025-01-23,DL,862,ATL,BOS,1105,1339,154.00,14.00,-3.00,0.00,0.00
2025-01-23,DL,396,ATL,DEN,1121,1248,207.00,-3.00,-10.00,0.00,0.00
2025-01-23,DL,629,ATL,SEA,1138,1418,340.00,0.00,-16.00,0.00,0.00
2025-01-23,DL,350,ATL,BOS,1215,1445,150.00,326.00,300.00,0.00,0.00
2025-01-23,DL,895,ATL,LAX,1240,1444,304.00,3.00,-12.00,0.00,0.00
2025-01-23,DL,1477,ATL,ORD,1242,1345,123.00,50.00,39.00,0.00,0.00
2025-01-23,DL,530,ATL,DEN,1305,1425,200.00,-6.00,-14.00,0.00,0.00
2025-01-23,DL,753,ATL,LAX,1410,1619,309.00,0.00,-19.00,0.00,0.00
2025-01-23,DL,519,ATL,DEN,1428,1549,201.00,-1.00,-9.00,0.00,0.00
2025-01-23,DL,726,ATL,BOS,1435,1708,153.00,23.00,4.00,0.00,0.00
2025-01-23,DL,976,ATL,ORD,1445,1545,120.00,-3.00,-13.00,0.00,0.00
2025-01-23,DL,1219,ATL,LAX,1515,1722,307.00,1.00,-28.00,0.00,0.00
2025-01-23,DL,481,ATL,SEA,1522,1800,338.00,36.00,41.00,0.00,0.00
2025-01-23,DL,821,ATL,BOS,1610,1845,155.00,27.00,9.00,0.00,0.00
2025-01-23,DL,2738,ATL,ORD,1625,1725,120.00,-8.00,-15.00,0.00,0.00
2025-01-23,DL,301,ATL,LAX,1650,1857,307.00,13.00,2.00,0.00,0.00
2025-01-23,DL,300,ATL,BOS,1755,2031,156.00,-4.00,-34.00,0.00,0.00
2025-01-23,DL,746,ATL,DEN,1815,1943,208.00,-2.00,-10.00,0.00,0.00
2025-01-23,DL,500,ATL,LAX,1825,2040,315.00,-4.00,-34.00,0.00,0.00
2025-01-23,DL,472,ATL,SEA,1923,2207,344.00,-3.00,-3.00,0.00,0.00
2025-01-23,DL,1139,ATL,ORD,1945,2048,123.00,40.00,33.00,0.00,0.00
2025-01-23,DL,319,ATL,LAX,1956,2206,310.00,32.00,13.00,0.00,0.00
2025-01-23,DL,518,ATL,BOS,2010,2245,155.00,48.00,22.00,0.00,0.00
2025-01-23,DL,493,ATL,DEN,2120,2246,206.00,9.00,4.00,0.00,0.00
2025-01-23,DL,331,ATL,LAX,2140,2349,309.00,17.00,-1.00,0.00,0.00
2025-01-23,DL,865,ATL,BOS,2225,0058,153.00,36.00,16.00,0.00,0.00
2025-01-23,DL,1199,ATL,ORD,2259,2359,120.00,-9.00,-19.00,0.00,0.00
2025-01-23,DL,695,BOS,ATL,0540,0848,188.00,-1.00,39.00,0.00,0.00
2025-01-23,DL,923,BOS,ATL,0655,1000,185.00,-3.00,0.00,0.00,0.00
2025-01-23,DL,456,BOS,ATL,0805,1112,187.00,1.00,12.00,0.00,0.00
2025-01-23,DL,973,BOS,ATL,0945,1249,184.00,-3.00,9.00,0.00,0.00
2025-01-23,DL,376,BOS,ATL,1145,1446,181.00,1.00,1.00,0.00,0.00
2025-01-23,DL,322,BOS,ATL,1347,1645,178.00,34.00,45.00,0.00,0.00
2025-01-23,DL,399,BOS,ATL,1550,1852,182.00,-2.00,13.00,0.00,0.00
2025-01-23,DL,385,BOS,ATL,1819,2134,195.00,8.00,30.00,0.00,0.00
2025-01-23,DL,900,BOS,ATL,2025,2336,191.00,-6.00,-3.00,0.00,0.00
2025-01-23,DL,341,DEN,ATL,0600,1053,173.00,-3.00,6.00,0.00,0.00
2025-01-23,DL,431,DEN,ATL,0710,1200,170.00,7.00,-10.00,0.00,0.00
2025-01-23,DL,346,DEN,ATL,1051,1542,171.00,16.00,-1.00,0.00,0.00
2025-01-23,DL,995,DEN,ATL,1217,1705,168.00,-2.00,-17.00,0.00,0.00
2025-01-23,DL,396,DEN,ATL,1353,1845,172.00,-2.00,-11.00,0.00,0.00
2025-01-23,DL,530,DEN,ATL,1530,2029,179.00,-5.00,-29.00,0.00,0.00
2025-01-23,DL,519,DEN,ATL,1654,2149,175.00,-5.00,-13.00,0.00,0.00
2025-01-23,DL,390,LAX,ATL,0615,1324,249.00,-4.00,-18.00,0.00,0.00
2025-01-23,DL,327,LAX,ATL,0715,1425,250.00,-5.00,-24.00,0.00,0.00
2025-01-23,DL,515,LAX,ATL,0825,1535,250.00,0.00,-8.00,0.00,0.00
2025-01-23,DL,528,LAX,ATL,1056,1813,257.00,14.00,5.00,0.00,0.00
2025-01-23,DL,395,LAX,ATL,1225,1930,245.00,22.00,26.00,0.00,0.00
2025-01-23,DL,715,LAX,ATL,1415,2132,257.00,-4.00,-27.00,0.00,0.00
2025-01-23,DL,471,LAX,ATL,1730,0039,249.00,58.00,43.00,0.00,0.00
2025-01-23,DL,446,LAX,ATL,2155,0504,249.00,-5.00,-16.00,0.00,0.00
2025-01-23,DL,899,LAX,ATL,2255,0558,243.00,-4.00,-12.00,0.00,0.00
2025-01-23,DL,320,LAX,ATL,2359,0708,249.00,3.00,13.00,0.00,0.00
2025-01-23,DL,1264,ORD,ATL,0545,0853,128.00,-3.00,17.00,0.00,0.00
2025-01-23,DL,1247,ORD,ATL,0705,1013,128.00,-7.00,13.00,0.00,0.00
2025-01-23,DL,1178,ORD,ATL,0935,1237,122.00,-4.00,-10.00,0.00,0.00
2025-01-23,DL,1147,ORD,ATL,1105,1403,118.00,46.00,34.00,0.00,0.00
2025-01-23,DL,1477,ORD,ATL,1455,1753,118.00,33.00,19.00,0.00,0.00
2025-01-23,DL,976,ORD,ATL,1655,2001,126.00,6.00,-12.00,0.00,0.00
2025-01-23,DL,2738,ORD,ATL,1835,2144,129.00,3.00,-1.00,0.00,0.00
2025-01-23,DL,569,SEA,ATL,0615,1358,283.00,56.00,54.00,0.00,0.00
2025-01-23,DL,562,SEA,ATL,0845,1631,286.00,78.00,67.00,0.00,0.00
2025-01-23,DL,542,SEA,ATL,1200,1958,298.00,3.00,-16.00,0.00,0.00
2025-01-23,DL,567,SEA,ATL,1605,2350,285.00,21.00,7.00,0.00,0.00
2025-01-23,DL,652,SEA,ATL,2305,0647,282.00,0.00,-18.00,0.00,0.00
2025-01-24,DL,849,ATL,BOS,0710,0947,157.00,-3.00,-31.00,0.00,0.00
2025-01-24,DL,1178,ATL,ORD,0725,0835,130.00,5.00,-14.00,0.00,0.00
2025-01-24,DL,996,ATL,LAX,0735,0950,315.00,-5.00,4.00,0.00,0.00
2025-01-24,DL,444,ATL,SEA,0758,1045,347.00,8.00,-18.00,0.00,0.00
2025-01-24,DL,346,ATL,DEN,0820,0946,206.00,-4.00,26.00,0.00,0.00
2025-01-24,DL,1147,ATL,ORD,0848,0955,127.00,-7.00,11.00,0.00,0.00
2025-01-24,DL,898,ATL,LAX,0855,1055,300.00,-3.00,3.00,0.00,0.00
2025-01-24,DL,995,ATL,DEN,0945,1112,207.00,14.00,20.00,0.00,0.00
2025-01-24,DL,774,ATL,SEA,0945,1231,346.00,9.00,3.00,0.00,0.00
2025-01-24,DL,855,ATL,BOS,1000,1237,157.00,47.00,18.00,0.00,0.00
2025-01-24,DL,501,ATL,LAX,1039,1250,311.00,35.00,27.00,0.00,0.00
2025-01-24,DL,862,ATL,BOS,1105,1339,154.00,-1.00,-29.00,0.00,0.00
2025-01-24,DL,396,ATL,DEN,1121,1248,207.00,-6.00,0.00,0.00,0.00
2025-01-24,DL,629,ATL,SEA,1138,1418,340.00,100.00,89.00,0.00,0.00
2025-01-24,DL,350,ATL,BOS,1215,1445,150.00,8.00,-19.00,0.00,0.00
2025-01-24,DL,895,ATL,LAX,1240,1444,304.00,-1.00,-21.00,0.00,0.00
2025-01-24,DL,1477,ATL,ORD,1242,1345,123.00,-2.00,-7.00,0.00,0.00
2025-01-24,DL,530,ATL,DEN,1305,1425,200.00,23.00,11.00,0.00,0.00
2025-01-24,DL,753,ATL,LAX,1410,1619,309.00,6.00,-5.00,0.00,0.00
2025-01-24,DL,519,ATL,DEN,1428,1549,201.00,124.00,137.00,0.00,0.00
2025-01-24,DL,726,ATL,BOS,1435,1708,153.00,21.00,4.00,0.00,0.00
2025-01-24,DL,976,ATL,ORD,1445,1545,120.00,32.00,36.00,0.00,0.00
2025-01-24,DL,1219,ATL,LAX,1515,1722,307.00,-3.00,-29.00,0.00,0.00
2025-01-24,DL,481,ATL,SEA,1522,1800,338.00,-1.00,5.00,0.00,0.00
2025-01-24,DL,821,ATL,BOS,1610,1845,155.00,38.00,25.00,0.00,0.00
2025-01-24,DL,2738,ATL,ORD,1625,1725,120.00,24.00,21.00,0.00,0.00
2025-01-24,DL,301,ATL,LAX,1650,1857,307.00,4.00,12.00,0.00,0.00
2025-01-24,DL,300,ATL,BOS,1755,2031,156.00,-4.00,-16.00,0.00,0.00
2025-01-24,DL,746,ATL,DEN,1815,1943,208.00,14.00,18.00,0.00,0.00
2025-01-24,DL,500,ATL,LAX,1825,2040,315.00,-5.00,14.00,0.00,0.00
2025-01-24,DL,472,ATL,SEA,1923,2207,344.00,-1.00,-1.00,0.00,0.00
2025-01-24,DL,1139,ATL,ORD,1945,2048,123.00,0.00,1.00,0.00,0.00
2025-01-24,DL,319,ATL,LAX,1956,2206,310.00,1.00,-13.00,0.00,0.00
2025-01-24,DL,518,ATL,BOS,2010,2247,157.00,0.00,-16.00,0.00,0.00
2025-01-24,DL,493,ATL,DEN,2120,2246,206.00,1.00,-16.00,0.00,0.00
2025-01-24,DL,331,ATL,LAX,2140,2351,311.00,-2.00,-2.00,0.00,0.00
2025-01-24,DL,865,ATL,BOS,2225,0058,153.00,16.00,1.00,0.00,0.00
2025-01-24,DL,1199,ATL,ORD,2259,2359,120.00,-5.00,-6.00,0.00,0.00
2025-01-24,DL,695,BOS,ATL,0540,0848,188.00,-3.00,10.00,0.00,0.00
2025-01-24,DL,923,BOS,ATL,0655,1000,185.00,-5.00,10.00,0.00,0.00
2025-01-24,DL,456,BOS,ATL,0805,1109,184.00,2.00,13.00,0.00,0.00
2025-01-24,DL,973,BOS,ATL,0945,1249,184.00,12.00,26.00,0.00,0.00
2025-01-24,DL,376,BOS,ATL,1145,1446,181.00,12.00,18.00,0.00,0.00
2025-01-24,DL,322,BOS,ATL,1347,1645,178.00,23.00,5.00,0.00,0.00
2025-01-24,DL,399,BOS,ATL,1550,1852,182.00,1.00,-5.00,0.00,0.00
2025-01-24,DL,385,BOS,ATL,1819,2134,195.00,-1.00,-16.00,0.00,0.00
2025-01-24,DL,900,BOS,ATL,2025,2336,191.00,-17.00,-47.00,0.00,0.00
2025-01-24,DL,341,DEN,ATL,0600,1053,173.00,-5.00,2.00,0.00,0.00
2025-01-24,DL,431,DEN,ATL,0710,1200,170.00,2.00,-4.00,0.00,0.00
2025-01-24,DL,346,DEN,ATL,1051,1542,171.00,29.00,28.00,0.00,0.00
2025-01-24,DL,995,DEN,ATL,1217,1705,168.00,23.00,15.00,0.00,0.00
2025-01-24,DL,396,DEN,ATL,1353,1845,172.00,-1.00,-21.00,0.00,0.00
2025-01-24,DL,530,DEN,ATL,1530,2029,179.00,25.00,2.00,0.00,0.00
2025-01-24,DL,519,DEN,ATL,1654,2149,175.00,122.00,98.00,0.00,0.00
2025-01-24,DL,390,LAX,ATL,0615,1324,249.00,-4.00,-12.00,0.00,0.00
2025-01-24,DL,327,LAX,ATL,0715,1425,250.00,-6.00,-8.00,0.00,0.00
2025-01-24,DL,515,LAX,ATL,0825,1535,250.00,66.00,71.00,0.00,0.00
2025-01-24,DL,528,LAX,ATL,1056,1813,257.00,-2.00,-20.00,0.00,0.00
2025-01-24,DL,395,LAX,ATL,1225,1930,245.00,-7.00,-4.00,0.00,0.00
2025-01-24,DL,715,LAX,ATL,1415,2132,257.00,-1.00,0.00,0.00,0.00
2025-01-24,DL,471,LAX,ATL,1730,0039,249.00,-8.00,-17.00,0.00,0.00
2025-01-24,DL,446,LAX,ATL,2155,0504,249.00,13.00,-4.00,0.00,0.00
2025-01-24,DL,899,LAX,ATL,2255,0558,243.00,17.00,18.00,0.00,0.00
2025-01-24,DL,320,LAX,ATL,2359,0709,250.00,27.00,14.00,0.00,0.00
2025-01-24,DL,1264,ORD,ATL,0545,0853,128.00,221.00,199.00,0.00,0.00
2025-01-24,DL,1247,ORD,ATL,0705,1013,128.00,-5.00,2.00,0.00,0.00
2025-01-24,DL,1178,ORD,ATL,0935,1237,122.00,11.00,25.00,0.00,0.00
2025-01-24,DL,1147,ORD,ATL,1105,1403,118.00,-10.00,-28.00,0.00,0.00
2025-01-24,DL,1477,ORD,ATL,1455,1753,118.00,-6.00,-28.00,0.00,0.00
2025-01-24,DL,976,ORD,ATL,1655,2001,126.00,30.00,3.00,0.00,0.00
2025-01-24,DL,2738,ORD,ATL,1835,2144,129.00,17.00,1.00,0.00,0.00
2025-01-24,DL,569,SEA,ATL,0615,1358,283.00,5.00,-18.00,0.00,0.00
2025-01-24,DL,562,SEA,ATL,0845,1631,286.00,-1.00,-12.00,0.00,0.00
2025-01-24,DL,542,SEA,ATL,1200,1958,298.00,2.00,-34.00,0.00,0.00
2025-01-24,DL,567,SEA,ATL,1605,2350,285.00,-7.00,-26.00,0.00,0.00
2025-01-24,DL,652,SEA,ATL,2305,0647,282.00,13.00,-2.00,0.00,0.00
2025-01-25,DL,849,ATL,BOS,0710,0947,157.00,80.00,106.00,0.00,0.00
2025-01-25,DL,996,ATL,LAX,0735,0950,315.00,-6.00,-13.00,0.00,0.00
2025-01-25,DL,444,ATL,SEA,0758,1045,347.00,-3.00,-23.00,0.00,0.00
2025-01-25,DL,346,ATL,DEN,0820,0946,206.00,-7.00,7.00,0.00,0.00
2025-01-25,DL,1147,ATL,ORD,0848,0955,127.00,-5.00,-15.00,0.00,0.00
2025-01-25,DL,898,ATL,LAX,0855,1055,300.00,4.00,15.00,0.00,0.00
2025-01-25,DL,995,ATL,DEN,0945,1112,207.00,-2.00,13.00,0.00,0.00
2025-01-25,DL,774,ATL,SEA,0945,1231,346.00,21.00,7.00,0.00,0.00
2025-01-25,DL,855,ATL,BOS,1000,1237,157.00,-3.00,-14.00,0.00,0.00
2025-01-25,DL,501,ATL,LAX,1039,1250,311.00,33.00,31.00,0.00,0.00
2025-01-25,DL,862,ATL,BOS,1105,1339,154.00,40.00,25.00,0.00,0.00
2025-01-25,DL,396,ATL,DEN,1121,1248,207.00,9.00,8.00,0.00,0.00
2025-01-25,DL,629,ATL,SEA,1138,1418,340.00,4.00,-1.00,0.00,0.00
2025-01-25,DL,895,ATL,LAX,1240,1444,304.00,126.00,120.00,0.00,0.00
2025-01-25,DL,1477,ATL,ORD,1243,1345,122.00,-5.00,-12.00,0.00,0.00
2025-01-25,DL,530,ATL,DEN,1305,1425,200.00,3.00,9.00,0.00,0.00
2025-01-25,DL,753,ATL,LAX,1410,1619,309.00,-3.00,-17.00,0.00,0.00
2025-01-25,DL,519,ATL,DEN,1428,1549,201.00,-1.00,17.00,0.00,0.00
2025-01-25,DL,726,ATL,BOS,1435,1708,153.00,9.00,-7.00,0.00,0.00
2025-01-25,DL,976,ATL,ORD,1445,1545,120.00,-4.00,-5.00,0.00,0.00
2025-01-25,DL,1219,ATL,LAX,1515,1722,307.00,-1.00,-5.00,0.00,0.00
2025-01-25,DL,481,ATL,SEA,1545,1827,342.00,-6.00,-24.00,0.00,0.00
2025-01-25,DL,301,ATL,LAX,1650,1857,307.00,0.00,-2.00,0.00,0.00
2025-01-25,DL,2879,ATL,ORD,1740,1849,129.00,-7.00,3.00,0.00,0.00
2025-01-25,DL,300,ATL,BOS,1755,2031,156.00,1.00,-11.00,0.00,0.00
2025-01-25,DL,746,ATL,DEN,1815,1943,208.00,-5.00,-19.00,0.00,0.00
2025-01-25,DL,500,ATL,LAX,1825,2040,315.00,17.00,2.00,0.00,0.00
2025-01-25,DL,472,ATL,SEA,1923,2207,344.00,-3.00,-8.00,0.00,0.00
2025-01-25,DL,518,ATL,BOS,2010,2247,157.00,2.00,-14.00,0.00,0.00
2025-01-25,DL,331,ATL,LAX,2059,2310,311.00,15.00,21.00,0.00,0.00
2025-01-25,DL,493,ATL,DEN,2120,2246,206.00,-7.00,-18.00,0.00,0.00
2025-01-25,DL,865,ATL,BOS,2225,0058,153.00,-1.00,-6.00,0.00,0.00
2025-01-25,DL,1199,ATL,ORD,2259,2359,120.00,11.00,1.00,0.00,0.00
2025-01-25,DL,695,BOS,ATL,0540,0848,188.00,-4.00,-32.00,0.00,0.00
2025-01-25,DL,923,BOS,ATL,0655,1000,185.00,-2.00,-10.00,0.00,0.00
2025-01-25,DL,456,BOS,ATL,0805,1112,187.00,-4.00,-21.00,0.00,0.00
2025-01-25,DL,973,BOS,ATL,1000,1302,182.00,-6.00,-17.00,0.00,0.00
2025-01-25,DL,376,BOS,ATL,1200,1500,180.00,-4.00,-17.00,0.00,0.00
2025-01-25,DL,399,BOS,ATL,1550,1852,182.00,0.00,-14.00,0.00,0.00
2025-01-25,DL,385,BOS,ATL,1835,2148,193.00,1.00,-23.00,0.00,0.00
2025-01-25,DL,341,DEN,ATL,0600,1053,173.00,15.00,46.00,0.00,0.00
2025-01-25,DL,431,DEN,ATL,0710,1200,170.00,0.00,48.00,0.00,0.00
2025-01-25,DL,346,DEN,ATL,1051,1542,171.00,10.00,34.00,0.00,0.00
2025-01-25,DL,995,DEN,ATL,1217,1705,168.00,19.00,28.00,0.00,0.00
2025-01-25,DL,396,DEN,ATL,1353,1845,172.00,91.00,103.00,0.00,0.00
2025-01-25,DL,530,DEN,ATL,1530,2029,179.00,29.00,17.00,0.00,0.00
2025-01-25,DL,519,DEN,ATL,1654,2149,175.00,10.00,-4.00,0.00,0.00
2025-01-25,DL,390,LAX,ATL,0615,1324,249.00,-5.00,-5.00,0.00,0.00
2025-01-25,DL,327,LAX,ATL,0715,1425,250.00,-7.00,-25.00,0.00,0.00
2025-01-25,DL,515,LAX,ATL,0825,1535,250.00,-5.00,-17.00,0.00,0.00
2025-01-25,DL,528,LAX,ATL,1056,1813,257.00,-3.00,-31.00,0.00,0.00
2025-01-25,DL,395,LAX,ATL,1225,1930,245.00,-1.00,-7.00,0.00,0.00
2025-01-25,DL,715,LAX,ATL,1415,2132,257.00,10.00,-19.00,0.00,0.00
2025-01-25,DL,471,LAX,ATL,1730,0039,249.00,-9.00,-30.00,0.00,0.00
2025-01-25,DL,446,LAX,ATL,2155,0504,249.00,0.00,-26.00,0.00,0.00
2025-01-25,DL,899,LAX,ATL,2255,0558,243.00,139.00,114.00,0.00,0.00
2025-01-25,DL,1264,ORD,ATL,0545,0853,128.00,-2.00,-24.00,0.00,0.00
2025-01-25,DL,1247,ORD,ATL,0705,1013,128.00,-4.00,-26.00,0.00,0.00
2025-01-25,DL,1147,ORD,ATL,1105,1403,118.00,0.00,-12.00,0.00,0.00
2025-01-25,DL,1477,ORD,ATL,1455,1752,117.00,-7.00,-23.00,0.00,0.00
2025-01-25,DL,976,ORD,ATL,1710,2017,127.00,-4.00,-22.00,0.00,0.00
2025-01-25,DL,569,SEA,ATL,0615,1358,283.00,37.00,25.00,0.00,0.00
2025-01-25,DL,562,SEA,ATL,0845,1631,286.00,41.00,19.00,0.00,0.00
2025-01-25,DL,542,SEA,ATL,1200,1958,298.00,11.00,-7.00,0.00,0.00
2025-01-25,DL,567,SEA,ATL,1605,2350,285.00,-6.00,-1.00,0.00,0.00
2025-01-25,DL,652,SEA,ATL,2305,0647,282.00,52.00,45.00,0.00,0.00
2025-01-26,DL,849,ATL,BOS,0710,0947,157.00,-7.00,-26.00,0.00,0.00
2025-01-26,DL,1178,ATL,ORD,0725,0835,130.00,-7.00,-22.00,0.00,0.00
2025-01-26,DL,996,ATL,LAX,0735,0950,315.00,2.00,7.00,0.00,0.00
2025-01-26,DL,444,ATL,SEA,0758,1045,347.00,-1.00,-25.00,0.00,0.00
2025-01-26,DL,346,ATL,DEN,0820,0946,206.00,-3.00,-7.00,0.00,0.00
2025-01-26,DL,1147,ATL,ORD,0848,0955,127.00,-5.00,-16.00,0.00,0.00
2025-01-26,DL,898,ATL,LAX,0855,1055,300.00,-2.00,-10.00,0.00,0.00
2025-01-26,DL,995,ATL,DEN,0945,1112,207.00,-4.00,5.00,0.00,0.00
2025-01-26,DL,774,ATL,SEA,0945,1231,346.00,1.00,-12.00,0.00,0.00
2025-01-26,DL,855,ATL,BOS,1000,1237,157.00,-6.00,-18.00,0.00,0.00
2025-01-26,DL,501,ATL,LAX,1039,1250,311.00,32.00,38.00,0.00,0.00
2025-01-26,DL,862,ATL,BOS,1105,1339,154.00,1.00,-10.00,0.00,0.00
2025-01-26,DL,396,ATL,DEN,1121,1248,207.00,-5.00,25.00,0.00,0.00
2025-01-26,DL,629,ATL,SEA,1138,1418,340.00,9.00,-19.00,0.00,0.00
2025-01-26,DL,350,ATL,BOS,1215,1445,150.00,-1.00,-10.00,0.00,0.00
2025-01-26,DL,895,ATL,LAX,1240,1444,304.00,1.00,10.00,0.00,0.00
2025-01-26,DL,1477,ATL,ORD,1242,1345,123.00,-5.00,-8.00,0.00,0.00
2025-01-26,DL,530,ATL,DEN,1305,1425,200.00,34.00,28.00,0.00,0.00
2025-01-26,DL,753,ATL,LAX,1410,1619,309.00,11.00,23.00,0.00,0.00
2025-01-26,DL,519,ATL,DEN,1428,1549,201.00,-7.00,-4.00,0.00,0.00
2025-01-26,DL,726,ATL,BOS,1435,1708,153.00,-2.00,-8.00,0.00,0.00
2025-01-26,DL,976,ATL,ORD,1445,1545,120.00,3.00,1.00,0.00,0.00
2025-01-26,DL,1219,ATL,LAX,1515,1722,307.00,-5.00,13.00,0.00,0.00
2025-01-26,DL,481,ATL,SEA,1522,1800,338.00,-1.00,-19.00,0.00,0.00
2025-01-26,DL,821,ATL,BOS,1610,1845,155.00,-7.00,-14.00,0.00,0.00
2025-01-26,DL,2738,ATL,ORD,1625,1725,120.00,5.00,4.00,0.00,0.00
2025-01-26,DL,301,ATL,LAX,1650,1857,307.00,-7.00,1.00,0.00,0.00
2025-01-26,DL,300,ATL,BOS,1755,2031,156.00,-6.00,-22.00,0.00,0.00
2025-01-26,DL,746,ATL,DEN,1815,1943,208.00,-5.00,-5.00,0.00,0.00
2025-01-26,DL,500,ATL,LAX,1825,2040,315.00,0.00,,0.00,1.00
2025-01-26,DL,472,ATL,SEA,1923,2207,344.00,-6.00,-38.00,0.00,0.00
2025-01-26,DL,1139,ATL,ORD,1945,2048,123.00,-2.00,-15.00,0.00,0.00
2025-01-26,DL,319,ATL,LAX,1959,2209,310.00,41.00,87.00,0.00,0.00
2025-01-26,DL,518,ATL,BOS,2010,2247,157.00,-7.00,-26.00,0.00,0.00
2025-01-26,DL,493,ATL,DEN,2120,2246,206.00,186.00,192.00,0.00,0.00
2025-01-26,DL,331,ATL,LAX,2140,2349,309.00,-6.00,21.00,0.00,0.00
2025-01-26,DL,865,ATL,BOS,2225,0058,153.00,28.00,9.00,0.00,0.00
2025-01-26,DL,1199,ATL,ORD,2259,2359,120.00,-3.00,-8.00,0.00,0.00
2025-01-26,DL,695,BOS,ATL,0540,0848,188.00,-4.00,-15.00,0.00,0.00
2025-01-26,DL,923,BOS,ATL,0655,1000,185.00,26.00,19.00,0.00,0.00
2025-01-26,DL,456,BOS,ATL,0805,1112,187.00,4.00,-6.00,0.00,0.00
2025-01-26,DL,973,BOS,ATL,0945,1249,184.00,-5.00,-7.00,0.00,0.00
2025-01-26,DL,376,BOS,ATL,1145,1446,181.00,12.00,8.00,0.00,0.00
2025-01-26,DL,322,BOS,ATL,1347,1645,178.00,3.00,4.00,0.00,0.00
2025-01-26,DL,399,BOS,ATL,1550,1852,182.00,-1.00,-8.00,0.00,0.00
2025-01-26,DL,385,BOS,ATL,1819,2134,195.00,0.00,-4.00,0.00,0.00
2025-01-26,DL,900,BOS,ATL,2025,2336,191.00,5.00,-10.00,0.00,0.00
2025-01-26,DL,341,DEN,ATL,0600,1053,173.00,-3.00,-4.00,0.00,0.00
2025-01-26,DL,431,DEN,ATL,0710,1200,170.00,36.00,37.00,0.00,0.00
2025-01-26,DL,346,DEN,ATL,1051,1542,171.00,-7.00,-1.00,0.00,0.00
2025-01-26,DL,995,DEN,ATL,1217,1705,168.00,14.00,14.00,0.00,0.00
2025-01-26,DL,396,DEN,ATL,1353,1845,172.00,26.00,3.00,0.00,0.00
2025-01-26,DL,530,DEN,ATL,1530,2029,179.00,23.00,-3.00,0.00,0.00
2025-01-26,DL,519,DEN,ATL,1654,2149,175.00,2.00,9.00,0.00,0.00
2025-01-26,DL,390,LAX,ATL,0615,1324,249.00,2.00,-24.00,0.00,0.00
2025-01-26,DL,327,LAX,ATL,0715,1425,250.00,-2.00,-40.00,0.00,0.00
2025-01-26,DL,515,LAX,ATL,0825,1535,250.00,-5.00,-28.00,0.00,0.00
2025-01-26,DL,528,LAX,ATL,1056,1813,257.00,23.00,-14.00,0.00,0.00
2025-01-26,DL,395,LAX,ATL,1225,1930,245.00,-3.00,-29.00,0.00,0.00
2025-01-26,DL,715,LAX,ATL,1415,2132,257.00,23.00,5.00,0.00,0.00
2025-01-26,DL,471,LAX,ATL,1730,0039,249.00,30.00,31.00,0.00,0.00
2025-01-26,DL,446,LAX,ATL,2155,0504,249.00,58.00,68.00,0.00,0.00
2025-01-26,DL,899,LAX,ATL,2255,0558,243.00,156.00,144.00,0.00,0.00
2025-01-26,DL,320,LAX,ATL,2359,0708,249.00,102.00,107.00,0.00,0.00
2025-01-26,DL,1264,ORD,ATL,0545,0853,128.00,-8.00,-36.00,0.00,0.00
2025-01-26,DL,1247,ORD,ATL,0705,1013,128.00,-11.00,-31.00,0.00,0.00
2025-01-26,DL,1178,ORD,ATL,0945,1247,122.00,-6.00,-31.00,0.00,0.00
2025-01-26,DL,1147,ORD,ATL,1105,1403,118.00,-2.00,-14.00,0.00,0.00
2025-01-26,DL,1477,ORD,ATL,1455,1753,118.00,0.00,-15.00,0.00,0.00
2025-01-26,DL,976,ORD,ATL,1655,2001,126.00,6.00,-17.00,0.00,0.00
2025-01-26,DL,2738,ORD,ATL,1835,2144,129.00,-6.00,2.00,0.00,0.00
2025-01-26,DL,569,SEA,ATL,0615,1358,283.00,-10.00,-22.00,0.00,0.00
2025-01-26,DL,562,SEA,ATL,0845,1631,286.00,1.00,-3.00,0.00,0.00
2025-01-26,DL,542,SEA,ATL,1200,1958,298.00,-1.00,-7.00,0.00,0.00
2025-01-26,DL,567,SEA,ATL,1605,2350,285.00,-3.00,-4.00,0.00,0.00
2025-01-26,DL,652,SEA,ATL,2305,0647,282.00,9.00,0.00,0.00,0.00
2025-01-27,DL,849,ATL,BOS,0710,0947,157.00,-4.00,-19.00,0.00,0.00
2025-01-27,DL,996,ATL,LAX,0735,0950,315.00,-4.00,-1.00,0.00,0.00
2025-01-27,DL,444,ATL,SEA,0758,1045,347.00,-1.00,-13.00,0.00,0.00
2025-01-27,DL,346,ATL,DEN,0820,0946,206.00,-1.00,5.00,0.00,0.00
2025-01-27,DL,1147,ATL,ORD,0848,0955,127.00,2.00,-10.00,0.00,0.00
2025-01-27,DL,898,ATL,LAX,0855,1055,300.00,0.00,-4.00,0.00,0.00
2025-01-27,DL,995,ATL,DEN,0945,1112,207.00,-6.00,-6.00,0.00,0.00
2025-01-27,DL,774,ATL,SEA,0945,1231,346.00,0.00,-26.00,0.00,0.00
2025-01-27,DL,855,ATL,BOS,1000,1237,157.00,-5.00,-7.00,0.00,0.00
2025-01-27,DL,501,ATL,LAX,1039,1250,311.00,-1.00,20.00,0.00,0.00
2025-01-27,DL,862,ATL,BOS,1105,1339,154.00,13.00,2.00,0.00,0.00
2025-01-27,DL,396,ATL,DEN,1121,1248,207.00,-1.00,-8.00,0.00,0.00
2025-01-27,DL,629,ATL,SEA,1138,1418,340.00,7.00,-19.00,0.00,0.00
2025-01-27,DL,350,ATL,BOS,1215,1445,150.00,40.00,34.00,0.00,0.00
2025-01-27,DL,895,ATL,LAX,1240,1444,304.00,8.00,20.00,0.00,0.00
2025-01-27,DL,1477,ATL,ORD,1242,1345,123.00,-3.00,-12.00,0.00,0.00
2025-01-27,DL,530,ATL,DEN,1305,1425,200.00,-3.00,-4.00,0.00,0.00
2025-01-27,DL,753,ATL,LAX,1410,1619,309.00,1.00,-2.00,0.00,0.00
2025-01-27,DL,519,ATL,DEN,1428,1549,201.00,1.00,-8.00,0.00,0.00
2025-01-27,DL,726,ATL,BOS,1435,1708,153.00,0.00,-16.00,0.00,0.00
2025-01-27,DL,976,ATL,ORD,1445,1545,120.00,-5.00,-9.00,0.00,0.00
2025-01-27,DL,1219,ATL,LAX,1515,1722,307.00,-6.00,-17.00,0.00,0.00
2025-01-27,DL,481,ATL,SEA,1522,1800,338.00,-5.00,-22.00,0.00,0.00
2025-01-27,DL,2738,ATL,ORD,1625,1725,120.00,-1.00,3.00,0.00,0.00
2025-01-27,DL,301,ATL,LAX,1650,1857,307.00,19.00,7.00,0.00,0.00
2025-01-27,DL,300,ATL,BOS,1755,2031,156.00,8.00,-1.00,0.00,0.00
2025-01-27,DL,746,ATL,DEN,1815,1943,208.00,-5.00,-15.00,0.00,0.00
2025-01-27,DL,500,ATL,LAX,1825,2040,315.00,-6.00,-21.00,0.00,0.00
2025-01-27,DL,472,ATL,SEA,1923,2207,344.00,-5.00,-47.00,0.00,0.00
2025-01-27,DL,1139,ATL,ORD,1945,2048,123.00,9.00,6.00,0.00,0.00
2025-01-27,DL,319,ATL,LAX,1956,2206,310.00,-2.00,-21.00,0.00,0.00
2025-01-27,DL,518,ATL,BOS,2010,2247,157.00,0.00,-13.00,0.00,0.00
2025-01-27,DL,493,ATL,DEN,2120,2246,206.00,-6.00,-13.00,0.00,0.00
2025-01-27,DL,331,ATL,LAX,2140,2349,309.00,3.00,-19.00,0.00,0.00
2025-01-27,DL,865,ATL,BOS,2225,0058,153.00,-1.00,-7.00,0.00,0.00
2025-01-27,DL,1199,ATL,ORD,2259,2359,120.00,-7.00,-3.00,0.00,0.00
2025-01-27,DL,695,BOS,ATL,0540,0848,188.00,-1.00,-4.00,0.00,0.00
2025-01-27,DL,923,BOS,ATL,0655,1000,185.00,-8.00,0.00,0.00,0.00
2025-01-27,DL,456,BOS,ATL,0805,1112,187.00,76.00,62.00,0.00,0.00
2025-01-27,DL,973,BOS,ATL,0945,1249,184.00,166.00,159.00,0.00,0.00
2025-01-27,DL,376,BOS,ATL,1145,1446,181.00,13.00,5.00,0.00,0.00
2025-01-27,DL,322,BOS,ATL,1347,1645,178.00,1.00,0.00,0.00,0.00
2025-01-27,DL,399,BOS,ATL,1550,1852,182.00,117.00,98.00,0.00,0.00
2025-01-27,DL,900,BOS,ATL,2025,2336,191.00,-2.00,-30.00,0.00,0.00
2025-01-27,DL,341,DEN,ATL,0600,1053,173.00,8.00,6.00,0.00,0.00
2025-01-27,DL,431,DEN,ATL,0710,1200,170.00,-1.00,3.00,0.00,0.00
2025-01-27,DL,346,DEN,ATL,1051,1542,171.00,3.00,-10.00,0.00,0.00
2025-01-27,DL,995,DEN,ATL,1217,1705,168.00,-1.00,-10.00,0.00,0.00
2025-01-27,DL,396,DEN,ATL,1353,1845,172.00,7.00,-16.00,0.00,0.00
2025-01-27,DL,530,DEN,ATL,1530,2029,179.00,-2.00,-18.00,0.00,0.00
2025-01-27,DL,519,DEN,ATL,1654,2149,175.00,-4.00,-23.00,0.00,0.00
2025-01-27,DL,390,LAX,ATL,0615,1324,249.00,-2.00,-18.00,0.00,0.00
2025-01-27,DL,327,LAX,ATL,0715,1425,250.00,60.00,24.00,0.00,0.00
2025-01-27,DL,515,LAX,ATL,0825,1535,250.00,315.00,295.00,0.00,0.00
2025-01-27,DL,528,LAX,ATL,1056,1813,257.00,0.00,-22.00,0.00,0.00
2025-01-27,DL,395,LAX,ATL,1225,1930,245.00,-4.00,22.00,0.00,0.00
2025-01-27,DL,715,LAX,ATL,1415,2132,257.00,11.00,-2.00,0.00,0.00
2025-01-27,DL,471,LAX,ATL,1730,0039,249.00,-2.00,-25.00,0.00,0.00
2025-01-27,DL,446,LAX,ATL,2155,0504,249.00,-7.00,-37.00,0.00,0.00
2025-01-27,DL,899,LAX,ATL,2255,0558,243.00,-7.00,-35.00,0.00,0.00
2025-01-27,DL,320,LAX,ATL,2359,0708,249.00,0.00,-23.00,0.00,0.00
2025-01-27,DL,1264,ORD,ATL,0545,0853,128.00,5.00,2.00,0.00,0.00
2025-01-27,DL,1247,ORD,ATL,0800,1100,120.00,-2.00,-19.00,0.00,0.00
2025-01-27,DL,1147,ORD,ATL,1105,1403,118.00,11.00,-11.00,0.00,0.00
2025-01-27,DL,1477,ORD,ATL,1455,1753,118.00,-4.00,-1.00,0.00,0.00
2025-01-27,DL,976,ORD,ATL,1655,2000,125.00,-4.00,-22.00,0.00,0.00
2025-01-27,DL,2738,ORD,ATL,1835,2144,129.00,-7.00,-18.00,0.00,0.00
2025-01-27,DL,569,SEA,ATL,0615,1358,283.00,-3.00,-2.00,0.00,0.00
2025-01-27,DL,562,SEA,ATL,0845,1631,286.00,-3.00,11.00,0.00,0.00
2025-01-27,DL,542,SEA,ATL,1200,1958,298.00,19.00,-1.00,0.00,0.00
2025-01-27,DL,567,SEA,ATL,1605,2350,285.00,-1.00,-7.00,0.00,0.00
2025-01-27,DL,652,SEA,ATL,2305,0647,282.00,-1.00,-5.00,0.00,0.00
2025-01-28,DL,849,ATL,BOS,0710,0947,157.00,-2.00,-19.00,0.00,0.00
2025-01-28,DL,996,ATL,LAX,0735,0950,315.00,-7.00,13.00,0.00,0.00
2025-01-28,DL,444,ATL,SEA,0758,1045,347.00,33.00,71.00,0.00,0.00
2025-01-28,DL,346,ATL,DEN,0820,0946,206.00,16.00,57.00,0.00,0.00
2025-01-28,DL,1147,ATL,ORD,0848,0955,127.00,10.00,105.00,0.00,0.00
2025-01-28,DL,898,ATL,LAX,0855,1055,300.00,25.00,11.00,0.00,0.00
2025-01-28,DL,995,ATL,DEN,0945,1112,207.00,-4.00,9.00,0.00,0.00
2025-01-28,DL,774,ATL,SEA,0945,1231,346.00,1.00,-15.00,0.00,0.00
2025-01-28,DL,855,ATL,BOS,1000,1237,157.00,-2.00,9.00,0.00,0.00
2025-01-28,DL,501,ATL,LAX,1039,1250,311.00,-2.00,-11.00,0.00,0.00
2025-01-28,DL,862,ATL,BOS,1105,1339,154.00,-3.00,-14.00,0.00,0.00
2025-01-28,DL,396,ATL,DEN,1121,1248,207.00,-7.00,-8.00,0.00,0.00
2025-01-28,DL,629,ATL,SEA,1138,1418,340.00,-5.00,-27.00,0.00,0.00
2025-01-28,DL,350,ATL,BOS,1215,1445,150.00,-6.00,-18.00,0.00,0.00
2025-01-28,DL,895,ATL,LAX,1240,1444,304.00,7.00,-7.00,0.00,0.00
2025-01-28,DL,1477,ATL,ORD,1242,1345,123.00,-1.00,-2.00,0.00,0.00
2025-01-28,DL,530,ATL,DEN,1305,1425,200.00,-3.00,-6.00,0.00,0.00
2025-01-28,DL,753,ATL,LAX,1410,1619,309.00,-6.00,-24.00,0.00,0.00
2025-01-28,DL,519,ATL,DEN,1428,1549,201.00,1.00,11.00,0.00,0.00
2025-01-28,DL,726,ATL,BOS,1435,1708,153.00,-5.00,1.00,0.00,0.00
2025-01-28,DL,976,ATL,ORD,1445,1545,120.00,-6.00,-11.00,0.00,0.00
2025-01-28,DL,1219,ATL,LAX,1515,1722,307.00,4.00,18.00,0.00,0.00
2025-01-28,DL,481,ATL,SEA,1522,1800,338.00,-3.00,,0.00,1.00
2025-01-28,DL,2738,ATL,ORD,1625,1725,120.00,-2.00,-4.00,0.00,0.00
2025-01-28,DL,301,ATL,LAX,1650,1857,307.00,29.00,25.00,0.00,0.00
2025-01-28,DL,300,ATL,BOS,1755,2031,156.00,1.00,-6.00,0.00,0.00
2025-01-28,DL,500,ATL,LAX,1825,2040,315.00,4.00,-3.00,0.00,0.00
2025-01-28,DL,472,ATL,SEA,1923,2207,344.00,-1.00,-17.00,0.00,0.00
2025-01-28,DL,1139,ATL,ORD,1945,2048,123.00,-2.00,-4.00,0.00,0.00
2025-01-28,DL,518,ATL,BOS,2010,2247,157.00,23.00,1.00,0.00,0.00
2025-01-28,DL,331,ATL,LAX,2059,2310,311.00,1.00,16.00,0.00,0.00
2025-01-28,DL,493,ATL,DEN,2120,2246,206.00,-3.00,-12.00,0.00,0.00
2025-01-28,DL,865,ATL,BOS,2225,0058,153.00,3.00,-14.00,0.00,0.00
2025-01-28,DL,1199,ATL,ORD,2259,2359,120.00,-6.00,-4.00,0.00,0.00
2025-01-28,DL,695,BOS,ATL,0540,0848,188.00,-8.00,-18.00,0.00,0.00
2025-01-28,DL,923,BOS,ATL,0655,1000,185.00,31.00,9.00,0.00,0.00
2025-01-28,DL,456,BOS,ATL,0805,1112,187.00,-12.00,-36.00,0.00,0.00
2025-01-28,DL,973,BOS,ATL,0945,1249,184.00,0.00,-12.00,0.00,0.00
2025-01-28,DL,376,BOS,ATL,1145,1446,181.00,-4.00,11.00,0.00,0.00
2025-01-28,DL,322,BOS,ATL,1347,1645,178.00,0.00,-25.00,0.00,0.00
2025-01-28,DL,399,BOS,ATL,1550,1852,182.00,0.00,-26.00,0.00,0.00
2025-01-28,DL,385,BOS,ATL,1835,2148,193.00,-3.00,-18.00,0.00,0.00
2025-01-28,DL,341,DEN,ATL,0600,1053,173.00,-6.00,3.00,0.00,0.00
2025-01-28,DL,431,DEN,ATL,0710,1200,170.00,-8.00,-14.00,0.00,0.00
2025-01-28,DL,346,DEN,ATL,1051,1542,171.00,66.00,48.00,0.00,0.00
2025-01-28,DL,995,DEN,ATL,1217,1705,168.00,9.00,-11.00,0.00,0.00
2025-01-28,DL,396,DEN,ATL,1353,1845,172.00,-2.00,-13.00,0.00,0.00
2025-01-28,DL,530,DEN,ATL,1530,2029,179.00,-4.00,-3.00,0.00,0.00
2025-01-28,DL,390,LAX,ATL,0615,1324,249.00,-2.00,-29.00,0.00,0.00
2025-01-28,DL,327,LAX,ATL,0715,1425,250.00,-6.00,-27.00,0.00,0.00
2025-01-28,DL,515,LAX,ATL,0825,1535,250.00,50.00,26.00,0.00,0.00
2025-01-28,DL,528,LAX,ATL,1056,1813,257.00,-5.00,-30.00,0.00,0.00
2025-01-28,DL,395,LAX,ATL,1225,1930,245.00,-3.00,-21.00,0.00,0.00
2025-01-28,DL,715,LAX,ATL,1415,2132,257.00,-2.00,-31.00,0.00,0.00
2025-01-28,DL,471,LAX,ATL,1730,0039,249.00,-9.00,-29.00,0.00,0.00
2025-01-28,DL,446,LAX,ATL,2155,0504,249.00,-4.00,-18.00,0.00,0.00
2025-01-28,DL,899,LAX,ATL,2255,0558,243.00,-3.00,-10.00,0.00,0.00
2025-01-28,DL,1264,ORD,ATL,0545,0853,128.00,-11.00,-29.00,0.00,0.00
2025-01-28,DL,1247,ORD,ATL,0800,1103,123.00,-10.00,-38.00,0.00,0.00
2025-01-28,DL,1147,ORD,ATL,1105,1403,118.00,86.00,74.00,0.00,0.00
2025-01-28,DL,1477,ORD,ATL,1455,1753,118.00,-4.00,-16.00,0.00,0.00
2025-01-28,DL,976,ORD,ATL,1710,2017,127.00,-10.00,-26.00,0.00,0.00
2025-01-28,DL,2738,ORD,ATL,1835,2144,129.00,-9.00,-31.00,0.00,0.00
2025-01-28,DL,569,SEA,ATL,0615,1358,283.00,-4.00,-4.00,0.00,0.00
2025-01-28,DL,562,SEA,ATL,0845,1631,286.00,-3.00,-11.00,0.00,0.00
2025-01-28,DL,542,SEA,ATL,1200,1958,298.00,6.00,-15.00,0.00,0.00
2025-01-28,DL,567,SEA,ATL,1605,2350,285.00,-9.00,-23.00,0.00,0.00
2025-01-28,DL,652,SEA,ATL,2305,0647,282.00,6.00,-8.00,0.00,0.00
2025-01-29,DL,849,ATL,BOS,0710,0947,157.00,5.00,17.00,0.00,0.00
2025-01-29,DL,996,ATL,LAX,0735,0950,315.00,0.00,-26.00,0.00,0.00
2025-01-29,DL,444,ATL,SEA,0758,1045,347.00,36.00,12.00,0.00,0.00
2025-01-29,DL,346,ATL,DEN,0820,0946,206.00,-5.00,-12.00,0.00,0.00
2025-01-29,DL,1147,ATL,ORD,0848,0955,127.00,-6.00,-5.00,0.00,0.00
2025-01-29,DL,898,ATL,LAX,0855,1055,300.00,1.00,-19.00,0.00,0.00
2025-01-29,DL,995,ATL,DEN,0945,1112,207.00,0.00,-10.00,0.00,0.00
2025-01-29,DL,774,ATL,SEA,0945,1231,346.00,0.00,-16.00,0.00,0.00
2025-01-29,DL,855,ATL,BOS,1000,1237,157.00,0.00,-18.00,0.00,0.00
2025-01-29,DL,501,ATL,LAX,1039,1250,311.00,14.00,-14.00,0.00,0.00
2025-01-29,DL,862,ATL,BOS,1105,1339,154.00,0.00,-9.00,0.00,0.00
2025-01-29,DL,396,ATL,DEN,1121,1248,207.00,-2.00,-11.00,0.00,0.00
2025-01-29,DL,629,ATL,SEA,1138,1418,340.00,-5.00,-20.00,0.00,0.00
2025-01-29,DL,350,ATL,BOS,1215,1445,150.00,24.00,13.00,0.00,0.00
2025-01-29,DL,895,ATL,LAX,1240,1444,304.00,4.00,-5.00,0.00,0.00
2025-01-29,DL,1477,ATL,ORD,1242,1345,123.00,10.00,5.00,0.00,0.00
2025-01-29,DL,530,ATL,DEN,1305,1425,200.00,-4.00,-10.00,0.00,0.00
2025-01-29,DL,753,ATL,LAX,1410,1619,309.00,17.00,-10.00,0.00,0.00
2025-01-29,DL,519,ATL,DEN,1428,1549,201.00,1.00,-1.00,0.00,0.00
2025-01-29,DL,726,ATL,BOS,1435,1708,153.00,-4.00,-15.00,0.00,0.00
2025-01-29,DL,976,ATL,ORD,1445,1545,120.00,3.00,1.00,0.00,0.00
2025-01-29,DL,1219,ATL,LAX,1515,1722,307.00,-4.00,-32.00,0.00,0.00
2025-01-29,DL,481,ATL,SEA,1522,1800,338.00,-5.00,-27.00,0.00,0.00
2025-01-29,DL,2738,ATL,ORD,1625,1725,120.00,-7.00,-8.00,0.00,0.00
2025-01-29,DL,301,ATL,LAX,1650,1857,307.00,0.00,-16.00,0.00,0.00
2025-01-29,DL,300,ATL,BOS,1755,2031,156.00,0.00,-10.00,0.00,0.00
2025-01-29,DL,500,ATL,LAX,1825,2040,315.00,-3.00,-16.00,0.00,0.00
2025-01-29,DL,472,ATL,SEA,1923,2207,344.00,-3.00,-25.00,0.00,0.00
2025-01-29,DL,1139,ATL,ORD,1945,2048,123.00,21.00,19.00,0.00,0.00
2025-01-29,DL,518,ATL,BOS,2010,2247,157.00,9.00,-11.00,0.00,0.00
2025-01-29,DL,331,ATL,LAX,2105,2315,310.00,-5.00,-37.00,0.00,0.00
2025-01-29,DL,493,ATL,DEN,2120,2246,206.00,-4.00,-16.00,0.00,0.00
2025-01-29,DL,865,ATL,BOS,2225,0058,153.00,-5.00,-25.00,0.00,0.00
2025-01-29,DL,1199,ATL,ORD,2259,2359,120.00,-9.00,-11.00,0.00,0.00
2025-01-29,DL,695,BOS,ATL,0540,0848,188.00,-9.00,3.00,0.00,0.00
2025-01-29,DL,923,BOS,ATL,0655,1000,185.00,-7.00,27.00,0.00,0.00
2025-01-29,DL,456,BOS,ATL,0805,1112,187.00,28.00,58.00,0.00,0.00
2025-01-29,DL,973,BOS,ATL,0945,1249,184.00,-4.00,13.00,0.00,0.00
2025-01-29,DL,376,BOS,ATL,1145,1446,181.00,9.00,-7.00,0.00,0.00
2025-01-29,DL,322,BOS,ATL,1347,1645,178.00,-7.00,-19.00,0.00,0.00
2025-01-29,DL,399,BOS,ATL,1550,1852,182.00,-5.00,-22.00,0.00,0.00
2025-01-29,DL,385,BOS,ATL,1835,2148,193.00,8.00,-2.00,0.00,0.00
2025-01-29,DL,341,DEN,ATL,0600,1053,173.00,-2.00,-2.00,0.00,0.00
2025-01-29,DL,431,DEN,ATL,0710,1200,170.00,-5.00,-1.00,0.00,0.00
2025-01-29,DL,346,DEN,ATL,1051,1542,171.00,-8.00,-25.00,0.00,0.00
2025-01-29,DL,995,DEN,ATL,1217,1705,168.00,10.00,-5.00,0.00,0.00
2025-01-29,DL,396,DEN,ATL,1353,1845,172.00,-8.00,-23.00,0.00,0.00
2025-01-29,DL,530,DEN,ATL,1530,2029,179.00,1.00,-16.00,0.00,0.00
2025-01-29,DL,390,LAX,ATL,0615,1324,249.00,-4.00,-16.00,0.00,0.00
2025-01-29,DL,327,LAX,ATL,0715,1425,250.00,25.00,3.00,0.00,0.00
2025-01-29,DL,515,LAX,ATL,0825,1535,250.00,-6.00,-20.00,0.00,0.00
2025-01-29,DL,528,LAX,ATL,1056,1813,257.00,-1.00,-19.00,0.00,0.00
2025-01-29,DL,395,LAX,ATL,1225,1930,245.00,13.00,0.00,0.00,0.00
2025-01-29,DL,715,LAX,ATL,1415,2132,257.00,1.00,-13.00,0.00,0.00
2025-01-29,DL,471,LAX,ATL,1730,0039,249.00,-6.00,3.00,0.00,0.00
2025-01-29,DL,446,LAX,ATL,2155,0504,249.00,-5.00,-4.00,0.00,0.00
2025-01-29,DL,899,LAX,ATL,2255,0558,243.00,0.00,-4.00,0.00,0.00
2025-01-29,DL,1264,ORD,ATL,0545,0853,128.00,-9.00,-31.00,0.00,0.00
2025-01-29,DL,1247,ORD,ATL,0800,1103,123.00,-5.00,-23.00,0.00,0.00
2025-01-29,DL,1147,ORD,ATL,1105,1403,118.00,-11.00,-9.00,0.00,0.00
2025-01-29,DL,1477,ORD,ATL,1455,1753,118.00,12.00,-5.00,0.00,0.00
2025-01-29,DL,976,ORD,ATL,1710,2017,127.00,-2.00,-30.00,0.00,0.00
2025-01-29,DL,2738,ORD,ATL,1835,2144,129.00,-2.00,-14.00,0.00,0.00
2025-01-29,DL,569,SEA,ATL,0615,1358,283.00,-2.00,11.00,0.00,0.00
2025-01-29,DL,562,SEA,ATL,0845,1631,286.00,-1.00,9.00,0.00,0.00
2025-01-29,DL,542,SEA,ATL,1200,1958,298.00,12.00,-2.00,0.00,0.00
2025-01-29,DL,567,SEA,ATL,1605,2350,285.00,-13.00,-11.00,0.00,0.00
2025-01-29,DL,652,SEA,ATL,2305,0647,282.00,0.00,0.00,0.00,0.00
2025-01-30,DL,849,ATL,BOS,0710,0947,157.00,-3.00,-23.00,0.00,0.00
2025-01-30,DL,996,ATL,LAX,0735,0950,315.00,-1.00,-10.00,0.00,0.00
2025-01-30,DL,444,ATL,SEA,0758,1045,347.00,-4.00,-28.00,0.00,0.00
2025-01-30,DL,346,ATL,DEN,0820,0946,206.00,2.00,-2.00,0.00,0.00
2025-01-30,DL,1147,ATL,ORD,0848,0955,127.00,-2.00,-10.00,0.00,0.00
2025-01-30,DL,898,ATL,LAX,0855,1055,300.00,21.00,7.00,0.00,0.00
2025-01-30,DL,995,ATL,DEN,0945,1112,207.00,-2.00,-18.00,0.00,0.00
2025-01-30,DL,774,ATL,SEA,0945,1231,346.00,4.00,-6.00,0.00,0.00
2025-01-30,DL,855,ATL,BOS,1000,1237,157.00,13.00,0.00,0.00,0.00
2025-01-30,DL,501,ATL,LAX,1039,1250,311.00,11.00,-15.00,0.00,0.00
2025-01-30,DL,862,ATL,BOS,1105,1339,154.00,-8.00,-26.00,0.00,0.00
2025-01-30,DL,396,ATL,DEN,1121,1248,207.00,-2.00,-22.00,0.00,0.00
2025-01-30,DL,629,ATL,SEA,1138,1418,340.00,0.00,-26.00,0.00,0.00
2025-01-30,DL,350,ATL,BOS,1215,1445,150.00,-5.00,-17.00,0.00,0.00
2025-01-30,DL,895,ATL,LAX,1240,1444,304.00,3.00,-23.00,0.00,0.00
2025-01-30,DL,1477,ATL,ORD,1242,1345,123.00,0.00,-14.00,0.00,0.00
2025-01-30,DL,530,ATL,DEN,1305,1425,200.00,-1.00,1.00,0.00,0.00
2025-01-30,DL,753,ATL,LAX,1410,1619,309.00,-2.00,-16.00,0.00,0.00
2025-01-30,DL,519,ATL,DEN,1428,1549,201.00,-3.00,-15.00,0.00,0.00
2025-01-30,DL,726,ATL,BOS,1435,1708,153.00,-4.00,-21.00,0.00,0.00
2025-01-30,DL,976,ATL,ORD,1445,1545,120.00,4.00,-9.00,0.00,0.00
2025-01-30,DL,1219,ATL,LAX,1515,1722,307.00,-3.00,-22.00,0.00,0.00
2025-01-30,DL,481,ATL,SEA,1522,1800,338.00,26.00,-5.00,0.00,0.00
2025-01-30,DL,2738,ATL,ORD,1625,1725,120.00,-7.00,-10.00,0.00,0.00
2025-01-30,DL,301,ATL,LAX,1650,1857,307.00,54.00,100.00,0.00,0.00
2025-01-30,DL,300,ATL,BOS,1755,2031,156.00,-11.00,-16.00,0.00,0.00
2025-01-30,DL,746,ATL,DEN,1815,1943,208.00,21.00,6.00,0.00,0.00
2025-01-30,DL,500,ATL,LAX,1825,2040,315.00,-2.00,-35.00,0.00,0.00
2025-01-30,DL,472,ATL,SEA,1923,2207,344.00,1.00,-17.00,0.00,0.00
2025-01-30,DL,1139,ATL,ORD,1945,2048,123.00,16.00,10.00,0.00,0.00
2025-01-30,DL,319,ATL,LAX,1956,2206,310.00,105.00,84.00,0.00,0.00
2025-01-30,DL,518,ATL,BOS,2010,2247,157.00,-4.00,-27.00,0.00,0.00
2025-01-30,DL,493,ATL,DEN,2120,2246,206.00,1.00,2.00,0.00,0.00
2025-01-30,DL,331,ATL,LAX,2140,2349,309.00,1.00,-30.00,0.00,0.00
2025-01-30,DL,865,ATL,BOS,2225,0058,153.00,1.00,-20.00,0.00,0.00
2025-01-30,DL,1199,ATL,ORD,2259,2359,120.00,-5.00,7.00,0.00,0.00
2025-01-30,DL,695,BOS,ATL,0540,0848,188.00,-3.00,-28.00,0.00,0.00
2025-01-30,DL,923,BOS,ATL,0655,1000,185.00,-3.00,-11.00,0.00,0.00
2025-01-30,DL,456,BOS,ATL,0805,1112,187.00,0.00,-17.00,0.00,0.00
2025-01-30,DL,973,BOS,ATL,0945,1249,184.00,-1.00,-15.00,0.00,0.00
2025-01-30,DL,376,BOS,ATL,1145,1446,181.00,0.00,-11.00,0.00,0.00
2025-01-30,DL,322,BOS,ATL,1347,1645,178.00,-3.00,-19.00,0.00,0.00
2025-01-30,DL,399,BOS,ATL,1550,1852,182.00,10.00,4.00,0.00,0.00
2025-01-30,DL,900,BOS,ATL,2025,2336,191.00,-2.00,-16.00,0.00,0.00
2025-01-30,DL,341,DEN,ATL,0600,1053,173.00,-3.00,7.00,0.00,0.00
2025-01-30,DL,431,DEN,ATL,0710,1200,170.00,-4.00,1.00,0.00,0.00
2025-01-30,DL,346,DEN,ATL,1051,1542,171.00,-1.00,-3.00,0.00,0.00
2025-01-30,DL,995,DEN,ATL,1217,1705,168.00,-4.00,-8.00,0.00,0.00
2025-01-30,DL,396,DEN,ATL,1353,1845,172.00,6.00,6.00,0.00,0.00
2025-01-30,DL,530,DEN,ATL,1530,2029,179.00,-1.00,-20.00,0.00,0.00
2025-01-30,DL,519,DEN,ATL,1654,2149,175.00,-6.00,-6.00,0.00,0.00
2025-01-30,DL,390,LAX,ATL,0615,1324,249.00,4.00,-1.00,0.00,0.00
2025-01-30,DL,327,LAX,ATL,0715,1425,250.00,8.00,2.00,0.00,0.00
2025-01-30,DL,515,LAX,ATL,0825,1535,250.00,25.00,20.00,0.00,0.00
2025-01-30,DL,528,LAX,ATL,1056,1813,257.00,-4.00,-16.00,0.00,0.00
2025-01-30,DL,395,LAX,ATL,1225,1930,245.00,1.00,-13.00,0.00,0.00
2025-01-30,DL,715,LAX,ATL,1415,2132,257.00,32.00,17.00,0.00,0.00
2025-01-30,DL,471,LAX,ATL,1730,0039,249.00,-7.00,-8.00,0.00,0.00
2025-01-30,DL,446,LAX,ATL,2155,0504,249.00,4.00,-3.00,0.00,0.00
2025-01-30,DL,899,LAX,ATL,2255,0558,243.00,24.00,38.00,0.00,0.00
2025-01-30,DL,320,LAX,ATL,2359,0708,249.00,31.00,55.00,0.00,0.00
2025-01-30,DL,1264,ORD,ATL,0545,0853,128.00,-5.00,-13.00,0.00,0.00
2025-01-30,DL,1247,ORD,ATL,0800,1103,123.00,-5.00,-27.00,0.00,0.00
2025-01-30,DL,1147,ORD,ATL,1105,1403,118.00,-8.00,-9.00,0.00,0.00
2025-01-30,DL,1477,ORD,ATL,1455,1753,118.00,-7.00,-21.00,0.00,0.00
2025-01-30,DL,976,ORD,ATL,1655,2001,126.00,-5.00,-16.00,0.00,0.00
2025-01-30,DL,2738,ORD,ATL,1835,2144,129.00,-1.00,-2.00,0.00,0.00
2025-01-30,DL,569,SEA,ATL,0615,1358,283.00,46.00,44.00,0.00,0.00
2025-01-30,DL,562,SEA,ATL,0845,1631,286.00,91.00,83.00,0.00,0.00
2025-01-30,DL,542,SEA,ATL,1200,1958,298.00,6.00,-2.00,0.00,0.00
2025-01-30,DL,567,SEA,ATL,1605,2350,285.00,-11.00,-14.00,0.00,0.00
2025-01-30,DL,652,SEA,ATL,2305,0647,282.00,4.00,-6.00,0.00,0.00
2025-01-31,DL,849,ATL,BOS,0710,0947,157.00,-3.00,-10.00,0.00,0.00
2025-01-31,DL,996,ATL,LAX,0730,0945,315.00,2.00,-34.00,0.00,0.00
2025-01-31,DL,444,ATL,SEA,0758,1045,347.00,0.00,-28.00,0.00,0.00
2025-01-31,DL,346,ATL,DEN,0820,0946,206.00,-2.00,-9.00,0.00,0.00
2025-01-31,DL,1147,ATL,ORD,0848,0955,127.00,-5.00,2.00,0.00,0.00
2025-01-31,DL,898,ATL,LAX,0855,1055,300.00,0.00,-22.00,0.00,0.00
2025-01-31,DL,995,ATL,DEN,0945,1112,207.00,-5.00,-27.00,0.00,0.00
2025-01-31,DL,774,ATL,SEA,0945,1231,346.00,-4.00,-33.00,0.00,0.00
2025-01-31,DL,855,ATL,BOS,1000,1237,157.00,-2.00,-1.00,0.00,0.00
2025-01-31,DL,501,ATL,LAX,1039,1250,311.00,-1.00,-27.00,0.00,0.00
2025-01-31,DL,862,ATL,BOS,1105,1339,154.00,50.00,36.00,0.00,0.00
2025-01-31,DL,396,ATL,DEN,1121,1248,207.00,-8.00,-25.00,0.00,0.00
2025-01-31,DL,629,ATL,SEA,1138,1418,340.00,1.00,-14.00,0.00,0.00
2025-01-31,DL,350,ATL,BOS,1215,1445,150.00,0.00,-11.00,0.00,0.00
2025-01-31,DL,895,ATL,LAX,1240,1444,304.00,-14.00,-38.00,0.00,0.00
2025-01-31,DL,1477,ATL,ORD,1242,1345,123.00,-2.00,1.00,0.00,0.00
2025-01-31,DL,530,ATL,DEN,1305,1425,200.00,0.00,-20.00,0.00,0.00
2025-01-31,DL,753,ATL,LAX,1410,1619,309.00,-1.00,-46.00,0.00,0.00
2025-01-31,DL,519,ATL,DEN,1428,1549,201.00,7.00,-3.00,0.00,0.00
2025-01-31,DL,726,ATL,BOS,1435,1708,153.00,1.00,-19.00,0.00,0.00
2025-01-31,DL,976,ATL,ORD,1445,1545,120.00,16.00,21.00,0.00,0.00
2025-01-31,DL,1219,ATL,LAX,1515,1722,307.00,-1.00,-38.00,0.00,0.00
2025-01-31,DL,481,ATL,SEA,1522,1800,338.00,-6.00,-10.00,0.00,0.00
2025-01-31,DL,2738,ATL,ORD,1625,1725,120.00,2.00,0.00,0.00,0.00
2025-01-31,DL,301,ATL,LAX,1650,1857,307.00,94.00,58.00,0.00,0.00
2025-01-31,DL,300,ATL,BOS,1755,2031,156.00,17.00,-11.00,0.00,0.00
2025-01-31,DL,746,ATL,DEN,1815,1943,208.00,35.00,21.00,0.00,0.00
2025-01-31,DL,500,ATL,LAX,1825,2040,315.00,0.00,-30.00,0.00,0.00
2025-01-31,DL,472,ATL,SEA,1923,2207,344.00,35.00,11.00,0.00,0.00
2025-01-31,DL,1139,ATL,ORD,1945,2048,123.00,-3.00,-16.00,0.00,0.00
2025-01-31,DL,319,ATL,LAX,1956,2206,310.00,28.00,7.00,0.00,0.00
2025-01-31,DL,518,ATL,BOS,2010,2247,157.00,8.00,-16.00,0.00,0.00
2025-01-31,DL,493,ATL,DEN,2120,2246,206.00,-1.00,-12.00,0.00,0.00
2025-01-31,DL,331,ATL,LAX,2140,2349,309.00,-5.00,-14.00,0.00,0.00
2025-01-31,DL,865,ATL,BOS,2225,0058,153.00,-3.00,-33.00,0.00,0.00
2025-01-31,DL,1199,ATL,ORD,2259,2359,120.00,-5.00,-6.00,0.00,0.00
2025-01-31,DL,695,BOS,ATL,0540,0848,188.00,-1.00,-10.00,0.00,0.00
2025-01-31,DL,923,BOS,ATL,0655,1000,185.00,17.00,26.00,0.00,0.00
2025-01-31,DL,456,BOS,ATL,0805,1112,187.00,6.00,-5.00,0.00,0.00
2025-01-31,DL,973,BOS,ATL,0945,1249,184.00,65.00,65.00,0.00,0.00
2025-01-31,DL,376,BOS,ATL,1145,1446,181.00,62.00,63.00,0.00,0.00
2025-01-31,DL,322,BOS,ATL,1347,1645,178.00,1.00,13.00,0.00,0.00
2025-01-31,DL,399,BOS,ATL,1550,1852,182.00,4.00,9.00,0.00,0.00
2025-01-31,DL,900,BOS,ATL,2025,2336,191.00,-13.00,-2.00,0.00,0.00
2025-01-31,DL,341,DEN,ATL,0600,1053,173.00,2.00,-7.00,0.00,0.00
2025-01-31,DL,431,DEN,ATL,0710,1200,170.00,0.00,-3.00,0.00,0.00
2025-01-31,DL,346,DEN,ATL,1051,1542,171.00,-5.00,-10.00,0.00,0.00
2025-01-31,DL,995,DEN,ATL,1217,1705,168.00,-8.00,6.00,0.00,0.00
2025-01-31,DL,396,DEN,ATL,1353,1845,172.00,61.00,59.00,0.00,0.00
2025-01-31,DL,530,DEN,ATL,1530,2029,179.00,-8.00,-4.00,0.00,0.00
2025-01-31,DL,519,DEN,ATL,1654,2149,175.00,-7.00,-19.00,0.00,0.00
2025-01-31,DL,390,LAX,ATL,0615,1324,249.00,29.00,35.00,0.00,0.00
2025-01-31,DL,327,LAX,ATL,0715,1425,250.00,18.00,8.00,0.00,0.00
2025-01-31,DL,515,LAX,ATL,0825,1535,250.00,73.00,85.00,0.00,0.00
2025-01-31,DL,528,LAX,ATL,1056,1813,257.00,0.00,14.00,0.00,0.00
2025-01-31,DL,395,LAX,ATL,1225,1930,245.00,12.00,24.00,0.00,0.00
2025-01-31,DL,715,LAX,ATL,1415,2132,257.00,-2.00,5.00,0.00,0.00
2025-01-31,DL,471,LAX,ATL,1730,0039,249.00,-2.00,-4.00,0.00,0.00
2025-01-31,DL,446,LAX,ATL,2155,0504,249.00,-6.00,-16.00,0.00,0.00
2025-01-31,DL,899,LAX,ATL,2255,0558,243.00,7.00,20.00,0.00,0.00
2025-01-31,DL,320,LAX,ATL,2359,0708,249.00,-6.00,0.00,0.00,0.00
2025-01-31,DL,1264,ORD,ATL,0545,0853,128.00,183.00,191.00,0.00,0.00
2025-01-31,DL,1247,ORD,ATL,0800,1103,123.00,9.00,16.00,0.00,0.00
2025-01-31,DL,1147,ORD,ATL,1105,1403,118.00,0.00,11.00,0.00,0.00
2025-01-31,DL,1477,ORD,ATL,1455,1753,118.00,-1.00,4.00,0.00,0.00
2025-01-31,DL,976,ORD,ATL,1655,2001,126.00,13.00,11.00,0.00,0.00
2025-01-31,DL,2738,ORD,ATL,1835,2144,129.00,-6.00,-14.00,0.00,0.00
2025-01-31,DL,569,SEA,ATL,0615,1358,283.00,6.00,6.00,0.00,0.00
2025-01-31,DL,562,SEA,ATL,0845,1631,286.00,7.00,-2.00,0.00,0.00
2025-01-31,DL,542,SEA,ATL,1200,1958,298.00,18.00,-2.00,0.00,0.00
2025-01-31,DL,567,SEA,ATL,1605,2350,285.00,-11.00,-17.00,0.00,0.00
2025-01-31,DL,652,SEA,ATL,2305,0647,282.00,12.00,-3.00,0.00,0.00
2025-02-01,DL,849,ATL,BOS,0710,0947,157.00,-1.00,-12.00,0.00,0.00
2025-02-01,DL,996,ATL,LAX,0730,0945,315.00,-4.00,-40.00,0.00,0.00
2025-02-01,DL,444,ATL,SEA,0758,1045,347.00,-3.00,-2.00,0.00,0.00
2025-02-01,DL,346,ATL,DEN,0820,0946,206.00,-1.00,-15.00,0.00,0.00
2025-02-01,DL,1147,ATL,ORD,0848,0955,127.00,-3.00,-10.00,0.00,0.00
2025-02-01,DL,898,ATL,LAX,0855,1055,300.00,12.00,-11.00,0.00,0.00
2025-02-01,DL,995,ATL,DEN,0945,1112,207.00,-2.00,-22.00,0.00,0.00
2025-02-01,DL,774,ATL,SEA,0945,1231,346.00,-1.00,-17.00,0.00,0.00
2025-02-01,DL,855,ATL,BOS,1000,1237,157.00,0.00,-9.00,0.00,0.00
2025-02-01,DL,501,ATL,LAX,1039,1250,311.00,-1.00,-38.00,0.00,0.00
2025-02-01,DL,862,ATL,BOS,1105,1339,154.00,-4.00,-12.00,0.00,0.00
2025-02-01,DL,396,ATL,DEN,1121,1248,207.00,-3.00,-22.00,0.00,0.00
2025-02-01,DL,629,ATL,SEA,1138,1418,340.00,29.00,9.00,0.00,0.00
2025-02-01,DL,895,ATL,LAX,1240,1444,304.00,2.00,-24.00,0.00,0.00
2025-02-01,DL,1477,ATL,ORD,1243,1345,122.00,39.00,30.00,0.00,0.00
2025-02-01,DL,530,ATL,DEN,1305,1425,200.00,-4.00,8.00,0.00,0.00
2025-02-01,DL,753,ATL,LAX,1410,1619,309.00,-4.00,-49.00,0.00,0.00
2025-02-01,DL,519,ATL,DEN,1428,1549,201.00,27.00,12.00,0.00,0.00
2025-02-01,DL,726,ATL,BOS,1435,1708,153.00,-5.00,-6.00,0.00,0.00
2025-02-01,DL,976,ATL,ORD,1445,1545,120.00,-7.00,-12.00,0.00,0.00
2025-02-01,DL,1219,ATL,LAX,1515,1722,307.00,42.00,22.00,0.00,0.00
2025-02-01,DL,481,ATL,SEA,1545,1827,342.00,-1.00,-5.00,0.00,0.00
2025-02-01,DL,301,ATL,LAX,1650,1857,307.00,0.00,-26.00,0.00,0.00
2025-02-01,DL,2879,ATL,ORD,1740,1849,129.00,-5.00,-1.00,0.00,0.00
2025-02-01,DL,300,ATL,BOS,1755,2031,156.00,-5.00,-23.00,0.00,0.00
2025-02-01,DL,746,ATL,DEN,1815,1943,208.00,-2.00,-16.00,0.00,0.00
2025-02-01,DL,500,ATL,LAX,1825,2040,315.00,-6.00,-31.00,0.00,0.00
2025-02-01,DL,472,ATL,SEA,1923,2207,344.00,7.00,5.00,0.00,0.00
2025-02-01,DL,518,ATL,BOS,2010,2247,157.00,-4.00,-26.00,0.00,0.00
2025-02-01,DL,331,ATL,LAX,2059,2310,311.00,0.00,-39.00,0.00,0.00
2025-02-01,DL,493,ATL,DEN,2120,2246,206.00,-5.00,-13.00,0.00,0.00
2025-02-01,DL,865,ATL,BOS,2225,0058,153.00,-2.00,-22.00,0.00,0.00
2025-02-01,DL,1199,ATL,ORD,2259,2359,120.00,7.00,-4.00,0.00,0.00
2025-02-01,DL,695,BOS,ATL,0540,0848,188.00,-6.00,-11.00,0.00,0.00
2025-02-01,DL,923,BOS,ATL,0655,1000,185.00,4.00,7.00,0.00,0.00
2025-02-01,DL,456,BOS,ATL,0805,1112,187.00,-4.00,9.00,0.00,0.00
2025-02-01,DL,973,BOS,ATL,1000,1302,182.00,-5.00,-12.00,0.00,0.00
2025-02-01,DL,376,BOS,ATL,1200,1500,180.00,-1.00,-6.00,0.00,0.00
2025-02-01,DL,399,BOS,ATL,1550,1852,182.00,-8.00,-35.00,0.00,0.00
2025-02-01,DL,385,BOS,ATL,1835,2148,193.00,45.00,21.00,0.00,0.00
2025-02-01,DL,341,DEN,ATL,0600,1053,173.00,-2.00,2.00,0.00,0.00
2025-02-01,DL,431,DEN,ATL,0710,1200,170.00,209.00,199.00,0.00,0.00
2025-02-01,DL,346,DEN,ATL,1051,1542,171.00,567.00,552.00,0.00,0.00
2025-02-01,DL,995,DEN,ATL,1217,1705,168.00,16.00,5.00,0.00,0.00
2025-02-01,DL,396,DEN,ATL,1353,1845,172.00,-6.00,-25.00,0.00,0.00
2025-02-01,DL,530,DEN,ATL,1530,2029,179.00,11.00,-9.00,0.00,0.00
2025-02-01,DL,519,DEN,ATL,1654,2149,175.00,-1.00,-18.00,0.00,0.00
2025-02-01,DL,390,LAX,ATL,0615,1324,249.00,6.00,5.00,0.00,0.00
2025-02-01,DL,327,LAX,ATL,0715,1425,250.00,-1.00,-7.00,0.00,0.00
2025-02-01,DL,515,LAX,ATL,0825,1535,250.00,-4.00,-5.00,0.00,0.00
2025-02-01,DL,528,LAX,ATL,1056,1813,257.00,-2.00,-13.00,0.00,0.00
2025-02-01,DL,395,LAX,ATL,1225,1930,245.00,9.00,1.00,0.00,0.00
2025-02-01,DL,715,LAX,ATL,1415,2132,257.00,51.00,24.00,0.00,0.00
2025-02-01,DL,471,LAX,ATL,1730,0039,249.00,-14.00,-6.00,0.00,0.00
2025-02-01,DL,446,LAX,ATL,2155,0504,249.00,-1.00,-7.00,0.00,0.00
2025-02-01,DL,899,LAX,ATL,2255,0558,243.00,-10.00,-18.00,0.00,0.00
2025-02-01,DL,1264,ORD,ATL,0545,0853,128.00,-6.00,-23.00,0.00,0.00
2025-02-01,DL,1247,ORD,ATL,0800,1103,123.00,-3.00,-26.00,0.00,0.00
2025-02-01,DL,1147,ORD,ATL,1105,1403,118.00,-6.00,-16.00,0.00,0.00
2025-02-01,DL,1477,ORD,ATL,1455,1752,117.00,32.00,14.00,0.00,0.00
2025-02-01,DL,976,ORD,ATL,1710,2017,127.00,-11.00,-36.00,0.00,0.00
2025-02-01,DL,569,SEA,ATL,0615,1358,283.00,-1.00,-18.00,0.00,0.00
2025-02-01,DL,562,SEA,ATL,0845,1631,286.00,-2.00,-22.00,0.00,0.00
2025-02-01,DL,542,SEA,ATL,1200,1958,298.00,37.00,3.00,0.00,0.00
2025-02-01,DL,567,SEA,ATL,1605,2350,285.00,-10.00,-36.00,0.00,0.00
2025-02-01,DL,652,SEA,ATL,2305,0647,282.00,0.00,-26.00,0.00,0.00
2025-02-02,DL,849,ATL,BOS,0710,0947,157.00,2.00,-6.00,0.00,0.00
2025-02-02,DL,996,ATL,LAX,0730,0945,315.00,-4.00,-13.00,0.00,0.00
2025-02-02,DL,444,ATL,SEA,0758,1045,347.00,-1.00,7.00,0.00,0.00
2025-02-02,DL,346,ATL,DEN,0820,0946,206.00,-5.00,-11.00,0.00,0.00
2025-02-02,DL,1147,ATL,ORD,0848,0955,127.00,2.00,-9.00,0.00,0.00
2025-02-02,DL,898,ATL,LAX,0855,1055,300.00,8.00,-9.00,0.00,0.00
2025-02-02,DL,995,ATL,DEN,0945,1112,207.00,-7.00,-21.00,0.00,0.00
2025-02-02,DL,774,ATL,SEA,0945,1231,346.00,-5.00,1.00,0.00,0.00
2025-02-02,DL,855,ATL,BOS,1000,1237,157.00,16.00,-8.00,0.00,0.00
2025-02-02,DL,501,ATL,LAX,1039,1250,311.00,-6.00,-33.00,0.00,0.00
2025-02-02,DL,862,ATL,BOS,1105,1339,154.00,49.00,23.00,0.00,0.00
2025-02-02,DL,396,ATL,DEN,1121,1248,207.00,-6.00,-15.00,0.00,0.00
2025-02-02,DL,629,ATL,SEA,1138,1418,340.00,-2.00,10.00,0.00,0.00
2025-02-02,DL,350,ATL,BOS,1215,1445,150.00,-6.00,-25.00,0.00,0.00
2025-02-02,DL,895,ATL,LAX,1240,1444,304.00,0.00,-20.00,0.00,0.00
2025-02-02,DL,1477,ATL,ORD,1245,1349,124.00,-9.00,-7.00,0.00,0.00
2025-02-02,DL,530,ATL,DEN,1305,1425,200.00,-3.00,-12.00,0.00,0.00
2025-02-02,DL,753,ATL,LAX,1410,1619,309.00,-3.00,-30.00,0.00,0.00
2025-02-02,DL,519,ATL,DEN,1428,1549,201.00,-2.00,3.00,0.00,0.00
2025-02-02,DL,726,ATL,BOS,1435,1708,153.00,-4.00,-28.00,0.00,0.00
2025-02-02,DL,976,ATL,ORD,1445,1545,120.00,-3.00,-10.00,0.00,0.00
2025-02-02,DL,1219,ATL,LAX,1515,1722,307.00,-1.00,-29.00,0.00,0.00
2025-02-02,DL,481,ATL,SEA,1522,1800,338.00,3.00,26.00,0.00,0.00
2025-02-02,DL,2738,ATL,ORD,1625,1725,120.00,13.00,11.00,0.00,0.00
2025-02-02,DL,301,ATL,LAX,1650,1857,307.00,-5.00,-26.00,0.00,0.00
2025-02-02,DL,300,ATL,BOS,1755,2031,156.00,5.00,-20.00,0.00,0.00
2025-02-02,DL,746,ATL,DEN,1815,1943,208.00,-4.00,-10.00,0.00,0.00
2025-02-02,DL,500,ATL,LAX,1825,2040,315.00,3.00,-23.00,0.00,0.00
2025-02-02,DL,472,ATL,SEA,1923,2207,344.00,-5.00,5.00,0.00,0.00
2025-02-02,DL,1139,ATL,ORD,1945,2048,123.00,-2.00,-13.00,0.00,0.00
2025-02-02,DL,319,ATL,LAX,1956,2206,310.00,16.00,-5.00,0.00,0.00
2025-02-02,DL,518,ATL,BOS,2010,2247,157.00,-1.00,-20.00,0.00,0.00
2025-02-02,DL,493,ATL,DEN,2120,2246,206.00,-3.00,-8.00,0.00,0.00
2025-02-02,DL,331,ATL,LAX,2140,2349,309.00,4.00,-29.00,0.00,0.00
2025-02-02,DL,865,ATL,BOS,2225,0058,153.00,0.00,7.00,0.00,0.00
2025-02-02,DL,1199,ATL,ORD,2259,2359,120.00,-5.00,-8.00,0.00,0.00
2025-02-02,DL,695,BOS,ATL,0540,0848,188.00,-6.00,-25.00,0.00,0.00
2025-02-02,DL,923,BOS,ATL,0655,1000,185.00,208.00,188.00,0.00,0.00
2025-02-02,DL,456,BOS,ATL,0805,1112,187.00,6.00,-16.00,0.00,0.00
2025-02-02,DL,973,BOS,ATL,0945,1249,184.00,4.00,-12.00,0.00,0.00
2025-02-02,DL,376,BOS,ATL,1145,1446,181.00,-1.00,-18.00,0.00,0.00
2025-02-02,DL,322,BOS,ATL,1347,1645,178.00,0.00,-17.00,0.00,0.00
2025-02-02,DL,399,BOS,ATL,1550,1852,182.00,-5.00,-18.00,0.00,0.00
2025-02-02,DL,900,BOS,ATL,2025,2336,191.00,19.00,-2.00,0.00,0.00
2025-02-02,DL,341,DEN,ATL,0600,1053,173.00,1.00,-16.00,0.00,0.00
2025-02-02,DL,431,DEN,ATL,0710,1200,170.00,-3.00,-16.00,0.00,0.00
2025-02-02,DL,346,DEN,ATL,1051,1542,171.00,-4.00,-25.00,0.00,0.00
2025-02-02,DL,995,DEN,ATL,1217,1705,168.00,11.00,-6.00,0.00,0.00
2025-02-02,DL,396,DEN,ATL,1353,1845,172.00,0.00,-11.00,0.00,0.00
2025-02-02,DL,530,DEN,ATL,1530,2029,179.00,-3.00,-22.00,0.00,0.00
2025-02-02,DL,519,DEN,ATL,1654,2149,175.00,26.00,5.00,0.00,0.00
2025-02-02,DL,390,LAX,ATL,0615,1324,249.00,7.00,1.00,0.00,0.00
2025-02-02,DL,327,LAX,ATL,0715,1425,250.00,4.00,-10.00,0.00,0.00
2025-02-02,DL,515,LAX,ATL,0825,1535,250.00,-1.00,-1.00,0.00,0.00
2025-02-02,DL,528,LAX,ATL,1056,1813,257.00,-5.00,-28.00,0.00,0.00
2025-02-02,DL,395,LAX,ATL,1225,1930,245.00,0.00,-6.00,0.00,0.00
2025-02-02,DL,715,LAX,ATL,1415,2132,257.00,17.00,0.00,0.00,0.00
2025-02-02,DL,471,LAX,ATL,1730,0039,249.00,-13.00,-6.00,0.00,0.00
2025-02-02,DL,446,LAX,ATL,2155,0504,249.00,0.00,-18.00,0.00,0.00
2025-02-02,DL,899,LAX,ATL,2255,0558,243.00,10.00,1.00,0.00,0.00
2025-02-02,DL,320,LAX,ATL,2359,0708,249.00,-1.00,-11.00,0.00,0.00
2025-02-02,DL,1264,ORD,ATL,0545,0853,128.00,-9.00,2.00,0.00,0.00
2025-02-02,DL,1247,ORD,ATL,0735,1040,125.00,-12.00,-16.00,0.00,0.00
2025-02-02,DL,1147,ORD,ATL,1105,1403,118.00,-4.00,-18.00,0.00,0.00
2025-02-02,DL,1477,ORD,ATL,1459,1758,119.00,-3.00,-24.00,0.00,0.00
2025-02-02,DL,976,ORD,ATL,1655,2001,126.00,12.00,-11.00,0.00,0.00
2025-02-02,DL,2738,ORD,ATL,1835,2144,129.00,18.00,-6.00,0.00,0.00
2025-02-02,DL,569,SEA,ATL,0615,1358,283.00,24.00,-4.00,0.00,0.00
2025-02-02,DL,562,SEA,ATL,0845,1631,286.00,2.00,-26.00,0.00,0.00
2025-02-02,DL,542,SEA,ATL,1200,1958,298.00,10.00,-9.00,0.00,0.00
2025-02-02,DL,567,SEA,ATL,1605,2350,285.00,11.00,-17.00,0.00,0.00
2025-02-02,DL,652,SEA,ATL,2305,0647,282.00,2.00,-6.00,0.00,0.00
2025-02-03,DL,849,ATL,BOS,0710,0947,157.00,6.00,-10.00,0.00,0.00
2025-02-03,DL,996,ATL,LAX,0730,0945,315.00,0.00,-32.00,0.00,0.00
2025-02-03,DL,444,ATL,SEA,0758,1045,347.00,-1.00,4.00,0.00,0.00
2025-02-03,DL,346,ATL,DEN,0820,0946,206.00,-10.00,-10.00,0.00,0.00
2025-02-03,DL,1147,ATL,ORD,0835,0942,127.00,-5.00,-11.00,0.00,0.00
2025-02-03,DL,898,ATL,LAX,0855,1055,300.00,-6.00,-32.00,0.00,0.00
2025-02-03,DL,995,ATL,DEN,0945,1112,207.00,25.00,10.00,0.00,0.00
2025-02-03,DL,774,ATL,SEA,0945,1231,346.00,0.00,-3.00,0.00,0.00
2025-02-03,DL,855,ATL,BOS,1000,1237,157.00,3.00,-3.00,0.00,0.00
2025-02-03,DL,501,ATL,LAX,1039,1250,311.00,80.00,58.00,0.00,0.00
2025-02-03,DL,862,ATL,BOS,1105,1339,154.00,1.00,-6.00,0.00,0.00
2025-02-03,DL,396,ATL,DEN,1121,1248,207.00,1.00,2.00,0.00,0.00
2025-02-03,DL,629,ATL,SEA,1138,1418,340.00,4.00,9.00,0.00,0.00
2025-02-03,DL,350,ATL,BOS,1215,1449,154.00,-3.00,-16.00,0.00,0.00
2025-02-03,DL,895,ATL,LAX,1240,1444,304.00,6.00,-12.00,0.00,0.00
2025-02-03,DL,1477,ATL,ORD,1242,1343,121.00,0.00,15.00,0.00,0.00
2025-02-03,DL,530,ATL,DEN,1305,1425,200.00,3.00,-10.00,0.00,0.00
2025-02-03,DL,753,ATL,LAX,1410,1619,309.00,-4.00,-26.00,0.00,0.00
2025-02-03,DL,519,ATL,DEN,1428,1549,201.00,-6.00,-17.00,0.00,0.00
2025-02-03,DL,726,ATL,BOS,1435,1708,153.00,2.00,0.00,0.00,0.00
2025-02-03,DL,976,ATL,ORD,1445,1543,118.00,0.00,4.00,0.00,0.00
2025-02-03,DL,1219,ATL,LAX,1515,1722,307.00,4.00,-27.00,0.00,0.00
2025-02-03,DL,481,ATL,SEA,1522,1800,338.00,27.00,25.00,0.00,0.00
2025-02-03,DL,2738,ATL,ORD,1625,1725,120.00,0.00,0.00,0.00,0.00
2025-02-03,DL,301,ATL,LAX,1650,1857,307.00,-2.00,-34.00,0.00,0.00
2025-02-03,DL,300,ATL,BOS,1755,2031,156.00,-1.00,-11.00,0.00,0.00
2025-02-03,DL,746,ATL,DEN,1815,1943,208.00,39.00,23.00,0.00,0.00
2025-02-03,DL,500,ATL,LAX,1825,2040,315.00,15.00,16.00,0.00,0.00
2025-02-03,DL,472,ATL,SEA,1923,2207,344.00,17.00,24.00,0.00,0.00
2025-02-03,DL,1139,ATL,ORD,1945,2046,121.00,-1.00,-1.00,0.00,0.00
2025-02-03,DL,319,ATL,LAX,1956,2206,310.00,-4.00,-29.00,0.00,0.00
2025-02-03,DL,518,ATL,BOS,2010,2247,157.00,13.00,0.00,0.00,0.00
2025-02-03,DL,493,ATL,DEN,2120,2246,206.00,-5.00,-14.00,0.00,0.00
2025-02-03,DL,331,ATL,LAX,2140,2344,304.00,-2.00,-31.00,0.00,0.00
2025-02-03,DL,865,ATL,BOS,2225,0058,153.00,-8.00,-18.00,0.00,0.00
2025-02-03,DL,1199,ATL,ORD,2249,2349,120.00,-9.00,-15.00,0.00,0.00
2025-02-03,DL,695,BOS,ATL,0540,0848,188.00,0.00,18.00,0.00,0.00
2025-02-03,DL,923,BOS,ATL,0655,1000,185.00,-4.00,-2.00,0.00,0.00
2025-02-03,DL,456,BOS,ATL,0805,1112,187.00,59.00,65.00,0.00,0.00
2025-02-03,DL,973,BOS,ATL,0945,1249,184.00,17.00,25.00,0.00,0.00
2025-02-03,DL,376,BOS,ATL,1145,1446,181.00,0.00,-15.00,0.00,0.00
2025-02-03,DL,322,BOS,ATL,1347,1645,178.00,-1.00,-20.00,0.00,0.00
2025-02-03,DL,399,BOS,ATL,1550,1852,182.00,33.00,21.00,0.00,0.00
2025-02-03,DL,900,BOS,ATL,2025,2336,191.00,38.00,9.00,0.00,0.00
2025-02-03,DL,341,DEN,ATL,0600,1053,173.00,-2.00,-15.00,0.00,0.00
2025-02-03,DL,431,DEN,ATL,0710,1200,170.00,-4.00,-11.00,0.00,0.00
2025-02-03,DL,346,DEN,ATL,1051,1542,171.00,5.00,-11.00,0.00,0.00
2025-02-03,DL,995,DEN,ATL,1217,1705,168.00,17.00,5.00,0.00,0.00
2025-02-03,DL,396,DEN,ATL,1353,1845,172.00,-3.00,-15.00,0.00,0.00
2025-02-03,DL,530,DEN,ATL,1530,2029,179.00,-4.00,-24.00,0.00,0.00
2025-02-03,DL,519,DEN,ATL,1654,2150,176.00,-8.00,-29.00,0.00,0.00
2025-02-03,DL,390,LAX,ATL,0615,1324,249.00,5.00,-6.00,0.00,0.00
2025-02-03,DL,327,LAX,ATL,0715,1425,250.00,-5.00,-11.00,0.00,0.00
2025-02-03,DL,515,LAX,ATL,0825,1535,250.00,-4.00,-1.00,0.00,0.00
2025-02-03,DL,528,LAX,ATL,1056,1813,257.00,3.00,9.00,0.00,0.00
2025-02-03,DL,395,LAX,ATL,1225,1930,245.00,-6.00,12.00,0.00,0.00
2025-02-03,DL,715,LAX,ATL,1415,2132,257.00,49.00,39.00,0.00,0.00
2025-02-03,DL,471,LAX,ATL,1730,0039,249.00,-8.00,-19.00,0.00,0.00
2025-02-03,DL,446,LAX,ATL,2155,0504,249.00,5.00,-4.00,0.00,0.00
2025-02-03,DL,899,LAX,ATL,2255,0558,243.00,11.00,3.00,0.00,0.00
2025-02-03,DL,320,LAX,ATL,2359,0708,249.00,-10.00,-12.00,0.00,0.00
2025-02-03,DL,1264,ORD,ATL,0545,0853,128.00,6.00,-9.00,0.00,0.00
2025-02-03,DL,1247,ORD,ATL,0800,1103,123.00,1.00,-18.00,0.00,0.00
2025-02-03,DL,1147,ORD,ATL,1105,1403,118.00,-4.00,-21.00,0.00,0.00
2025-02-03,DL,1477,ORD,ATL,1455,1753,118.00,0.00,-7.00,0.00,0.00
2025-02-03,DL,976,ORD,ATL,1655,2000,125.00,-13.00,-31.00,0.00,0.00
2025-02-03,DL,2738,ORD,ATL,1835,2144,129.00,-12.00,-23.00,0.00,0.00
2025-02-03,DL,569,SEA,ATL,0615,1358,283.00,65.00,44.00,0.00,0.00
2025-02-03,DL,562,SEA,ATL,0845,1631,286.00,40.00,33.00,0.00,0.00
2025-02-03,DL,542,SEA,ATL,1200,1958,298.00,63.00,29.00,0.00,0.00
2025-02-03,DL,567,SEA,ATL,1605,2350,285.00,-8.00,-36.00,0.00,0.00
2025-02-03,DL,652,SEA,ATL,2305,0647,282.00,2.00,-2.00,0.00,0.00
2025-02-04,DL,849,ATL,BOS,0710,0947,157.00,-5.00,-23.00,0.00,0.00
2025-02-04,DL,996,ATL,LAX,0730,0945,315.00,-1.00,-14.00,0.00,0.00
2025-02-04,DL,444,ATL,SEA,0758,1045,347.00,-3.00,-22.00,0.00,0.00
2025-02-04,DL,346,ATL,DEN,0820,0946,206.00,-12.00,6.00,0.00,0.00
2025-02-04,DL,1147,ATL,ORD,0835,0942,127.00,65.00,61.00,0.00,0.00
2025-02-04,DL,898,ATL,LAX,0855,1055,300.00,16.00,-8.00,0.00,0.00
2025-02-04,DL,995,ATL,DEN,0945,1112,207.00,-5.00,-4.00,0.00,0.00
2025-02-04,DL,774,ATL,SEA,0945,1231,346.00,-2.00,-8.00,0.00,0.00
2025-02-04,DL,855,ATL,BOS,1000,1237,157.00,-4.00,-11.00,0.00,0.00
2025-02-04,DL,501,ATL,LAX,1039,1250,311.00,10.00,-20.00,0.00,0.00
2025-02-04,DL,862,ATL,BOS,1105,1339,154.00,-6.00,-21.00,0.00,0.00
2025-02-04,DL,396,ATL,DEN,1121,1248,207.00,-6.00,-15.00,0.00,0.00
2025-02-04,DL,629,ATL,SEA,1138,1418,340.00,-3.00,-11.00,0.00,0.00
2025-02-04,DL,350,ATL,BOS,1215,1449,154.00,-8.00,-24.00,0.00,0.00
2025-02-04,DL,895,ATL,LAX,1240,1444,304.00,-1.00,-9.00,0.00,0.00
2025-02-04,DL,1477,ATL,ORD,1242,1343,121.00,-4.00,-5.00,0.00,0.00
2025-02-04,DL,530,ATL,DEN,1305,1425,200.00,-6.00,-20.00,0.00,0.00
2025-02-04,DL,753,ATL,LAX,1410,1619,309.00,-4.00,-27.00,0.00,0.00
2025-02-04,DL,519,ATL,DEN,1428,1549,201.00,-7.00,-19.00,0.00,0.00
2025-02-04,DL,726,ATL,BOS,1435,1708,153.00,-7.00,-10.00,0.00,0.00
2025-02-04,DL,976,ATL,ORD,1445,1543,118.00,-8.00,-6.00,0.00,0.00
2025-02-04,DL,1219,ATL,LAX,1515,1722,307.00,-7.00,-27.00,0.00,0.00
2025-02-04,DL,481,ATL,SEA,1518,1800,342.00,12.00,2.00,0.00,0.00
2025-02-04,DL,2738,ATL,ORD,1625,1725,120.00,72.00,86.00,0.00,0.00
2025-02-04,DL,301,ATL,LAX,1650,1857,307.00,9.00,3.00,0.00,0.00
2025-02-04,DL,300,ATL,BOS,1755,2031,156.00,-6.00,-20.00,0.00,0.00
2025-02-04,DL,500,ATL,LAX,1825,2040,315.00,-1.00,-33.00,0.00,0.00
2025-02-04,DL,472,ATL,SEA,1923,2207,344.00,10.00,-5.00,0.00,0.00
2025-02-04,DL,1139,ATL,ORD,1945,2046,121.00,-2.00,10.00,0.00,0.00
2025-02-04,DL,518,ATL,BOS,2010,2247,157.00,-6.00,-18.00,0.00,0.00
2025-02-04,DL,331,ATL,LAX,2059,2310,311.00,-6.00,-16.00,0.00,0.00
2025-02-04,DL,493,ATL,DEN,2120,2246,206.00,-3.00,-13.00,0.00,0.00
2025-02-04,DL,865,ATL,BOS,2225,0058,153.00,-4.00,-20.00,0.00,0.00
2025-02-04,DL,1199,ATL,ORD,2249,2349,120.00,-1.00,0.00,0.00,0.00
2025-02-04,DL,695,BOS,ATL,0540,0848,188.00,-6.00,-4.00,0.00,0.00
2025-02-04,DL,923,BOS,ATL,0655,1000,185.00,-5.00,-10.00,0.00,0.00
2025-02-04,DL,456,BOS,ATL,0805,1112,187.00,-9.00,-37.00,0.00,0.00
2025-02-04,DL,973,BOS,ATL,0945,1249,184.00,-7.00,-32.00,0.00,0.00
2025-02-04,DL,376,BOS,ATL,1145,1446,181.00,-5.00,-25.00,0.00,0.00
2025-02-04,DL,322,BOS,ATL,1347,1645,178.00,-6.00,-27.00,0.00,0.00
2025-02-04,DL,399,BOS,ATL,1550,1852,182.00,-5.00,-25.00,0.00,0.00
2025-02-04,DL,385,BOS,ATL,1835,2148,193.00,-2.00,-22.00,0.00,0.00
2025-02-04,DL,341,DEN,ATL,0600,1053,173.00,-6.00,-3.00,0.00,0.00
2025-02-04,DL,431,DEN,ATL,0710,1200,170.00,-4.00,-1.00,0.00,0.00
2025-02-04,DL,346,DEN,ATL,1051,1542,171.00,-1.00,-6.00,0.00,0.00
2025-02-04,DL,995,DEN,ATL,1217,1705,168.00,2.00,-12.00,0.00,0.00
2025-02-04,DL,396,DEN,ATL,1353,1845,172.00,-4.00,-13.00,0.00,0.00
2025-02-04,DL,530,DEN,ATL,1530,2029,179.00,-9.00,-25.00,0.00,0.00
2025-02-04,DL,390,LAX,ATL,0615,1324,249.00,-2.00,-14.00,0.00,0.00
2025-02-04,DL,327,LAX,ATL,0715,1425,250.00,5.00,-9.00,0.00,0.00
2025-02-04,DL,515,LAX,ATL,0825,1535,250.00,-9.00,-7.00,0.00,0.00
2025-02-04,DL,528,LAX,ATL,1056,1813,257.00,5.00,-18.00,0.00,0.00
2025-02-04,DL,395,LAX,ATL,1225,1930,245.00,-5.00,-13.00,0.00,0.00
2025-02-04,DL,715,LAX,ATL,1415,2132,257.00,17.00,-13.00,0.00,0.00
2025-02-04,DL,471,LAX,ATL,1730,0039,249.00,-4.00,-14.00,0.00,0.00
2025-02-04,DL,446,LAX,ATL,2155,0504,249.00,-4.00,-19.00,0.00,0.00
2025-02-04,DL,899,LAX,ATL,2255,0558,243.00,2.00,-8.00,0.00,0.00
2025-02-04,DL,1264,ORD,ATL,0545,0853,128.00,-7.00,-9.00,0.00,0.00
2025-02-04,DL,1247,ORD,ATL,0800,1103,123.00,-10.00,-32.00,0.00,0.00
2025-02-04,DL,1147,ORD,ATL,1105,1403,118.00,50.00,51.00,0.00,0.00
2025-02-04,DL,1477,ORD,ATL,1455,1753,118.00,0.00,-11.00,0.00,0.00
2025-02-04,DL,976,ORD,ATL,1710,2017,127.00,71.00,43.00,0.00,0.00
2025-02-04,DL,2738,ORD,ATL,1835,2144,129.00,60.00,31.00,0.00,0.00
2025-02-04,DL,569,SEA,ATL,0615,1358,283.00,26.00,23.00,0.00,0.00
2025-02-04,DL,562,SEA,ATL,0845,1631,286.00,-1.00,-19.00,0.00,0.00
2025-02-04,DL,542,SEA,ATL,1200,1958,298.00,11.00,-15.00,0.00,0.00
2025-02-04,DL,567,SEA,ATL,1605,2350,285.00,-11.00,-33.00,0.00,0.00
2025-02-04,DL,652,SEA,ATL,2305,0647,282.00,100.00,81.00,0.00,0.00
2025-02-05,DL,849,ATL,BOS,0710,0947,157.00,21.00,6.00,0.00,0.00
2025-02-05,DL,996,ATL,LAX,0730,0945,315.00,-4.00,-5.00,0.00,0.00
2025-02-05,DL,444,ATL,SEA,0758,1045,347.00,-6.00,-11.00,0.00,0.00
2025-02-05,DL,346,ATL,DEN,0820,0946,206.00,-6.00,-8.00,0.00,0.00
2025-02-05,DL,1147,ATL,ORD,0835,0942,127.00,-4.00,-4.00,0.00,0.00
2025-02-05,DL,898,ATL,LAX,0855,1055,300.00,-6.00,8.00,0.00,0.00
2025-02-05,DL,995,ATL,DEN,0945,1112,207.00,-3.00,-10.00,0.00,0.00
2025-02-05,DL,774,ATL,SEA,0945,1231,346.00,14.00,-9.00,0.00,0.00
2025-02-05,DL,855,ATL,BOS,1000,1237,157.00,-5.00,-17.00,0.00,0.00
2025-02-05,DL,501,ATL,LAX,1039,1250,311.00,0.00,-21.00,0.00,0.00
2025-02-05,DL,862,ATL,BOS,1105,1339,154.00,-8.00,-14.00,0.00,0.00
2025-02-05,DL,396,ATL,DEN,1121,1248,207.00,-6.00,5.00,0.00,0.00
2025-02-05,DL,629,ATL,SEA,1138,1418,340.00,2.00,2.00,0.00,0.00
2025-02-05,DL,350,ATL,BOS,1215,1449,154.00,-5.00,-15.00,0.00,0.00
2025-02-05,DL,895,ATL,LAX,1240,1444,304.00,-6.00,-15.00,0.00,0.00
2025-02-05,DL,1477,ATL,ORD,1242,1343,121.00,-2.00,-2.00,0.00,0.00
2025-02-05,DL,530,ATL,DEN,1305,1425,200.00,-6.00,4.00,0.00,0.00
2025-02-05,DL,753,ATL,LAX,1410,1619,309.00,-4.00,7.00,0.00,0.00
2025-02-05,DL,519,ATL,DEN,1428,1549,201.00,-6.00,15.00,0.00,0.00
2025-02-05,DL,726,ATL,BOS,1435,1708,153.00,-6.00,-16.00,0.00,0.00
2025-02-05,DL,976,ATL,ORD,1445,1543,118.00,-4.00,10.00,0.00,0.00
2025-02-05,DL,1219,ATL,LAX,1515,1722,307.00,-3.00,-1.00,0.00,0.00
2025-02-05,DL,481,ATL,SEA,1518,1800,342.00,29.00,32.00,0.00,0.00
2025-02-05,DL,2738,ATL,ORD,1625,1725,120.00,-6.00,-11.00,0.00,0.00
2025-02-05,DL,301,ATL,LAX,1650,1857,307.00,-4.00,-20.00,0.00,0.00
2025-02-05,DL,300,ATL,BOS,1755,2031,156.00,0.00,-16.00,0.00,0.00
2025-02-05,DL,500,ATL,LAX,1825,2040,315.00,-6.00,-31.00,0.00,0.00
2025-02-05,DL,472,ATL,SEA,1923,2207,344.00,26.00,23.00,0.00,0.00
2025-02-05,DL,1139,ATL,ORD,1945,2046,121.00,-5.00,-11.00,0.00,0.00
2025-02-05,DL,518,ATL,BOS,2010,2247,157.00,-1.00,-15.00,0.00,0.00
2025-02-05,DL,331,ATL,LAX,2105,2315,310.00,48.00,48.00,0.00,0.00
2025-02-05,DL,493,ATL,DEN,2120,2246,206.00,-2.00,0.00,0.00,0.00
2025-02-05,DL,865,ATL,BOS,2225,0058,153.00,-1.00,-16.00,0.00,0.00
2025-02-05,DL,1199,ATL,ORD,2249,2349,120.00,-6.00,-1.00,0.00,0.00
2025-02-05,DL,695,BOS,ATL,0540,0848,188.00,-5.00,-27.00,0.00,0.00
2025-02-05,DL,923,BOS,ATL,0655,1000,185.00,-7.00,-33.00,0.00,0.00
2025-02-05,DL,456,BOS,ATL,0805,1112,187.00,-8.00,-27.00,0.00,0.00
2025-02-05,DL,973,BOS,ATL,0945,1249,184.00,-8.00,-16.00,0.00,0.00
2025-02-05,DL,376,BOS,ATL,1145,1446,181.00,3.00,-18.00,0.00,0.00
2025-02-05,DL,322,BOS,ATL,1347,1645,178.00,-5.00,-11.00,0.00,0.00
2025-02-05,DL,399,BOS,ATL,1550,1852,182.00,3.00,-29.00,0.00,0.00
2025-02-05,DL,385,BOS,ATL,1835,2148,193.00,3.00,-14.00,0.00,0.00
2025-02-05,DL,341,DEN,ATL,0600,1053,173.00,-6.00,-5.00,0.00,0.00
2025-02-05,DL,431,DEN,ATL,0710,1200,170.00,-1.00,1.00,0.00,0.00
2025-02-05,DL,346,DEN,ATL,1051,1542,171.00,0.00,-10.00,0.00,0.00
2025-02-05,DL,995,DEN,ATL,1217,1705,168.00,12.00,16.00,0.00,0.00
2025-02-05,DL,396,DEN,ATL,1353,1845,172.00,16.00,69.00,0.00,0.00
2025-02-05,DL,530,DEN,ATL,1530,2029,179.00,3.00,42.00,0.00,0.00
2025-02-05,DL,390,LAX,ATL,0615,1324,249.00,-6.00,-24.00,0.00,0.00
2025-02-05,DL,327,LAX,ATL,0715,1425,250.00,0.00,-14.00,0.00,0.00
2025-02-05,DL,515,LAX,ATL,0825,1535,250.00,-5.00,-23.00,0.00,0.00
2025-02-05,DL,528,LAX,ATL,1056,1813,257.00,55.00,29.00,0.00,0.00
2025-02-05,DL,395,LAX,ATL,1225,1930,245.00,-3.00,-22.00,0.00,0.00
2025-02-05,DL,715,LAX,ATL,1415,2132,257.00,20.00,-4.00,0.00,0.00
2025-02-05,DL,471,LAX,ATL,1730,0039,249.00,-5.00,-30.00,0.00,0.00
2025-02-05,DL,446,LAX,ATL,2155,0504,249.00,2.00,-24.00,0.00,0.00
2025-02-05,DL,899,LAX,ATL,2255,0558,243.00,35.00,11.00,0.00,0.00
2025-02-05,DL,1264,ORD,ATL,0545,0853,128.00,-8.00,-2.00,0.00,0.00
2025-02-05,DL,1247,ORD,ATL,0800,1103,123.00,-4.00,-23.00,0.00,0.00
2025-02-05,DL,1147,ORD,ATL,1105,1403,118.00,5.00,-9.00,0.00,0.00
2025-02-05,DL,1477,ORD,ATL,1455,1753,118.00,-1.00,-2.00,0.00,0.00
2025-02-05,DL,976,ORD,ATL,1710,2017,127.00,-6.00,-24.00,0.00,0.00
2025-02-05,DL,2738,ORD,ATL,1835,2144,129.00,-15.00,-18.00,0.00,0.00
2025-02-05,DL,569,SEA,ATL,0615,1358,283.00,20.00,47.00,0.00,0.00
2025-02-05,DL,562,SEA,ATL,0845,1631,286.00,-2.00,-11.00,0.00,0.00
2025-02-05,DL,542,SEA,ATL,1200,1958,298.00,0.00,-24.00,0.00,0.00
2025-02-05,DL,567,SEA,ATL,1605,2350,285.00,-4.00,-37.00,0.00,0.00
2025-02-05,DL,652,SEA,ATL,2305,0647,282.00,3.00,-10.00,0.00,0.00
2025-02-06,DL,849,ATL,BOS,0710,0947,157.00,-1.00,-10.00,0.00,0.00
2025-02-06,DL,996,ATL,LAX,0730,0945,315.00,-3.00,-18.00,0.00,0.00
2025-02-06,DL,444,ATL,SEA,0758,1045,347.00,10.00,13.00,0.00,0.00
2025-02-06,DL,346,ATL,DEN,0820,0946,206.00,8.00,27.00,0.00,0.00
2025-02-06,DL,1147,ATL,ORD,0835,0942,127.00,13.00,7.00,0.00,0.00
2025-02-06,DL,898,ATL,LAX,0855,1055,300.00,8.00,-5.00,0.00,0.00
2025-02-06,DL,995,ATL,DEN,0945,1112,207.00,33.00,28.00,0.00,0.00
2025-02-06,DL,774,ATL,SEA,0945,1231,346.00,3.00,39.00,0.00,0.00
2025-02-06,DL,855,ATL,BOS,1000,1237,157.00,-5.00,-8.00,0.00,0.00
2025-02-06,DL,501,ATL,LAX,1039,1250,311.00,4.00,-6.00,0.00,0.00
2025-02-06,DL,862,ATL,BOS,1105,1339,154.00,25.00,36.00,0.00,0.00
2025-02-06,DL,396,ATL,DEN,1121,1248,207.00,1.00,-1.00,0.00,0.00
2025-02-06,DL,629,ATL,SEA,1138,1418,340.00,-2.00,23.00,0.00,0.00
2025-02-06,DL,350,ATL,BOS,1215,1449,154.00,19.00,31.00,0.00,0.00
2025-02-06,DL,895,ATL,LAX,1240,1444,304.00,-1.00,-4.00,0.00,0.00
2025-02-06,DL,1477,ATL,ORD,1242,1343,121.00,20.00,16.00,0.00,0.00
2025-02-06,DL,530,ATL,DEN,1305,1425,200.00,-1.00,14.00,0.00,0.00
2025-02-06,DL,753,ATL,LAX,1410,1619,309.00,0.00,-2.00,0.00,0.00
2025-02-06,DL,519,ATL,DEN,1428,1549,201.00,27.00,34.00,0.00,0.00
2025-02-06,DL,726,ATL,BOS,1435,1708,153.00,58.00,51.00,0.00,0.00
2025-02-06,DL,976,ATL,ORD,1445,1545,120.00,-5.00,-4.00,0.00,0.00
2025-02-06,DL,1219,ATL,LAX,1515,1722,307.00,-5.00,-20.00,0.00,0.00
2025-02-06,DL,481,ATL,SEA,1522,1800,338.00,14.00,57.00,0.00,0.00
2025-02-06,DL,2738,ATL,ORD,1625,1725,120.00,40.00,105.00,0.00,0.00
2025-02-06,DL,301,ATL,LAX,1650,1857,307.00,5.00,4.00,0.00,0.00
2025-02-06,DL,300,ATL,BOS,1755,2031,156.00,47.00,27.00,0.00,0.00
2025-02-06,DL,746,ATL,DEN,1815,1943,208.00,33.00,25.00,0.00,0.00
2025-02-06,DL,500,ATL,LAX,1825,2040,315.00,-8.00,-21.00,0.00,0.00
2025-02-06,DL,472,ATL,SEA,1923,2207,344.00,5.00,20.00,0.00,0.00
2025-02-06,DL,1139,ATL,ORD,1945,2046,121.00,1.00,27.00,0.00,0.00
2025-02-06,DL,319,ATL,LAX,2005,2218,313.00,-7.00,13.00,0.00,0.00
2025-02-06,DL,518,ATL,BOS,2010,2247,157.00,-4.00,-2.00,0.00,0.00
2025-02-06,DL,493,ATL,DEN,2120,2246,206.00,-7.00,-13.00,0.00,0.00
2025-02-06,DL,331,ATL,LAX,2140,2344,304.00,-2.00,-10.00,0.00,0.00
2025-02-06,DL,865,ATL,BOS,2225,0058,153.00,18.00,25.00,0.00,0.00
2025-02-06,DL,1199,ATL,ORD,2249,2349,120.00,22.00,33.00,0.00,0.00
2025-02-06,DL,695,BOS,ATL,0540,0848,188.00,1.00,-4.00,0.00,0.00
2025-02-06,DL,923,BOS,ATL,0655,1000,185.00,-4.00,-12.00,0.00,0.00
2025-02-06,DL,456,BOS,ATL,0805,1112,187.00,24.00,49.00,0.00,0.00
2025-02-06,DL,973,BOS,ATL,0945,1249,184.00,3.00,10.00,0.00,0.00
2025-02-06,DL,376,BOS,ATL,1145,1446,181.00,4.00,55.00,0.00,0.00
2025-02-06,DL,322,BOS,ATL,1347,1645,178.00,38.00,48.00,0.00,0.00
2025-02-06,DL,399,BOS,ATL,1550,1852,182.00,29.00,12.00,0.00,0.00
2025-02-06,DL,900,BOS,ATL,2025,2336,191.00,6.00,9.00,0.00,0.00
2025-02-06,DL,341,DEN,ATL,0600,1053,173.00,3.00,1.00,0.00,0.00
2025-02-06,DL,431,DEN,ATL,0710,1200,170.00,220.00,196.00,0.00,0.00
2025-02-06,DL,346,DEN,ATL,1051,1542,171.00,19.00,6.00,0.00,0.00
2025-02-06,DL,995,DEN,ATL,1217,1705,168.00,35.00,13.00,0.00,0.00
2025-02-06,DL,396,DEN,ATL,1353,1845,172.00,0.00,-18.00,0.00,0.00
2025-02-06,DL,530,DEN,ATL,1530,2029,179.00,15.00,-6.00,0.00,0.00
2025-02-06,DL,519,DEN,ATL,1654,2150,176.00,30.00,-1.00,0.00,0.00
2025-02-06,DL,390,LAX,ATL,0615,1324,249.00,85.00,54.00,0.00,0.00
2025-02-06,DL,327,LAX,ATL,0715,1425,250.00,0.00,-17.00,0.00,0.00
2025-02-06,DL,515,LAX,ATL,0825,1535,250.00,-3.00,3.00,0.00,0.00
2025-02-06,DL,528,LAX,ATL,1056,1813,257.00,-3.00,-41.00,0.00,0.00
2025-02-06,DL,395,LAX,ATL,1225,1930,245.00,0.00,-18.00,0.00,0.00
2025-02-06,DL,715,LAX,ATL,1415,2132,257.00,1.00,-3.00,0.00,0.00
2025-02-06,DL,471,LAX,ATL,1730,0039,249.00,-7.00,-31.00,0.00,0.00
2025-02-06,DL,446,LAX,ATL,2155,0504,249.00,0.00,-12.00,0.00,0.00
2025-02-06,DL,899,LAX,ATL,2255,0558,243.00,-4.00,-16.00,0.00,0.00
2025-02-06,DL,320,LAX,ATL,2359,0708,249.00,0.00,-10.00,0.00,0.00
2025-02-06,DL,1264,ORD,ATL,0545,0853,128.00,2.00,-7.00,0.00,0.00
2025-02-06,DL,1247,ORD,ATL,0800,1103,123.00,19.00,69.00,0.00,0.00
2025-02-06,DL,1147,ORD,ATL,1105,1403,118.00,-2.00,-6.00,0.00,0.00
2025-02-06,DL,1477,ORD,ATL,1455,1753,118.00,22.00,15.00,0.00,0.00
2025-02-06,DL,976,ORD,ATL,1655,2001,126.00,1.00,-22.00,0.00,0.00
2025-02-06,DL,2738,ORD,ATL,1835,2144,129.00,93.00,61.00,0.00,0.00
2025-02-06,DL,569,SEA,ATL,0615,1358,283.00,0.00,-24.00,0.00,0.00
2025-02-06,DL,562,SEA,ATL,0845,1631,286.00,-3.00,-18.00,0.00,0.00
2025-02-06,DL,542,SEA,ATL,1200,1958,298.00,10.00,-9.00,0.00,0.00
2025-02-06,DL,567,SEA,ATL,1605,2350,285.00,82.00,77.00,0.00,0.00
2025-02-06,DL,652,SEA,ATL,2305,0647,282.00,-3.00,-19.00,0.00,0.00
2025-02-07,DL,8800,ATL,LAX,0700,0909,309.00,-5.00,-17.00,0.00,0.00
2025-02-07,DL,849,ATL,BOS,0710,0947,157.00,-3.00,-19.00,0.00,0.00
2025-02-07,DL,996,ATL,LAX,0730,0945,315.00,1.00,-13.00,0.00,0.00
2025-02-07,DL,444,ATL,SEA,0758,1045,347.00,-3.00,7.00,0.00,0.00
2025-02-07,DL,346,ATL,DEN,0820,0946,206.00,-3.00,-12.00,0.00,0.00
2025-02-07,DL,1147,ATL,ORD,0835,0942,127.00,-3.00,0.00,0.00,0.00
2025-02-07,DL,898,ATL,LAX,0855,1055,300.00,-6.00,-22.00,0.00,0.00
2025-02-07,DL,995,ATL,DEN,0945,1112,207.00,21.00,23.00,0.00,0.00
2025-02-07,DL,774,ATL,SEA,0945,1231,346.00,-2.00,-3.00,0.00,0.00
2025-02-07,DL,855,ATL,BOS,1000,1237,157.00,-2.00,-13.00,0.00,0.00
2025-02-07,DL,501,ATL,LAX,1039,1250,311.00,11.00,-5.00,0.00,0.00
2025-02-07,DL,862,ATL,BOS,1105,1339,154.00,3.00,-12.00,0.00,0.00
2025-02-07,DL,396,ATL,DEN,1121,1248,207.00,-3.00,-6.00,0.00,0.00
2025-02-07,DL,629,ATL,SEA,1138,1418,340.00,0.00,-11.00,0.00,0.00
2025-02-07,DL,350,ATL,BOS,1215,1449,154.00,34.00,21.00,0.00,0.00
2025-02-07,DL,895,ATL,LAX,1240,1444,304.00,114.00,116.00,0.00,0.00
2025-02-07,DL,1477,ATL,ORD,1242,1343,121.00,-2.00,2.00,0.00,0.00
2025-02-07,DL,530,ATL,DEN,1305,1425,200.00,-1.00,-8.00,0.00,0.00
2025-02-07,DL,753,ATL,LAX,1410,1619,309.00,0.00,-4.00,0.00,0.00
2025-02-07,DL,519,ATL,DEN,1428,1549,201.00,51.00,41.00,0.00,0.00
2025-02-07,DL,726,ATL,BOS,1435,1708,153.00,3.00,-10.00,0.00,0.00
2025-02-07,DL,976,ATL,ORD,1445,1545,120.00,-4.00,-6.00,0.00,0.00
2025-02-07,DL,1219,ATL,LAX,1515,1722,307.00,-8.00,-18.00,0.00,0.00
2025-02-07,DL,481,ATL,SEA,1522,1800,338.00,-4.00,0.00,0.00,0.00
2025-02-07,DL,2738,ATL,ORD,1625,1725,120.00,-6.00,-11.00,0.00,0.00
2025-02-07,DL,301,ATL,LAX,1650,1857,307.00,-4.00,-18.00,0.00,0.00
2025-02-07,DL,300,ATL,BOS,1755,2031,156.00,-2.00,-9.00,0.00,0.00
2025-02-07,DL,746,ATL,DEN,1815,1943,208.00,-1.00,-1.00,0.00,0.00
2025-02-07,DL,500,ATL,LAX,1825,2040,315.00,4.00,-9.00,0.00,0.00
2025-02-07,DL,472,ATL,SEA,1923,2207,344.00,4.00,6.00,0.00,0.00
2025-02-07,DL,1139,ATL,ORD,1945,2046,121.00,-5.00,3.00,0.00,0.00
2025-02-07,DL,319,ATL,LAX,1955,2205,310.00,-8.00,2.00,0.00,0.00
2025-02-07,DL,518,ATL,BOS,2010,2247,157.00,0.00,-16.00,0.00,0.00
2025-02-07,DL,493,ATL,DEN,2120,2246,206.00,-2.00,-7.00,0.00,0.00
2025-02-07,DL,331,ATL,LAX,2140,2344,304.00,8.00,6.00,0.00,0.00
2025-02-07,DL,865,ATL,BOS,2225,0058,153.00,-2.00,-15.00,0.00,0.00
2025-02-07,DL,1199,ATL,ORD,2249,2349,120.00,-3.00,-3.00,0.00,0.00
2025-02-07,DL,695,BOS,ATL,0540,0848,188.00,0.00,-10.00,0.00,0.00
2025-02-07,DL,923,BOS,ATL,0655,1000,185.00,-4.00,-4.00,0.00,0.00
2025-02-07,DL,456,BOS,ATL,0805,1112,187.00,1.00,-13.00,0.00,0.00
2025-02-07,DL,973,BOS,ATL,0945,1249,184.00,3.00,9.00,0.00,0.00
2025-02-07,DL,376,BOS,ATL,1145,1446,181.00,-6.00,-27.00,0.00,0.00
2025-02-07,DL,322,BOS,ATL,1347,1645,178.00,3.00,-4.00,0.00,0.00
2025-02-07,DL,399,BOS,ATL,1550,1852,182.00,2.00,-13.00,0.00,0.00
2025-02-07,DL,900,BOS,ATL,2025,2336,191.00,-8.00,-40.00,0.00,0.00
2025-02-07,DL,341,DEN,ATL,0600,1053,173.00,1.00,-6.00,0.00,0.00
2025-02-07,DL,431,DEN,ATL,0710,1200,170.00,-6.00,-5.00,0.00,0.00
2025-02-07,DL,346,DEN,ATL,1051,1542,171.00,-2.00,-24.00,0.00,0.00
2025-02-07,DL,995,DEN,ATL,1217,1705,168.00,27.00,12.00,0.00,0.00
2025-02-07,DL,396,DEN,ATL,1353,1845,172.00,-1.00,-13.00,0.00,0.00
2025-02-07,DL,530,DEN,ATL,1530,2029,179.00,3.00,-21.00,0.00,0.00
2025-02-07,DL,519,DEN,ATL,1654,2150,176.00,41.00,12.00,0.00,0.00
2025-02-07,DL,390,LAX,ATL,0615,1324,249.00,-1.00,-19.00,0.00,0.00
2025-02-07,DL,327,LAX,ATL,0715,1425,250.00,-8.00,-29.00,0.00,0.00
2025-02-07,DL,515,LAX,ATL,0825,1535,250.00,5.00,-9.00,0.00,0.00
2025-02-07,DL,528,LAX,ATL,1056,1813,257.00,-5.00,-26.00,0.00,0.00
2025-02-07,DL,395,LAX,ATL,1225,1930,245.00,0.00,-22.00,0.00,0.00
2025-02-07,DL,715,LAX,ATL,1415,2132,257.00,7.00,-28.00,0.00,0.00
2025-02-07,DL,471,LAX,ATL,1730,0039,249.00,134.00,106.00,0.00,0.00
2025-02-07,DL,446,LAX,ATL,2155,0504,249.00,-7.00,-33.00,0.00,0.00
2025-02-07,DL,899,LAX,ATL,2255,0558,243.00,-6.00,-21.00,0.00,0.00
2025-02-07,DL,320,LAX,ATL,2359,0708,249.00,-10.00,-22.00,0.00,0.00
2025-02-07,DL,1264,ORD,ATL,0545,0853,128.00,-4.00,-28.00,0.00,0.00
2025-02-07,DL,1247,ORD,ATL,0800,1103,123.00,53.00,36.00,0.00,0.00
2025-02-07,DL,1147,ORD,ATL,1105,1403,118.00,1.00,-16.00,0.00,0.00
2025-02-07,DL,1477,ORD,ATL,1455,1753,118.00,0.00,-21.00,0.00,0.00
2025-02-07,DL,976,ORD,ATL,1655,2001,126.00,-1.00,-25.00,0.00,0.00
2025-02-07,DL,2738,ORD,ATL,1835,2144,129.00,-9.00,-18.00,0.00,0.00
2025-02-07,DL,569,SEA,ATL,0615,1358,283.00,-3.00,-31.00,0.00,0.00
2025-02-07,DL,562,SEA,ATL,0845,1631,286.00,-3.00,-32.00,0.00,0.00
2025-02-07,DL,542,SEA,ATL,1200,1958,298.00,93.00,63.00,0.00,0.00
2025-02-07,DL,567,SEA,ATL,1605,2350,285.00,-9.00,-37.00,0.00,0.00
2025-02-07,DL,652,SEA,ATL,2305,0647,282.00,8.00,-15.00,0.00,0.00
2025-02-08,DL,849,ATL,BOS,0700,0935,155.00,0.00,-14.00,0.00,0.00
2025-02-08,DL,996,ATL,LAX,0730,0945,315.00,-2.00,-16.00,0.00,0.00
2025-02-08,DL,444,ATL,SEA,0758,1045,347.00,4.00,6.00,0.00,0.00
2025-02-08,DL,346,ATL,DEN,0820,0946,206.00,0.00,8.00,0.00,0.00
2025-02-08,DL,1147,ATL,ORD,0835,0942,127.00,-3.00,-4.00,0.00,0.00
2025-02-08,DL,898,ATL,LAX,0855,1055,300.00,0.00,-11.00,0.00,0.00
2025-02-08,DL,995,ATL,DEN,0945,1112,207.00,10.00,23.00,0.00,0.00
2025-02-08,DL,774,ATL,SEA,0945,1231,346.00,3.00,-10.00,0.00,0.00
2025-02-08,DL,855,ATL,BOS,1000,1238,158.00,-5.00,-12.00,0.00,0.00
2025-02-08,DL,501,ATL,LAX,1039,1250,311.00,11.00,-22.00,0.00,0.00
2025-02-08,DL,862,ATL,BOS,1105,1339,154.00,-2.00,-18.00,0.00,0.00
2025-02-08,DL,396,ATL,DEN,1121,1248,207.00,4.00,6.00,0.00,0.00
2025-02-08,DL,629,ATL,SEA,1138,1418,340.00,-6.00,-17.00,0.00,0.00
2025-02-08,DL,895,ATL,LAX,1240,1444,304.00,0.00,-18.00,0.00,0.00
2025-02-08,DL,1477,ATL,ORD,1243,1345,122.00,-4.00,-13.00,0.00,0.00
2025-02-08,DL,530,ATL,DEN,1305,1425,200.00,-2.00,4.00,0.00,0.00
2025-02-08,DL,753,ATL,LAX,1410,1619,309.00,-1.00,-24.00,0.00,0.00
2025-02-08,DL,519,ATL,DEN,1428,1549,201.00,-9.00,-9.00,0.00,0.00
2025-02-08,DL,726,ATL,BOS,1435,1708,153.00,1.00,-8.00,0.00,0.00
2025-02-08,DL,976,ATL,ORD,1445,1543,118.00,-9.00,-9.00,0.00,0.00
2025-02-08,DL,1219,ATL,LAX,1515,1722,307.00,-7.00,-25.00,0.00,0.00
2025-02-08,DL,481,ATL,SEA,1545,1827,342.00,-7.00,-18.00,0.00,0.00
2025-02-08,DL,301,ATL,LAX,1650,1857,307.00,20.00,9.00,0.00,0.00
2025-02-08,DL,2879,ATL,ORD,1740,1847,127.00,-3.00,7.00,0.00,0.00
2025-02-08,DL,300,ATL,BOS,1755,2031,156.00,-1.00,-5.00,0.00,0.00
2025-02-08,DL,746,ATL,DEN,1815,1943,208.00,0.00,-5.00,0.00,0.00
2025-02-08,DL,500,ATL,LAX,1825,2040,315.00,-6.00,-8.00,0.00,0.00
2025-02-08,DL,472,ATL,SEA,1923,2207,344.00,-3.00,-16.00,0.00,0.00
2025-02-08,DL,518,ATL,BOS,2010,2247,157.00,-2.00,-16.00,0.00,0.00
2025-02-08,DL,331,ATL,LAX,2059,2310,311.00,6.00,-13.00,0.00,0.00
2025-02-08,DL,493,ATL,DEN,2120,2246,206.00,-3.00,-5.00,0.00,0.00
2025-02-08,DL,865,ATL,BOS,2225,0058,153.00,4.00,-5.00,0.00,0.00
2025-02-08,DL,1199,ATL,ORD,2249,2349,120.00,-10.00,-19.00,0.00,0.00
2025-02-08,DL,695,BOS,ATL,0540,0848,188.00,-1.00,-22.00,0.00,0.00
2025-02-08,DL,923,BOS,ATL,0655,1000,185.00,3.00,-6.00,0.00,0.00
2025-02-08,DL,456,BOS,ATL,0805,1112,187.00,9.00,-15.00,0.00,0.00
2025-02-08,DL,973,BOS,ATL,0945,1249,184.00,0.00,-19.00,0.00,0.00
2025-02-08,DL,376,BOS,ATL,1200,1500,180.00,0.00,-11.00,0.00,0.00
2025-02-08,DL,399,BOS,ATL,1550,1852,182.00,2.00,-14.00,0.00,0.00
2025-02-08,DL,385,BOS,ATL,1835,2148,193.00,4.00,-14.00,0.00,0.00
2025-02-08,DL,341,DEN,ATL,0600,1053,173.00,0.00,2.00,0.00,0.00
2025-02-08,DL,431,DEN,ATL,0710,1200,170.00,-3.00,-12.00,0.00,0.00
2025-02-08,DL,346,DEN,ATL,1051,1542,171.00,16.00,-7.00,0.00,0.00
2025-02-08,DL,995,DEN,ATL,1217,1705,168.00,32.00,12.00,0.00,0.00
2025-02-08,DL,396,DEN,ATL,1353,1845,172.00,26.00,1.00,0.00,0.00
2025-02-08,DL,530,DEN,ATL,1530,2029,179.00,1.00,-29.00,0.00,0.00
2025-02-08,DL,519,DEN,ATL,1654,2150,176.00,3.00,-14.00,0.00,0.00
2025-02-08,DL,390,LAX,ATL,0615,1324,249.00,-2.00,-10.00,0.00,0.00
2025-02-08,DL,327,LAX,ATL,0715,1425,250.00,53.00,28.00,0.00,0.00
2025-02-08,DL,515,LAX,ATL,0825,1535,250.00,-12.00,-25.00,0.00,0.00
2025-02-08,DL,528,LAX,ATL,1056,1813,257.00,-4.00,-37.00,0.00,0.00
2025-02-08,DL,395,LAX,ATL,1225,1930,245.00,28.00,42.00,0.00,0.00
2025-02-08,DL,715,LAX,ATL,1415,2132,257.00,-6.00,-31.00,0.00,0.00
2025-02-08,DL,471,LAX,ATL,1730,0039,249.00,-9.00,-29.00,0.00,0.00
2025-02-08,DL,446,LAX,ATL,2155,0504,249.00,-3.00,-25.00,0.00,0.00
2025-02-08,DL,899,LAX,ATL,2255,0558,243.00,-7.00,-27.00,0.00,0.00
2025-02-08,DL,1264,ORD,ATL,0545,0853,128.00,-4.00,-18.00,0.00,0.00
2025-02-08,DL,1247,ORD,ATL,0800,1103,123.00,-5.00,-5.00,0.00,0.00
2025-02-08,DL,1147,ORD,ATL,1105,1403,118.00,-10.00,-21.00,0.00,0.00
2025-02-08,DL,1477,ORD,ATL,1455,1752,117.00,0.00,12.00,0.00,0.00
2025-02-08,DL,976,ORD,ATL,1710,2017,127.00,13.00,9.00,0.00,0.00
2025-02-08,DL,569,SEA,ATL,0615,1358,283.00,-2.00,-19.00,0.00,0.00
2025-02-08,DL,562,SEA,ATL,0835,1621,286.00,44.00,0.00,0.00,0.00
2025-02-08,DL,542,SEA,ATL,1200,1958,298.00,3.00,-21.00,0.00,0.00
2025-02-08,DL,567,SEA,ATL,1605,2350,285.00,-11.00,-44.00,0.00,0.00
2025-02-08,DL,652,SEA,ATL,2305,0647,282.00,-2.00,-21.00,0.00,0.00
2025-02-09,DL,849,ATL,BOS,0710,0947,157.00,-8.00,58.00,0.00,0.00
2025-02-09,DL,996,ATL,LAX,0730,0945,315.00,-9.00,-27.00,0.00,0.00
2025-02-09,DL,444,ATL,SEA,0758,1045,347.00,-5.00,-9.00,0.00,0.00
2025-02-09,DL,346,ATL,DEN,0820,0946,206.00,-6.00,-6.00,0.00,0.00
2025-02-09,DL,1147,ATL,ORD,0835,0941,126.00,-5.00,-18.00,0.00,0.00
2025-02-09,DL,898,ATL,LAX,0855,1055,300.00,-1.00,-17.00,0.00,0.00
2025-02-09,DL,995,ATL,DEN,0945,1112,207.00,35.00,29.00,0.00,0.00
2025-02-09,DL,774,ATL,SEA,0945,1231,346.00,-4.00,-22.00,0.00,0.00
2025-02-09,DL,855,ATL,BOS,1000,1238,158.00,60.00,34.00,0.00,0.00
2025-02-09,DL,501,ATL,LAX,1039,1250,311.00,-5.00,-5.00,0.00,0.00
2025-02-09,DL,862,ATL,BOS,1105,1339,154.00,-5.00,-5.00,0.00,0.00
2025-02-09,DL,396,ATL,DEN,1121,1248,207.00,-4.00,19.00,0.00,0.00
2025-02-09,DL,629,ATL,SEA,1138,1418,340.00,0.00,-14.00,0.00,0.00
2025-02-09,DL,895,ATL,LAX,1240,1444,304.00,3.00,-2.00,0.00,0.00
2025-02-09,DL,1477,ATL,ORD,1242,1343,121.00,-1.00,2.00,0.00,0.00
2025-02-09,DL,530,ATL,DEN,1305,1425,200.00,25.00,31.00,0.00,0.00
2025-02-09,DL,753,ATL,LAX,1410,1619,309.00,-4.00,16.00,0.00,0.00
2025-02-09,DL,519,ATL,DEN,1428,1549,201.00,-5.00,-1.00,0.00,0.00
2025-02-09,DL,726,ATL,BOS,1435,1708,153.00,-2.00,-17.00,0.00,0.00
2025-02-09,DL,976,ATL,ORD,1445,1545,120.00,-1.00,3.00,0.00,0.00
2025-02-09,DL,1219,ATL,LAX,1515,1722,307.00,0.00,-16.00,0.00,0.00
2025-02-09,DL,481,ATL,SEA,1545,1827,342.00,0.00,1.00,0.00,0.00
2025-02-09,DL,301,ATL,LAX,1650,1857,307.00,-5.00,-15.00,0.00,0.00
2025-02-09,DL,1139,ATL,ORD,1740,1847,127.00,61.00,62.00,0.00,0.00
2025-02-09,DL,300,ATL,BOS,1755,2031,156.00,-5.00,-15.00,0.00,0.00
2025-02-09,DL,746,ATL,DEN,1815,1943,208.00,3.00,-1.00,0.00,0.00
2025-02-09,DL,500,ATL,LAX,1825,2040,315.00,5.00,-16.00,0.00,0.00
2025-02-09,DL,472,ATL,SEA,1923,2207,344.00,3.00,1.00,0.00,0.00
2025-02-09,DL,518,ATL,BOS,2010,2247,157.00,8.00,-11.00,0.00,0.00
2025-02-09,DL,331,ATL,LAX,2059,2310,311.00,-5.00,-18.00,0.00,0.00
2025-02-09,DL,493,ATL,DEN,2120,2246,206.00,-2.00,-1.00,0.00,0.00
2025-02-09,DL,865,ATL,BOS,2225,0058,153.00,-4.00,-17.00,0.00,0.00
2025-02-09,DL,1199,ATL,ORD,2249,2349,120.00,-8.00,-14.00,0.00,0.00
2025-02-09,DL,695,BOS,ATL,0540,0848,188.00,2.00,33.00,0.00,0.00
2025-02-09,DL,923,BOS,ATL,0655,1000,185.00,-11.00,28.00,0.00,0.00
2025-02-09,DL,456,BOS,ATL,0805,1112,187.00,30.00,106.00,0.00,0.00
2025-02-09,DL,973,BOS,ATL,0945,1249,184.00,133.00,122.00,0.00,0.00
2025-02-09,DL,376,BOS,ATL,1200,1500,180.00,21.00,13.00,0.00,0.00
2025-02-09,DL,399,BOS,ATL,1550,1852,182.00,13.00,13.00,0.00,0.00
2025-02-09,DL,900,BOS,ATL,1805,2120,195.00,-2.00,-16.00,0.00,0.00
2025-02-09,DL,341,DEN,ATL,0600,1053,173.00,0.00,-10.00,0.00,0.00
2025-02-09,DL,431,DEN,ATL,0710,1200,170.00,0.00,-4.00,0.00,0.00
2025-02-09,DL,346,DEN,ATL,1051,1542,171.00,1.00,-8.00,0.00,0.00
2025-02-09,DL,995,DEN,ATL,1217,1705,168.00,43.00,27.00,0.00,0.00
2025-02-09,DL,396,DEN,ATL,1353,1845,172.00,18.00,0.00,0.00,0.00
2025-02-09,DL,530,DEN,ATL,1530,2029,179.00,47.00,19.00,0.00,0.00
2025-02-09,DL,519,DEN,ATL,1654,2150,176.00,-4.00,-25.00,0.00,0.00
2025-02-09,DL,390,LAX,ATL,0615,1324,249.00,7.00,-11.00,0.00,0.00
2025-02-09,DL,327,LAX,ATL,0715,1425,250.00,4.00,-18.00,0.00,0.00
2025-02-09,DL,515,LAX,ATL,0825,1535,250.00,-1.00,-14.00,0.00,0.00
2025-02-09,DL,528,LAX,ATL,1056,1813,257.00,0.00,-28.00,0.00,0.00
2025-02-09,DL,395,LAX,ATL,1225,1930,245.00,-1.00,-18.00,0.00,0.00
2025-02-09,DL,715,LAX,ATL,1415,2132,257.00,4.00,-30.00,0.00,0.00
2025-02-09,DL,471,LAX,ATL,1730,0039,249.00,9.00,-13.00,0.00,0.00
2025-02-09,DL,446,LAX,ATL,2155,0504,249.00,-1.00,-33.00,0.00,0.00
2025-02-09,DL,899,LAX,ATL,2255,0558,243.00,-3.00,-22.00,0.00,0.00
2025-02-09,DL,1264,ORD,ATL,0545,0853,128.00,-6.00,-29.00,0.00,0.00
2025-02-09,DL,1247,ORD,ATL,0705,1013,128.00,653.00,676.00,0.00,0.00
2025-02-09,DL,1147,ORD,ATL,1105,1403,118.00,2.00,-11.00,0.00,0.00
2025-02-09,DL,1477,ORD,ATL,1455,1753,118.00,10.00,6.00,0.00,0.00
2025-02-09,DL,976,ORD,ATL,1710,2017,127.00,11.00,-7.00,0.00,0.00
2025-02-09,DL,569,SEA,ATL,0615,1358,283.00,-1.00,-27.00,0.00,0.00
2025-02-09,DL,562,SEA,ATL,0845,1631,286.00,14.00,-13.00,0.00,0.00
2025-02-09,DL,542,SEA,ATL,1200,1958,298.00,42.00,28.00,0.00,0.00
2025-02-09,DL,567,SEA,ATL,1605,2350,285.00,66.00,35.00,0.00,0.00
2025-02-09,DL,652,SEA,ATL,2305,0647,282.00,22.00,-16.00,0.00,0.00
2025-02-10,DL,849,ATL,BOS,0710,0947,157.00,-7.00,-26.00,0.00,0.00
2025-02-10,DL,996,ATL,LAX,0730,0945,315.00,-4.00,-21.00,0.00,0.00
2025-02-10,DL,444,ATL,SEA,0758,1045,347.00,-6.00,-4.00,0.00,0.00
2025-02-10,DL,346,ATL,DEN,0820,0946,206.00,9.00,0.00,0.00,0.00
2025-02-10,DL,1147,ATL,ORD,0835,0942,127.00,2.00,-4.00,0.00,0.00
2025-02-10,DL,898,ATL,LAX,0855,1055,300.00,0.00,-13.00,0.00,0.00
2025-02-10,DL,995,ATL,DEN,0945,1112,207.00,13.00,3.00,0.00,0.00
2025-02-10,DL,774,ATL,SEA,0945,1231,346.00,-6.00,5.00,0.00,0.00
2025-02-10,DL,855,ATL,BOS,1000,1237,157.00,-5.00,-15.00,0.00,0.00
2025-02-10,DL,501,ATL,LAX,1039,1250,311.00,34.00,27.00,0.00,0.00
2025-02-10,DL,862,ATL,BOS,1105,1339,154.00,-4.00,-23.00,0.00,0.00
2025-02-10,DL,396,ATL,DEN,1121,1248,207.00,-8.00,-5.00,0.00,0.00
2025-02-10,DL,629,ATL,SEA,1138,1418,340.00,-3.00,-8.00,0.00,0.00
2025-02-10,DL,350,ATL,BOS,1215,1449,154.00,8.00,-9.00,0.00,0.00
2025-02-10,DL,895,ATL,LAX,1240,1444,304.00,-4.00,-6.00,0.00,0.00
2025-02-10,DL,1477,ATL,ORD,1242,1343,121.00,3.00,-3.00,0.00,0.00
2025-02-10,DL,530,ATL,DEN,1305,1425,200.00,-9.00,-8.00,0.00,0.00
2025-02-10,DL,753,ATL,LAX,1410,1619,309.00,-4.00,-17.00,0.00,0.00
2025-02-10,DL,519,ATL,DEN,1428,1549,201.00,-4.00,11.00,0.00,0.00
2025-02-10,DL,726,ATL,BOS,1435,1708,153.00,6.00,-13.00,0.00,0.00
2025-02-10,DL,976,ATL,ORD,1445,1543,118.00,-1.00,-3.00,0.00,0.00
2025-02-10,DL,1219,ATL,LAX,1515,1722,307.00,-4.00,-11.00,0.00,0.00
2025-02-10,DL,481,ATL,SEA,1522,1800,338.00,4.00,3.00,0.00,0.00
2025-02-10,DL,2738,ATL,ORD,1625,1725,120.00,-5.00,-7.00,0.00,0.00
2025-02-10,DL,301,ATL,LAX,1650,1857,307.00,4.00,6.00,0.00,0.00
2025-02-10,DL,300,ATL,BOS,1755,2031,156.00,12.00,-11.00,0.00,0.00
2025-02-10,DL,746,ATL,DEN,1815,1943,208.00,32.00,27.00,0.00,0.00
2025-02-10,DL,500,ATL,LAX,1825,2040,315.00,-1.00,-15.00,0.00,0.00
2025-02-10,DL,472,ATL,SEA,1923,2207,344.00,-5.00,-13.00,0.00,0.00
2025-02-10,DL,1139,ATL,ORD,1945,2046,121.00,-4.00,-7.00,0.00,0.00
2025-02-10,DL,319,ATL,LAX,1956,2206,310.00,103.00,100.00,0.00,0.00
2025-02-10,DL,518,ATL,BOS,2010,2247,157.00,3.00,-22.00,0.00,0.00
2025-02-10,DL,493,ATL,DEN,2120,2246,206.00,3.00,9.00,0.00,0.00
2025-02-10,DL,331,ATL,LAX,2140,2344,304.00,-1.00,-12.00,0.00,0.00
2025-02-10,DL,865,ATL,BOS,2225,0058,153.00,1.00,-25.00,0.00,0.00
2025-02-10,DL,1199,ATL,ORD,2249,2349,120.00,78.00,77.00,0.00,0.00
2025-02-10,DL,695,BOS,ATL,0540,0848,188.00,18.00,8.00,0.00,0.00
2025-02-10,DL,923,BOS,ATL,0655,1000,185.00,6.00,-10.00,0.00,0.00
2025-02-10,DL,456,BOS,ATL,0805,1112,187.00,-1.00,-19.00,0.00,0.00
2025-02-10,DL,973,BOS,ATL,0945,1249,184.00,73.00,85.00,0.00,0.00
2025-02-10,DL,376,BOS,ATL,1145,1446,181.00,0.00,-7.00,0.00,0.00
2025-02-10,DL,322,BOS,ATL,1347,1645,178.00,15.00,3.00,0.00,0.00
2025-02-10,DL,399,BOS,ATL,1550,1852,182.00,2.00,-8.00,0.00,0.00
2025-02-10,DL,900,BOS,ATL,2025,2336,191.00,-3.00,-11.00,0.00,0.00
2025-02-10,DL,341,DEN,ATL,0600,1053,173.00,14.00,6.00,0.00,0.00
2025-02-10,DL,431,DEN,ATL,0710,1200,170.00,-3.00,-10.00,0.00,0.00
2025-02-10,DL,346,DEN,ATL,1051,1542,171.00,1.00,-13.00,0.00,0.00
2025-02-10,DL,995,DEN,ATL,1217,1705,168.00,-4.00,-24.00,0.00,0.00
2025-02-10,DL,396,DEN,ATL,1353,1845,172.00,0.00,-12.00,0.00,0.00
2025-02-10,DL,530,DEN,ATL,1530,2029,179.00,22.00,-2.00,0.00,0.00
2025-02-10,DL,519,DEN,ATL,1654,2150,176.00,7.00,-4.00,0.00,0.00
2025-02-10,DL,390,LAX,ATL,0615,1324,249.00,24.00,-1.00,0.00,0.00
2025-02-10,DL,327,LAX,ATL,0715,1425,250.00,-1.00,-15.00,0.00,0.00
2025-02-10,DL,515,LAX,ATL,0825,1535,250.00,-5.00,-10.00,0.00,0.00
2025-02-10,DL,528,LAX,ATL,1056,1813,257.00,-3.00,-24.00,0.00,0.00
2025-02-10,DL,395,LAX,ATL,1225,1930,245.00,-2.00,-25.00,0.00,0.00
2025-02-10,DL,715,LAX,ATL,1415,2132,257.00,3.00,3.00,0.00,0.00
2025-02-10,DL,8800,LAX,ATL,1515,2231,256.00,106.00,72.00,0.00,0.00
2025-02-10,DL,471,LAX,ATL,1730,0039,249.00,-8.00,-28.00,0.00,0.00
2025-02-10,DL,446,LAX,ATL,2155,0504,249.00,-11.00,-32.00,0.00,0.00
2025-02-10,DL,899,LAX,ATL,2255,0558,243.00,-4.00,-22.00,0.00,0.00
2025-02-10,DL,320,LAX,ATL,2359,0708,249.00,-10.00,-21.00,0.00,0.00
2025-02-10,DL,1264,ORD,ATL,0545,0853,128.00,8.00,-8.00,0.00,0.00
2025-02-10,DL,1247,ORD,ATL,0800,1103,123.00,-4.00,-14.00,0.00,0.00
2025-02-10,DL,1147,ORD,ATL,1105,1403,118.00,-2.00,-20.00,0.00,0.00
2025-02-10,DL,1477,ORD,ATL,1455,1753,118.00,-5.00,-6.00,0.00,0.00
2025-02-10,DL,976,ORD,ATL,1655,2000,125.00,-14.00,-27.00,0.00,0.00
2025-02-10,DL,2738,ORD,ATL,1835,2144,129.00,-10.00,-9.00,0.00,0.00
2025-02-10,DL,569,SEA,ATL,0615,1358,283.00,-4.00,-24.00,0.00,0.00
2025-02-10,DL,562,SEA,ATL,0845,1631,286.00,-2.00,-34.00,0.00,0.00
2025-02-10,DL,542,SEA,ATL,1200,1958,298.00,-2.00,-25.00,0.00,0.00
2025-02-10,DL,567,SEA,ATL,1605,2350,285.00,-7.00,-23.00,0.00,0.00
2025-02-10,DL,652,SEA,ATL,2305,0647,282.00,5.00,-19.00,0.00,0.00
2025-02-11,DL,849,ATL,BOS,0710,0947,157.00,-3.00,-14.00,0.00,0.00
2025-02-11,DL,996,ATL,LAX,0730,0945,315.00,-4.00,-6.00,0.00,0.00
2025-02-11,DL,444,ATL,SEA,0758,1045,347.00,-5.00,-10.00,0.00,0.00
2025-02-11,DL,346,ATL,DEN,0820,0946,206.00,8.00,17.00,0.00,0.00
2025-02-11,DL,1147,ATL,ORD,0835,0941,126.00,3.00,-1.00,0.00,0.00
2025-02-11,DL,898,ATL,LAX,0855,1055,300.00,-2.00,-5.00,0.00,0.00
2025-02-11,DL,995,ATL,DEN,0945,1112,207.00,-8.00,22.00,0.00,0.00
2025-02-11,DL,774,ATL,SEA,0945,1231,346.00,-1.00,-10.00,0.00,0.00
2025-02-11,DL,855,ATL,BOS,1000,1237,157.00,-8.00,-11.00,0.00,0.00
2025-02-11,DL,501,ATL,LAX,1039,1250,311.00,-3.00,1.00,0.00,0.00
2025-02-11,DL,862,ATL,BOS,1105,1339,154.00,-7.00,-24.00,0.00,0.00
2025-02-11,DL,396,ATL,DEN,1121,1248,207.00,5.00,4.00,0.00,0.00
2025-02-11,DL,629,ATL,SEA,1138,1418,340.00,31.00,17.00,0.00,0.00
2025-02-11,DL,350,ATL,BOS,1215,1449,154.00,-7.00,-27.00,0.00,0.00
2025-02-11,DL,895,ATL,LAX,1240,1444,304.00,-2.00,-6.00,0.00,0.00
2025-02-11,DL,1477,ATL,ORD,1242,1343,121.00,-2.00,-1.00,0.00,0.00
2025-02-11,DL,530,ATL,DEN,1305,1425,200.00,-2.00,3.00,0.00,0.00
2025-02-11,DL,753,ATL,LAX,1410,1619,309.00,-3.00,-2.00,0.00,0.00
2025-02-11,DL,519,ATL,DEN,1428,1549,201.00,-7.00,2.00,0.00,0.00
2025-02-11,DL,726,ATL,BOS,1435,1708,153.00,4.00,1.00,0.00,0.00
2025-02-11,DL,976,ATL,ORD,1445,1543,118.00,-7.00,-5.00,0.00,0.00
2025-02-11,DL,1219,ATL,LAX,1515,1722,307.00,-5.00,-5.00,0.00,0.00
2025-02-11,DL,481,ATL,SEA,1518,1800,342.00,4.00,-16.00,0.00,0.00
2025-02-11,DL,2738,ATL,ORD,1625,1725,120.00,-4.00,-10.00,0.00,0.00
2025-02-11,DL,301,ATL,LAX,1650,1857,307.00,0.00,-9.00,0.00,0.00
2025-02-11,DL,300,ATL,BOS,1755,2031,156.00,-2.00,-27.00,0.00,0.00
2025-02-11,DL,500,ATL,LAX,1825,2040,315.00,-4.00,-9.00,0.00,0.00
2025-02-11,DL,472,ATL,SEA,1923,2207,344.00,7.00,-24.00,0.00,0.00
2025-02-11,DL,1139,ATL,ORD,1945,2046,121.00,4.00,26.00,0.00,0.00
2025-02-11,DL,518,ATL,BOS,2010,2247,157.00,-5.00,-22.00,0.00,0.00
2025-02-11,DL,331,ATL,LAX,2059,2310,311.00,10.00,16.00,0.00,0.00
2025-02-11,DL,493,ATL,DEN,2120,2246,206.00,40.00,27.00,0.00,0.00
2025-02-11,DL,865,ATL,BOS,2225,0058,153.00,-3.00,-36.00,0.00,0.00
2025-02-11,DL,1199,ATL,ORD,2249,2349,120.00,-5.00,-9.00,0.00,0.00
2025-02-11,DL,695,BOS,ATL,0540,0848,188.00,1.00,4.00,0.00,0.00
2025-02-11,DL,923,BOS,ATL,0655,1000,185.00,-6.00,15.00,0.00,0.00
2025-02-11,DL,456,BOS,ATL,0805,1112,187.00,-7.00,2.00,0.00,0.00
2025-02-11,DL,973,BOS,ATL,0945,1249,184.00,-4.00,-1.00,0.00,0.00
2025-02-11,DL,376,BOS,ATL,1145,1446,181.00,-1.00,0.00,0.00,0.00
2025-02-11,DL,322,BOS,ATL,1347,1645,178.00,-3.00,7.00,0.00,0.00
2025-02-11,DL,399,BOS,ATL,1550,1852,182.00,0.00,23.00,0.00,0.00
2025-02-11,DL,385,BOS,ATL,1835,2148,193.00,-3.00,8.00,0.00,0.00
2025-02-11,DL,341,DEN,ATL,0600,1053,173.00,-6.00,3.00,0.00,0.00
2025-02-11,DL,431,DEN,ATL,0710,1200,170.00,-1.00,18.00,0.00,0.00
2025-02-11,DL,346,DEN,ATL,1051,1542,171.00,35.00,49.00,0.00,0.00
2025-02-11,DL,995,DEN,ATL,1217,1705,168.00,17.00,37.00,0.00,0.00
2025-02-11,DL,396,DEN,ATL,1353,1845,172.00,6.00,15.00,0.00,0.00
2025-02-11,DL,530,DEN,ATL,1530,2029,179.00,-1.00,29.00,0.00,0.00
2025-02-11,DL,390,LAX,ATL,0615,1324,249.00,-3.00,-8.00,0.00,0.00
2025-02-11,DL,327,LAX,ATL,0715,1425,250.00,1.00,-17.00,0.00,0.00
2025-02-11,DL,515,LAX,ATL,0825,1535,250.00,-6.00,-17.00,0.00,0.00
2025-02-11,DL,528,LAX,ATL,1056,1813,257.00,4.00,-26.00,0.00,0.00
2025-02-11,DL,395,LAX,ATL,1225,1930,245.00,0.00,25.00,0.00,0.00
2025-02-11,DL,715,LAX,ATL,1415,2132,257.00,23.00,10.00,0.00,0.00
2025-02-11,DL,471,LAX,ATL,1730,0039,249.00,-8.00,-24.00,0.00,0.00
2025-02-11,DL,446,LAX,ATL,2155,0504,249.00,-4.00,-27.00,0.00,0.00
2025-02-11,DL,899,LAX,ATL,2255,0558,243.00,-6.00,-24.00,0.00,0.00
2025-02-11,DL,1264,ORD,ATL,0545,0853,128.00,-8.00,-22.00,0.00,0.00
2025-02-11,DL,1247,ORD,ATL,0800,1103,123.00,-11.00,-15.00,0.00,0.00
2025-02-11,DL,1147,ORD,ATL,1105,1403,118.00,-2.00,13.00,0.00,0.00
2025-02-11,DL,1477,ORD,ATL,1455,1753,118.00,-1.00,16.00,0.00,0.00
2025-02-11,DL,976,ORD,ATL,1710,2017,127.00,20.00,34.00,0.00,0.00
2025-02-11,DL,2738,ORD,ATL,1835,2144,129.00,-10.00,-14.00,0.00,0.00
2025-02-11,DL,569,SEA,ATL,0615,1358,283.00,-3.00,-13.00,0.00,0.00
2025-02-11,DL,562,SEA,ATL,0845,1631,286.00,1.00,-12.00,0.00,0.00
2025-02-11,DL,542,SEA,ATL,1200,1958,298.00,-2.00,-10.00,0.00,0.00
2025-02-11,DL,567,SEA,ATL,1605,2350,285.00,-11.00,-16.00,0.00,0.00
2025-02-11,DL,652,SEA,ATL,2305,0647,282.00,5.00,-3.00,0.00,0.00
2025-02-12,DL,849,ATL,BOS,0710,0947,157.00,17.00,-10.00,0.00,0.00
2025-02-12,DL,996,ATL,LAX,0730,0945,315.00,-3.00,3.00,0.00,0.00
2025-02-12,DL,444,ATL,SEA,0758,1045,347.00,40.00,15.00,0.00,0.00
2025-02-12,DL,346,ATL,DEN,0820,0946,206.00,-4.00,5.00,0.00,0.00
2025-02-12,DL,1147,ATL,ORD,0835,0942,127.00,2.00,7.00,0.00,0.00
2025-02-12,DL,898,ATL,LAX,0855,1055,300.00,4.00,2.00,0.00,0.00
2025-02-12,DL,995,ATL,DEN,0945,1112,207.00,23.00,28.00,0.00,0.00
2025-02-12,DL,774,ATL,SEA,0945,1231,346.00,8.00,-19.00,0.00,0.00
2025-02-12,DL,855,ATL,BOS,1000,1237,157.00,-2.00,-3.00,0.00,0.00
2025-02-12,DL,501,ATL,LAX,1039,1250,311.00,18.00,35.00,0.00,0.00
2025-02-12,DL,862,ATL,BOS,1105,1339,154.00,-5.00,-25.00,0.00,0.00
2025-02-12,DL,396,ATL,DEN,1121,1248,207.00,46.00,31.00,0.00,0.00
2025-02-12,DL,629,ATL,SEA,1138,1418,340.00,8.00,-13.00,0.00,0.00
2025-02-12,DL,350,ATL,BOS,1215,1449,154.00,94.00,87.00,0.00,0.00
2025-02-12,DL,895,ATL,LAX,1240,1444,304.00,3.00,11.00,0.00,0.00
2025-02-12,DL,1477,ATL,ORD,1245,1347,122.00,0.00,7.00,0.00,0.00
2025-02-12,DL,530,ATL,DEN,1305,1425,200.00,71.00,74.00,0.00,0.00
2025-02-12,DL,753,ATL,LAX,1410,1619,309.00,16.00,18.00,0.00,0.00
2025-02-12,DL,519,ATL,DEN,1428,1549,201.00,22.00,19.00,0.00,0.00
2025-02-12,DL,726,ATL,BOS,1435,1708,153.00,1.00,-9.00,0.00,0.00
2025-02-12,DL,976,ATL,ORD,1445,1543,118.00,74.00,91.00,0.00,0.00
2025-02-12,DL,1219,ATL,LAX,1515,1722,307.00,18.00,27.00,0.00,0.00
2025-02-12,DL,481,ATL,SEA,1518,1800,342.00,-1.00,-26.00,0.00,0.00
2025-02-12,DL,2738,ATL,ORD,1625,1725,120.00,4.00,28.00,0.00,0.00
2025-02-12,DL,301,ATL,LAX,1650,1857,307.00,-5.00,-1.00,0.00,0.00
2025-02-12,DL,300,ATL,BOS,1755,2031,156.00,36.00,8.00,0.00,0.00
2025-02-12,DL,500,ATL,LAX,1825,2040,315.00,7.00,5.00,0.00,0.00
2025-02-12,DL,472,ATL,SEA,1923,2207,344.00,35.00,10.00,0.00,0.00
2025-02-12,DL,1139,ATL,ORD,1945,2046,121.00,162.00,188.00,0.00,0.00
2025-02-12,DL,518,ATL,BOS,2010,2247,157.00,37.00,21.00,0.00,0.00
2025-02-12,DL,331,ATL,LAX,2105,2315,310.00,6.00,48.00,0.00,0.00
2025-02-12,DL,493,ATL,DEN,2120,2246,206.00,12.00,52.00,0.00,0.00
2025-02-12,DL,865,ATL,BOS,2225,0058,153.00,0.00,-13.00,0.00,0.00
2025-02-12,DL,1199,ATL,ORD,2249,2349,120.00,46.00,36.00,0.00,0.00
2025-02-12,DL,695,BOS,ATL,0540,0848,188.00,2.00,6.00,0.00,0.00
2025-02-12,DL,923,BOS,ATL,0655,1000,185.00,-6.00,27.00,0.00,0.00
2025-02-12,DL,456,BOS,ATL,0805,1112,187.00,-1.00,7.00,0.00,0.00
2025-02-12,DL,973,BOS,ATL,0945,1249,184.00,4.00,-1.00,0.00,0.00
2025-02-12,DL,376,BOS,ATL,1145,1446,181.00,-2.00,0.00,0.00,0.00
2025-02-12,DL,322,BOS,ATL,1347,1645,178.00,1.00,29.00,0.00,0.00
2025-02-12,DL,399,BOS,ATL,1550,1852,182.00,0.00,12.00,0.00,0.00
2025-02-12,DL,385,BOS,ATL,1835,2148,193.00,1.00,42.00,0.00,0.00
2025-02-12,DL,341,DEN,ATL,0600,1053,173.00,8.00,32.00,0.00,0.00
2025-02-12,DL,431,DEN,ATL,0710,1200,170.00,569.00,599.00,0.00,0.00
2025-02-12,DL,346,DEN,ATL,1051,1542,171.00,10.00,11.00,0.00,0.00
2025-02-12,DL,995,DEN,ATL,1217,1705,168.00,43.00,42.00,0.00,0.00
2025-02-12,DL,396,DEN,ATL,1353,1845,172.00,45.00,40.00,0.00,0.00
2025-02-12,DL,530,DEN,ATL,1530,2029,179.00,84.00,94.00,0.00,0.00
2025-02-12,DL,390,LAX,ATL,0615,1324,249.00,0.00,-13.00,0.00,0.00
2025-02-12,DL,327,LAX,ATL,0715,1425,250.00,-1.00,-9.00,0.00,0.00
2025-02-12,DL,515,LAX,ATL,0825,1535,250.00,0.00,-16.00,0.00,0.00
2025-02-12,DL,528,LAX,ATL,1056,1813,257.00,11.00,6.00,0.00,0.00
2025-02-12,DL,395,LAX,ATL,1225,1930,245.00,2.00,-20.00,0.00,0.00
2025-02-12,DL,715,LAX,ATL,1415,2132,257.00,164.00,138.00,0.00,0.00
2025-02-12,DL,471,LAX,ATL,1730,0039,249.00,8.00,-9.00,0.00,0.00
2025-02-12,DL,446,LAX,ATL,2155,0504,249.00,2.00,-25.00,0.00,0.00
2025-02-12,DL,899,LAX,ATL,2255,0558,243.00,13.00,10.00,0.00,0.00
2025-02-12,DL,1264,ORD,ATL,0545,0853,128.00,1.00,10.00,0.00,0.00
2025-02-12,DL,1247,ORD,ATL,0800,1103,123.00,-5.00,4.00,0.00,0.00
2025-02-12,DL,1147,ORD,ATL,1105,1403,118.00,-7.00,22.00,0.00,0.00
2025-02-12,DL,1477,ORD,ATL,1459,1756,117.00,37.00,79.00,0.00,0.00
2025-02-12,DL,976,ORD,ATL,1710,2017,127.00,67.00,92.00,0.00,0.00
2025-02-12,DL,2738,ORD,ATL,1835,2144,129.00,30.00,92.00,0.00,0.00
2025-02-12,DL,569,SEA,ATL,0615,1358,283.00,1.00,-12.00,0.00,0.00
2025-02-12,DL,562,SEA,ATL,0845,1631,286.00,-4.00,-6.00,0.00,0.00
2025-02-12,DL,542,SEA,ATL,1200,1958,298.00,25.00,20.00,0.00,0.00
2025-02-12,DL,567,SEA,ATL,1605,2350,285.00,199.00,174.00,0.00,0.00
2025-02-12,DL,652,SEA,ATL,2305,0647,282.00,-1.00,-17.00,0.00,0.00
2025-02-13,DL,849,ATL,BOS,0710,0947,157.00,-3.00,-29.00,0.00,0.00
2025-02-13,DL,1178,ATL,ORD,0725,0833,128.00,-4.00,-16.00,0.00,0.00
2025-02-13,DL,996,ATL,LAX,0730,0945,315.00,0.00,5.00,0.00,0.00
2025-02-13,DL,444,ATL,SEA,0758,1045,347.00,-5.00,-19.00,0.00,0.00
2025-02-13,DL,346,ATL,DEN,0820,0946,206.00,0.00,8.00,0.00,0.00
2025-02-13,DL,1147,ATL,ORD,0835,0942,127.00,10.00,12.00,0.00,0.00
2025-02-13,DL,898,ATL,LAX,0855,1055,300.00,19.00,20.00,0.00,0.00
2025-02-13,DL,995,ATL,DEN,0945,1112,207.00,-4.00,-3.00,0.00,0.00
2025-02-13,DL,774,ATL,SEA,0945,1231,346.00,4.00,20.00,0.00,0.00
2025-02-13,DL,855,ATL,BOS,1000,1237,157.00,9.00,-15.00,0.00,0.00
2025-02-13,DL,501,ATL,LAX,1039,1250,311.00,19.00,22.00,0.00,0.00
2025-02-13,DL,862,ATL,BOS,1105,1339,154.00,1.00,-29.00,0.00,0.00
2025-02-13,DL,396,ATL,DEN,1121,1248,207.00,0.00,7.00,0.00,0.00
2025-02-13,DL,629,ATL,SEA,1138,1418,340.00,-1.00,-3.00,0.00,0.00
2025-02-13,DL,350,ATL,BOS,1215,1449,154.00,0.00,-18.00,0.00,0.00
2025-02-13,DL,895,ATL,LAX,1240,1444,304.00,3.00,27.00,0.00,0.00
2025-02-13,DL,1477,ATL,ORD,1248,1349,121.00,-1.00,11.00,0.00,0.00
2025-02-13,DL,530,ATL,DEN,1305,1425,200.00,-1.00,1.00,0.00,0.00
2025-02-13,DL,753,ATL,LAX,1410,1615,305.00,29.00,22.00,0.00,0.00
2025-02-13,DL,519,ATL,DEN,1428,1549,201.00,-2.00,1.00,0.00,0.00
2025-02-13,DL,726,ATL,BOS,1435,1708,153.00,-2.00,-16.00,0.00,0.00
2025-02-13,DL,976,ATL,ORD,1445,1545,120.00,-9.00,-7.00,0.00,0.00
2025-02-13,DL,1219,ATL,LAX,1515,1722,307.00,0.00,-2.00,0.00,0.00
2025-02-13,DL,481,ATL,SEA,1522,1800,338.00,4.00,-1.00,0.00,0.00
2025-02-13,DL,821,ATL,BOS,1610,1845,155.00,24.00,11.00,0.00,0.00
2025-02-13,DL,2738,ATL,ORD,1625,1725,120.00,32.00,24.00,0.00,0.00
2025-02-13,DL,301,ATL,LAX,1650,1857,307.00,-2.00,6.00,0.00,0.00
2025-02-13,DL,300,ATL,BOS,1755,2031,156.00,9.00,-13.00,0.00,0.00
2025-02-13,DL,746,ATL,DEN,1815,1943,208.00,49.00,37.00,0.00,0.00
2025-02-13,DL,500,ATL,LAX,1825,2040,315.00,50.00,36.00,0.00,0.00
2025-02-13,DL,472,ATL,SEA,1930,2216,346.00,0.00,4.00,0.00,0.00
2025-02-13,DL,1139,ATL,ORD,1945,2046,121.00,116.00,114.00,0.00,0.00
2025-02-13,DL,518,ATL,BOS,1954,2230,156.00,4.00,-24.00,0.00,0.00
2025-02-13,DL,319,ATL,LAX,1955,2205,310.00,38.00,25.00,0.00,0.00
2025-02-13,DL,493,ATL,DEN,2120,2246,206.00,5.00,9.00,0.00,0.00
2025-02-13,DL,331,ATL,LAX,2140,2344,304.00,64.00,55.00,0.00,0.00
2025-02-13,DL,865,ATL,BOS,2225,0058,153.00,2.00,-17.00,0.00,0.00
2025-02-13,DL,1199,ATL,ORD,2249,2349,120.00,-3.00,0.00,0.00,0.00
2025-02-13,DL,695,BOS,ATL,0540,0848,188.00,-3.00,15.00,0.00,0.00
2025-02-13,DL,923,BOS,ATL,0655,1000,185.00,-7.00,-6.00,0.00,0.00
2025-02-13,DL,456,BOS,ATL,0805,1112,187.00,3.00,26.00,0.00,0.00
2025-02-13,DL,973,BOS,ATL,0945,1249,184.00,12.00,39.00,0.00,0.00
2025-02-13,DL,376,BOS,ATL,1145,1446,181.00,10.00,8.00,0.00,0.00
2025-02-13,DL,322,BOS,ATL,1347,1645,178.00,12.00,10.00,0.00,0.00
2025-02-13,DL,399,BOS,ATL,1550,1852,182.00,11.00,25.00,0.00,0.00
2025-02-13,DL,385,BOS,ATL,1819,2134,195.00,-4.00,-9.00,0.00,0.00
2025-02-13,DL,900,BOS,ATL,2025,2336,191.00,0.00,9.00,0.00,0.00
2025-02-13,DL,341,DEN,ATL,0600,1053,173.00,9.00,20.00,0.00,0.00
2025-02-13,DL,431,DEN,ATL,0710,1200,170.00,0.00,8.00,0.00,0.00
2025-02-13,DL,346,DEN,ATL,1051,1542,171.00,25.00,9.00,0.00,0.00
2025-02-13,DL,995,DEN,ATL,1217,1705,168.00,-3.00,-24.00,0.00,0.00
2025-02-13,DL,396,DEN,ATL,1353,1845,172.00,16.00,-4.00,0.00,0.00
2025-02-13,DL,530,DEN,ATL,1530,2029,179.00,-2.00,-23.00,0.00,0.00
2025-02-13,DL,519,DEN,ATL,1654,2150,176.00,7.00,-15.00,0.00,0.00
2025-02-13,DL,390,LAX,ATL,0615,1324,249.00,-1.00,10.00,0.00,0.00
2025-02-13,DL,327,LAX,ATL,0715,1425,250.00,-6.00,-19.00,0.00,0.00
2025-02-13,DL,515,LAX,ATL,0825,1535,250.00,9.00,-6.00,0.00,0.00
2025-02-13,DL,528,LAX,ATL,1056,1813,257.00,-3.00,6.00,0.00,0.00
2025-02-13,DL,395,LAX,ATL,1224,1929,245.00,18.00,-3.00,0.00,0.00
2025-02-13,DL,715,LAX,ATL,1415,2132,257.00,28.00,23.00,0.00,0.00
2025-02-13,DL,471,LAX,ATL,1730,0036,246.00,26.00,23.00,0.00,0.00
2025-02-13,DL,446,LAX,ATL,2155,0504,249.00,25.00,11.00,0.00,0.00
2025-02-13,DL,899,LAX,ATL,2255,0558,243.00,12.00,4.00,0.00,0.00
2025-02-13,DL,320,LAX,ATL,2359,0708,249.00,11.00,-7.00,0.00,0.00
2025-02-13,DL,1264,ORD,ATL,0545,0853,128.00,10.00,32.00,0.00,0.00
2025-02-13,DL,1247,ORD,ATL,0705,1013,128.00,13.00,34.00,0.00,0.00
2025-02-13,DL,1178,ORD,ATL,0935,1237,122.00,-1.00,0.00,0.00,0.00
2025-02-13,DL,1147,ORD,ATL,1115,1413,118.00,4.00,0.00,0.00,0.00
2025-02-13,DL,1477,ORD,ATL,1459,1757,118.00,21.00,6.00,0.00,0.00
2025-02-13,DL,976,ORD,ATL,1655,2001,126.00,5.00,-14.00,0.00,0.00
2025-02-13,DL,2738,ORD,ATL,1837,2149,132.00,23.00,7.00,0.00,0.00
2025-02-13,DL,569,SEA,ATL,0615,1358,283.00,8.00,-15.00,0.00,0.00
2025-02-13,DL,562,SEA,ATL,0845,1631,286.00,3.00,-24.00,0.00,0.00
2025-02-13,DL,542,SEA,ATL,1200,1958,298.00,5.00,-23.00,0.00,0.00
2025-02-13,DL,567,SEA,ATL,1605,2350,285.00,140.00,120.00,0.00,0.00
2025-02-13,DL,652,SEA,ATL,2305,0647,282.00,4.00,-17.00,0.00,0.00
2025-02-14,DL,849,ATL,BOS,0710,0947,157.00,-2.00,-1.00,0.00,0.00
2025-02-14,DL,1178,ATL,ORD,0725,0825,120.00,0.00,49.00,0.00,0.00
2025-02-14,DL,996,ATL,LAX,0730,0945,315.00,-6.00,35.00,0.00,0.00
2025-02-14,DL,444,ATL,SEA,0758,1045,347.00,0.00,8.00,0.00,0.00
2025-02-14,DL,346,ATL,DEN,0820,0946,206.00,83.00,75.00,0.00,0.00
2025-02-14,DL,1147,ATL,ORD,0835,0942,127.00,-4.00,28.00,0.00,0.00
2025-02-14,DL,898,ATL,LAX,0855,1055,300.00,85.00,98.00,0.00,0.00
2025-02-14,DL,995,ATL,DEN,0945,1112,207.00,-1.00,1.00,0.00,0.00
2025-02-14,DL,774,ATL,SEA,0945,1231,346.00,26.00,16.00,0.00,0.00
2025-02-14,DL,855,ATL,BOS,1000,1237,157.00,48.00,32.00,0.00,0.00
2025-02-14,DL,501,ATL,LAX,1039,1250,311.00,91.00,96.00,0.00,0.00
2025-02-14,DL,862,ATL,BOS,1105,1339,154.00,11.00,6.00,0.00,0.00
2025-02-14,DL,396,ATL,DEN,1121,1248,207.00,111.00,104.00,0.00,0.00
2025-02-14,DL,629,ATL,SEA,1138,1418,340.00,1.00,-2.00,0.00,0.00
2025-02-14,DL,350,ATL,BOS,1215,1449,154.00,-2.00,-11.00,0.00,0.00
2025-02-14,DL,895,ATL,LAX,1240,1444,304.00,11.00,16.00,0.00,0.00
2025-02-14,DL,1477,ATL,ORD,1242,1344,122.00,7.00,24.00,0.00,0.00
2025-02-14,DL,530,ATL,DEN,1305,1425,200.00,-1.00,4.00,0.00,0.00
2025-02-14,DL,753,ATL,LAX,1410,1619,309.00,8.00,14.00,0.00,0.00
2025-02-14,DL,519,ATL,DEN,1428,1549,201.00,68.00,83.00,0.00,0.00
2025-02-14,DL,726,ATL,BOS,1435,1708,153.00,28.00,17.00,0.00,0.00
2025-02-14,DL,976,ATL,ORD,1445,1545,120.00,64.00,60.00,0.00,0.00
2025-02-14,DL,1219,ATL,LAX,1515,1722,307.00,90.00,82.00,0.00,0.00
2025-02-14,DL,481,ATL,SEA,1522,1800,338.00,117.00,99.00,0.00,0.00
2025-02-14,DL,821,ATL,BOS,1610,1845,155.00,15.00,0.00,0.00,0.00
2025-02-14,DL,2738,ATL,ORD,1625,1725,120.00,13.00,24.00,0.00,0.00
2025-02-14,DL,301,ATL,LAX,1650,1857,307.00,85.00,92.00,0.00,0.00
2025-02-14,DL,300,ATL,BOS,1755,2031,156.00,-5.00,-24.00,0.00,0.00
2025-02-14,DL,746,ATL,DEN,1820,1948,208.00,21.00,21.00,0.00,0.00
2025-02-14,DL,500,ATL,LAX,1825,2040,315.00,102.00,98.00,0.00,0.00
2025-02-14,DL,472,ATL,SEA,1930,2216,346.00,167.00,147.00,0.00,0.00
2025-02-14,DL,1139,ATL,ORD,1945,2046,121.00,38.00,78.00,0.00,0.00
2025-02-14,DL,518,ATL,BOS,1954,2230,156.00,53.00,34.00,0.00,0.00
2025-02-14,DL,319,ATL,LAX,1955,2205,310.00,-1.00,-4.00,0.00,0.00
2025-02-14,DL,493,ATL,DEN,2120,2246,206.00,27.00,24.00,0.00,0.00
2025-02-14,DL,331,ATL,LAX,2140,2344,304.00,79.00,84.00,0.00,0.00
2025-02-14,DL,865,ATL,BOS,2225,0058,153.00,74.00,56.00,0.00,0.00
2025-02-14,DL,1199,ATL,ORD,2249,2349,120.00,42.00,41.00,0.00,0.00
2025-02-14,DL,695,BOS,ATL,0540,0848,188.00,-8.00,-13.00,0.00,0.00
2025-02-14,DL,923,BOS,ATL,0655,1000,185.00,-1.00,-1.00,0.00,0.00
2025-02-14,DL,456,BOS,ATL,0805,1112,187.00,21.00,-5.00,0.00,0.00
2025-02-14,DL,973,BOS,ATL,0945,1249,184.00,-3.00,-19.00,0.00,0.00
2025-02-14,DL,376,BOS,ATL,1145,1446,181.00,11.00,-1.00,0.00,0.00
2025-02-14,DL,322,BOS,ATL,1347,1645,178.00,64.00,56.00,0.00,0.00
2025-02-14,DL,399,BOS,ATL,1550,1852,182.00,55.00,48.00,0.00,0.00
2025-02-14,DL,385,BOS,ATL,1819,2134,195.00,22.00,6.00,0.00,0.00
2025-02-14,DL,900,BOS,ATL,2025,2336,191.00,-1.00,-18.00,0.00,0.00
2025-02-14,DL,341,DEN,ATL,0600,1053,173.00,-3.00,8.00,0.00,0.00
2025-02-14,DL,431,DEN,ATL,0710,1200,170.00,-2.00,-8.00,0.00,0.00
2025-02-14,DL,346,DEN,ATL,1051,1542,171.00,151.00,138.00,0.00,0.00
2025-02-14,DL,995,DEN,ATL,1217,1705,168.00,25.00,24.00,0.00,0.00
2025-02-14,DL,396,DEN,ATL,1353,1845,172.00,91.00,70.00,0.00,0.00
2025-02-14,DL,530,DEN,ATL,1530,2029,179.00,0.00,-22.00,0.00,0.00
2025-02-14,DL,519,DEN,ATL,1654,2150,176.00,84.00,68.00,0.00,0.00
2025-02-14,DL,390,LAX,ATL,0600,1309,249.00,0.00,-24.00,0.00,0.00
2025-02-14,DL,327,LAX,ATL,0715,1425,250.00,29.00,11.00,0.00,0.00
2025-02-14,DL,515,LAX,ATL,0825,1535,250.00,0.00,-14.00,0.00,0.00
2025-02-14,DL,528,LAX,ATL,1056,1813,257.00,40.00,5.00,0.00,0.00
2025-02-14,DL,395,LAX,ATL,1224,1929,245.00,110.00,89.00,0.00,0.00
2025-02-14,DL,715,LAX,ATL,1415,2132,257.00,69.00,38.00,0.00,0.00
2025-02-14,DL,471,LAX,ATL,1730,0039,249.00,-2.00,-21.00,0.00,0.00
2025-02-14,DL,446,LAX,ATL,2155,0504,249.00,95.00,76.00,0.00,0.00
2025-02-14,DL,899,LAX,ATL,2255,0558,243.00,3.00,-7.00,0.00,0.00
2025-02-14,DL,320,LAX,ATL,2359,0708,249.00,52.00,36.00,0.00,0.00
2025-02-14,DL,1264,ORD,ATL,0545,0853,128.00,100.00,81.00,0.00,0.00
2025-02-14,DL,1247,ORD,ATL,0705,1013,128.00,0.00,32.00,0.00,0.00
2025-02-14,DL,1178,ORD,ATL,0935,1237,122.00,49.00,33.00,0.00,0.00
2025-02-14,DL,1147,ORD,ATL,1115,1413,118.00,-5.00,-22.00,0.00,0.00
2025-02-14,DL,1477,ORD,ATL,1455,1752,117.00,26.00,10.00,0.00,0.00
2025-02-14,DL,976,ORD,ATL,1655,2001,126.00,71.00,51.00,0.00,0.00
2025-02-14,DL,2738,ORD,ATL,1838,2149,131.00,3.00,32.00,0.00,0.00
2025-02-14,DL,569,SEA,ATL,0615,1358,283.00,0.00,8.00,0.00,0.00
2025-02-14,DL,562,SEA,ATL,0845,1631,286.00,1.00,9.00,0.00,0.00
2025-02-14,DL,542,SEA,ATL,1200,1958,298.00,20.00,34.00,0.00,0.00
2025-02-14,DL,567,SEA,ATL,1605,2350,285.00,55.00,37.00,0.00,0.00
2025-02-14,DL,652,SEA,ATL,2305,0647,282.00,801.00,826.00,0.00,0.00
2025-02-15,DL,849,ATL,BOS,0700,0935,155.00,23.00,10.00,0.00,0.00
2025-02-15,DL,996,ATL,LAX,0730,0945,315.00,0.00,1.00,0.00,0.00
2025-02-15,DL,444,ATL,SEA,0758,1045,347.00,21.00,26.00,0.00,0.00
2025-02-15,DL,346,ATL,DEN,0820,0946,206.00,-1.00,-2.00,0.00,0.00
2025-02-15,DL,1147,ATL,ORD,0835,0942,127.00,-4.00,5.00,0.00,0.00
2025-02-15,DL,898,ATL,LAX,0855,1055,300.00,-2.00,-5.00,0.00,0.00
2025-02-15,DL,995,ATL,DEN,0945,1112,207.00,4.00,12.00,0.00,0.00
2025-02-15,DL,774,ATL,SEA,0945,1231,346.00,-1.00,3.00,0.00,0.00
2025-02-15,DL,855,ATL,BOS,1000,1238,158.00,-1.00,-21.00,0.00,0.00
2025-02-15,DL,501,ATL,LAX,1039,1250,311.00,3.00,4.00,0.00,0.00
2025-02-15,DL,862,ATL,BOS,1105,1341,156.00,55.00,39.00,0.00,0.00
2025-02-15,DL,396,ATL,DEN,1121,1248,207.00,34.00,44.00,0.00,0.00
2025-02-15,DL,629,ATL,SEA,1138,1418,340.00,-4.00,-20.00,0.00,0.00
2025-02-15,DL,895,ATL,LAX,1240,1444,304.00,238.00,247.00,0.00,0.00
2025-02-15,DL,1477,ATL,ORD,1240,1342,122.00,9.00,21.00,0.00,0.00
2025-02-15,DL,530,ATL,DEN,1305,1425,200.00,10.00,21.00,0.00,0.00
2025-02-15,DL,753,ATL,LAX,1410,1619,309.00,8.00,1.00,0.00,0.00
2025-02-15,DL,519,ATL,DEN,1428,1549,201.00,58.00,74.00,0.00,0.00
2025-02-15,DL,726,ATL,BOS,1435,1708,153.00,56.00,54.00,0.00,0.00
2025-02-15,DL,976,ATL,ORD,1445,1543,118.00,1.00,-2.00,0.00,0.00
2025-02-15,DL,1219,ATL,LAX,1515,1722,307.00,65.00,83.00,0.00,0.00
2025-02-15,DL,481,ATL,SEA,1545,1827,342.00,14.00,12.00,0.00,0.00
2025-02-15,DL,301,ATL,LAX,1650,1857,307.00,23.00,36.00,0.00,0.00
2025-02-15,DL,2879,ATL,ORD,1740,1847,127.00,-6.00,3.00,0.00,0.00
2025-02-15,DL,300,ATL,BOS,1755,2031,156.00,766.00,764.00,0.00,0.00
2025-02-15,DL,746,ATL,DEN,1820,1948,208.00,71.00,78.00,0.00,0.00
2025-02-15,DL,500,ATL,LAX,1840,2052,312.00,25.00,32.00,0.00,0.00
2025-02-15,DL,472,ATL,SEA,1923,2207,344.00,39.00,25.00,0.00,0.00
2025-02-15,DL,518,ATL,BOS,1954,2230,156.00,35.00,34.00,0.00,0.00
2025-02-15,DL,331,ATL,LAX,2059,2310,311.00,200.00,218.00,0.00,0.00
2025-02-15,DL,493,ATL,DEN,2120,2246,206.00,98.00,98.00,0.00,0.00
2025-02-15,DL,865,ATL,BOS,2225,0058,153.00,55.00,47.00,0.00,0.00
2025-02-15,DL,1199,ATL,ORD,2249,2348,119.00,72.00,69.00,0.00,0.00
2025-02-15,DL,695,BOS,ATL,0540,0848,188.00,-4.00,-12.00,0.00,0.00
2025-02-15,DL,456,BOS,ATL,0700,1010,190.00,-1.00,5.00,0.00,0.00
2025-02-15,DL,973,BOS,ATL,0930,1234,184.00,9.00,-2.00,0.00,0.00
2025-02-15,DL,376,BOS,ATL,1200,1500,180.00,1.00,27.00,0.00,0.00
2025-02-15,DL,923,BOS,ATL,1450,1750,180.00,49.00,48.00,0.00,0.00
2025-02-15,DL,399,BOS,ATL,1550,1852,182.00,-7.00,13.00,0.00,0.00
2025-02-15,DL,900,BOS,ATL,2040,2354,194.00,23.00,73.00,0.00,0.00
2025-02-15,DL,341,DEN,ATL,0600,1053,173.00,10.00,13.00,0.00,0.00
2025-02-15,DL,431,DEN,ATL,0710,1200,170.00,39.00,59.00,0.00,0.00
2025-02-15,DL,346,DEN,ATL,1051,1542,171.00,3.00,34.00,0.00,0.00
2025-02-15,DL,995,DEN,ATL,1217,1705,168.00,14.00,71.00,0.00,0.00
2025-02-15,DL,396,DEN,ATL,1353,1845,172.00,51.00,113.00,0.00,0.00
2025-02-15,DL,530,DEN,ATL,1530,2029,179.00,50.00,95.00,0.00,0.00
2025-02-15,DL,519,DEN,ATL,1654,2150,176.00,68.00,134.00,0.00,0.00
2025-02-15,DL,390,LAX,ATL,0615,1324,249.00,43.00,29.00,0.00,0.00
2025-02-15,DL,327,LAX,ATL,0715,1425,250.00,9.00,-13.00,0.00,0.00
2025-02-15,DL,515,LAX,ATL,0825,1535,250.00,-1.00,-4.00,0.00,0.00
2025-02-15,DL,528,LAX,ATL,1056,1813,257.00,21.00,14.00,0.00,0.00
2025-02-15,DL,395,LAX,ATL,1224,1929,245.00,136.00,133.00,0.00,0.00
2025-02-15,DL,715,LAX,ATL,1415,2132,257.00,7.00,-3.00,0.00,0.00
2025-02-15,DL,471,LAX,ATL,1730,0039,249.00,-8.00,-10.00,0.00,0.00
2025-02-15,DL,446,LAX,ATL,2155,0504,249.00,2.00,64.00,0.00,0.00
2025-02-15,DL,899,LAX,ATL,2255,0558,243.00,165.00,172.00,0.00,0.00
2025-02-15,DL,1264,ORD,ATL,0545,0853,128.00,-3.00,-4.00,0.00,0.00
2025-02-15,DL,1247,ORD,ATL,0705,1013,128.00,2.00,19.00,0.00,0.00
2025-02-15,DL,1147,ORD,ATL,1115,1413,118.00,-3.00,-1.00,0.00,0.00
2025-02-15,DL,1477,ORD,ATL,1455,1752,117.00,5.00,20.00,0.00,0.00
2025-02-15,DL,976,ORD,ATL,1713,2020,127.00,54.00,58.00,0.00,0.00
2025-02-15,DL,569,SEA,ATL,0615,1358,283.00,-1.00,-8.00,0.00,0.00
2025-02-15,DL,562,SEA,ATL,0835,1621,286.00,12.00,-1.00,0.00,0.00
2025-02-15,DL,542,SEA,ATL,1200,1958,298.00,37.00,17.00,0.00,0.00
2025-02-15,DL,567,SEA,ATL,1605,2350,285.00,-1.00,30.00,0.00,0.00
2025-02-15,DL,652,SEA,ATL,2305,0647,282.00,1.00,-20.00,0.00,0.00
2025-02-16,DL,849,ATL,BOS,0710,0947,157.00,-1.00,-15.00,0.00,0.00
2025-02-16,DL,996,ATL,LAX,0730,0945,315.00,23.00,19.00,0.00,0.00
2025-02-16,DL,444,ATL,SEA,0758,1045,347.00,1.00,-17.00,0.00,0.00
2025-02-16,DL,346,ATL,DEN,0820,0946,206.00,0.00,7.00,0.00,0.00
2025-02-16,DL,1147,ATL,ORD,0835,0941,126.00,-1.00,-14.00,0.00,0.00
2025-02-16,DL,898,ATL,LAX,0855,1055,300.00,9.00,-6.00,0.00,0.00
2025-02-16,DL,995,ATL,DEN,0945,1112,207.00,-3.00,4.00,0.00,0.00
2025-02-16,DL,774,ATL,SEA,0945,1231,346.00,151.00,148.00,0.00,0.00
2025-02-16,DL,855,ATL,BOS,1000,1237,157.00,75.00,77.00,0.00,0.00
2025-02-16,DL,501,ATL,LAX,1039,1250,311.00,2.00,-11.00,0.00,0.00
2025-02-16,DL,862,ATL,BOS,1105,1339,154.00,83.00,82.00,0.00,0.00
2025-02-16,DL,396,ATL,DEN,1121,1248,207.00,4.00,10.00,0.00,0.00
2025-02-16,DL,629,ATL,SEA,1138,1418,340.00,11.00,17.00,0.00,0.00
2025-02-16,DL,350,ATL,BOS,1215,1449,154.00,38.00,19.00,0.00,0.00
2025-02-16,DL,895,ATL,LAX,1240,1444,304.00,106.00,106.00,0.00,0.00
2025-02-16,DL,1477,ATL,ORD,1248,1349,121.00,135.00,126.00,0.00,0.00
2025-02-16,DL,530,ATL,DEN,1305,1425,200.00,3.00,13.00,0.00,0.00
2025-02-16,DL,753,ATL,LAX,1410,1619,309.00,10.00,-1.00,0.00,0.00
2025-02-16,DL,519,ATL,DEN,1428,1549,201.00,14.00,18.00,0.00,0.00
2025-02-16,DL,726,ATL,BOS,1435,1708,153.00,-3.00,1.00,0.00,0.00
2025-02-16,DL,976,ATL,ORD,1445,1545,120.00,27.00,18.00,0.00,0.00
2025-02-16,DL,1219,ATL,LAX,1515,1722,307.00,75.00,86.00,0.00,0.00
2025-02-16,DL,481,ATL,SEA,1545,1827,342.00,23.00,29.00,0.00,0.00
2025-02-16,DL,821,ATL,BOS,1610,1845,155.00,31.00,5.00,0.00,0.00
2025-02-16,DL,301,ATL,LAX,1650,1857,307.00,34.00,41.00,0.00,0.00
2025-02-16,DL,1139,ATL,ORD,1740,1847,127.00,58.00,44.00,0.00,0.00
2025-02-16,DL,300,ATL,BOS,1755,2031,156.00,0.00,-9.00,0.00,0.00
2025-02-16,DL,746,ATL,DEN,1820,1948,208.00,59.00,52.00,0.00,0.00
2025-02-16,DL,500,ATL,LAX,1840,2049,309.00,67.00,81.00,0.00,0.00
2025-02-16,DL,472,ATL,SEA,1930,2216,346.00,98.00,102.00,0.00,0.00
2025-02-16,DL,518,ATL,BOS,1954,2230,156.00,,,1.00,0.00
2025-02-16,DL,331,ATL,LAX,2059,2310,311.00,204.00,198.00,0.00,0.00
2025-02-16,DL,493,ATL,DEN,2120,2246,206.00,-5.00,-8.00,0.00,0.00
2025-02-16,DL,865,ATL,BOS,2225,0058,153.00,35.00,99.00,0.00,0.00
2025-02-16,DL,1199,ATL,ORD,2249,2348,119.00,6.00,7.00,0.00,0.00
2025-02-16,DL,695,BOS,ATL,0540,0848,188.00,6.00,48.00,0.00,0.00
2025-02-16,DL,923,BOS,ATL,0655,1000,185.00,53.00,,1.00,0.00
2025-02-16,DL,456,BOS,ATL,0805,1112,187.00,269.00,287.00,0.00,0.00
2025-02-16,DL,973,BOS,ATL,0945,1249,184.00,119.00,143.00,0.00,0.00
2025-02-16,DL,376,BOS,ATL,1145,1446,181.00,6.00,12.00,0.00,0.00
2025-02-16,DL,322,BOS,ATL,1347,1645,178.00,75.00,81.00,0.00,0.00
2025-02-16,DL,399,BOS,ATL,1550,1852,182.00,33.00,56.00,0.00,0.00
2025-02-16,DL,385,BOS,ATL,1819,2134,195.00,,,1.00,0.00
2025-02-16,DL,900,BOS,ATL,2025,2336,191.00,35.00,68.00,0.00,0.00
2025-02-16,DL,341,DEN,ATL,0600,1053,173.00,-8.00,-3.00,0.00,0.00
2025-02-16,DL,431,DEN,ATL,0710,1200,170.00,11.00,9.00,0.00,0.00
2025-02-16,DL,346,DEN,ATL,1051,1542,171.00,5.00,-10.00,0.00,0.00
2025-02-16,DL,995,DEN,ATL,1217,1705,168.00,0.00,-8.00,0.00,0.00
2025-02-16,DL,396,DEN,ATL,1353,1845,172.00,5.00,-8.00,0.00,0.00
2025-02-16,DL,530,DEN,ATL,1530,2029,179.00,12.00,18.00,0.00,0.00
2025-02-16,DL,519,DEN,ATL,1654,2150,176.00,27.00,3.00,0.00,0.00
2025-02-16,DL,390,LAX,ATL,0615,1324,249.00,-2.00,-11.00,0.00,0.00
2025-02-16,DL,327,LAX,ATL,0715,1425,250.00,172.00,155.00,0.00,0.00
2025-02-16,DL,515,LAX,ATL,0825,1535,250.00,61.00,50.00,0.00,0.00
2025-02-16,DL,528,LAX,ATL,1056,1813,257.00,15.00,3.00,0.00,0.00
2025-02-16,DL,395,LAX,ATL,1224,1929,245.00,15.00,11.00,0.00,0.00
2025-02-16,DL,715,LAX,ATL,1415,2132,257.00,-2.00,-28.00,0.00,0.00
2025-02-16,DL,471,LAX,ATL,1730,0039,249.00,-11.00,-29.00,0.00,0.00
2025-02-16,DL,446,LAX,ATL,2159,0508,249.00,78.00,53.00,0.00,0.00
2025-02-16,DL,899,LAX,ATL,2259,0602,243.00,8.00,-10.00,0.00,0.00
2025-02-16,DL,1264,ORD,ATL,0545,0853,128.00,-7.00,14.00,0.00,0.00
2025-02-16,DL,1247,ORD,ATL,0705,1013,128.00,11.00,25.00,0.00,0.00
2025-02-16,DL,1147,ORD,ATL,1115,1414,119.00,3.00,13.00,0.00,0.00
2025-02-16,DL,1477,ORD,ATL,1459,1757,118.00,123.00,118.00,0.00,0.00
2025-02-16,DL,976,ORD,ATL,1713,2020,127.00,6.00,-10.00,0.00,0.00
2025-02-16,DL,569,SEA,ATL,0615,1358,283.00,8.00,-2.00,0.00,0.00
2025-02-16,DL,562,SEA,ATL,0845,1631,286.00,97.00,67.00,0.00,0.00
2025-02-16,DL,542,SEA,ATL,1200,1958,298.00,-3.00,-37.00,0.00,0.00
2025-02-16,DL,567,SEA,ATL,1605,2350,285.00,-3.00,-7.00,0.00,0.00
2025-02-16,DL,652,SEA,ATL,2305,0647,282.00,929.00,907.00,0.00,0.00
2025-02-17,DL,849,ATL,BOS,0710,0947,157.00,2.00,-10.00,0.00,0.00
2025-02-17,DL,1178,ATL,ORD,0725,0825,120.00,-4.00,5.00,0.00,0.00
2025-02-17,DL,996,ATL,LAX,0730,0945,315.00,28.00,16.00,0.00,0.00
2025-02-17,DL,444,ATL,SEA,0758,1045,347.00,9.00,-7.00,0.00,0.00
2025-02-17,DL,346,ATL,DEN,0820,0946,206.00,5.00,7.00,0.00,0.00
2025-02-17,DL,1147,ATL,ORD,0835,0942,127.00,2.00,32.00,0.00,0.00
2025-02-17,DL,898,ATL,LAX,0855,1055,300.00,1.00,6.00,0.00,0.00
2025-02-17,DL,995,ATL,DEN,0945,1112,207.00,-2.00,15.00,0.00,0.00
2025-02-17,DL,774,ATL,SEA,0945,1231,346.00,-1.00,-8.00,0.00,0.00
2025-02-17,DL,855,ATL,BOS,1000,1237,157.00,71.00,54.00,0.00,0.00
2025-02-17,DL,501,ATL,LAX,1039,1250,311.00,19.00,13.00,0.00,0.00
2025-02-17,DL,862,ATL,BOS,1105,1339,154.00,65.00,48.00,0.00,0.00
2025-02-17,DL,396,ATL,DEN,1121,1248,207.00,50.00,43.00,0.00,0.00
2025-02-17,DL,629,ATL,SEA,1138,1418,340.00,10.00,36.00,0.00,0.00
2025-02-17,DL,350,ATL,BOS,1215,1449,154.00,73.00,60.00,0.00,0.00
2025-02-17,DL,895,ATL,LAX,1240,1444,304.00,-1.00,10.00,0.00,0.00
2025-02-17,DL,1477,ATL,ORD,1248,1349,121.00,57.00,71.00,0.00,0.00
2025-02-17,DL,530,ATL,DEN,1305,1425,200.00,0.00,-3.00,0.00,0.00
2025-02-17,DL,753,ATL,LAX,1410,1619,309.00,10.00,21.00,0.00,0.00
2025-02-17,DL,519,ATL,DEN,1428,1549,201.00,-4.00,11.00,0.00,0.00
2025-02-17,DL,726,ATL,BOS,1435,1708,153.00,0.00,-8.00,0.00,0.00
2025-02-17,DL,976,ATL,ORD,1445,1543,118.00,-1.00,1.00,0.00,0.00
2025-02-17,DL,1219,ATL,LAX,1515,1722,307.00,0.00,-8.00,0.00,0.00
2025-02-17,DL,481,ATL,SEA,1522,1800,338.00,23.00,18.00,0.00,0.00
2025-02-17,DL,821,ATL,BOS,1610,1845,155.00,-4.00,-21.00,0.00,0.00
2025-02-17,DL,2738,ATL,ORD,1625,1725,120.00,-6.00,-3.00,0.00,0.00
2025-02-17,DL,301,ATL,LAX,1650,1857,307.00,28.00,13.00,0.00,0.00
2025-02-17,DL,300,ATL,BOS,1755,2031,156.00,53.00,31.00,0.00,0.00
2025-02-17,DL,746,ATL,DEN,1820,1948,208.00,31.00,36.00,0.00,0.00
2025-02-17,DL,500,ATL,LAX,1825,2040,315.00,0.00,-1.00,0.00,0.00
2025-02-17,DL,472,ATL,SEA,1930,2216,346.00,9.00,8.00,0.00,0.00
2025-02-17,DL,1139,ATL,ORD,1945,2046,121.00,22.00,17.00,0.00,0.00
2025-02-17,DL,518,ATL,BOS,1954,2230,156.00,126.00,112.00,0.00,0.00
2025-02-17,DL,319,ATL,LAX,1955,2205,310.00,55.00,51.00,0.00,0.00
2025-02-17,DL,493,ATL,DEN,2120,2246,206.00,41.00,36.00,0.00,0.00
2025-02-17,DL,331,ATL,LAX,2140,2344,304.00,11.00,-1.00,0.00,0.00
2025-02-17,DL,865,ATL,BOS,2225,0058,153.00,32.00,6.00,0.00,0.00
2025-02-17,DL,1199,ATL,ORD,2249,2349,120.00,86.00,77.00,0.00,0.00
2025-02-17,DL,695,BOS,ATL,0540,0848,188.00,16.00,3.00,0.00,0.00
2025-02-17,DL,923,BOS,ATL,0655,1000,185.00,925.00,913.00,0.00,0.00
2025-02-17,DL,456,BOS,ATL,0805,1112,187.00,42.00,39.00,0.00,0.00
2025-02-17,DL,973,BOS,ATL,0945,1249,184.00,18.00,9.00,0.00,0.00
2025-02-17,DL,376,BOS,ATL,1145,1446,181.00,-1.00,11.00,0.00,0.00
2025-02-17,DL,322,BOS,ATL,1347,1645,178.00,98.00,111.00,0.00,0.00
2025-02-17,DL,399,BOS,ATL,1550,1852,182.00,120.00,128.00,0.00,0.00
2025-02-17,DL,385,BOS,ATL,1819,2134,195.00,6.00,7.00,0.00,0.00
2025-02-17,DL,900,BOS,ATL,2025,2336,191.00,75.00,57.00,0.00,0.00
2025-02-17,DL,341,DEN,ATL,0600,1053,173.00,11.00,-7.00,0.00,0.00
2025-02-17,DL,431,DEN,ATL,0710,1200,170.00,10.00,-2.00,0.00,0.00
2025-02-17,DL,346,DEN,ATL,1051,1542,171.00,9.00,-9.00,0.00,0.00
2025-02-17,DL,995,DEN,ATL,1217,1705,168.00,17.00,22.00,0.00,0.00
2025-02-17,DL,396,DEN,ATL,1353,1845,172.00,52.00,37.00,0.00,0.00
2025-02-17,DL,530,DEN,ATL,1530,2029,179.00,15.00,0.00,0.00,0.00
2025-02-17,DL,519,DEN,ATL,1654,2150,176.00,11.00,-3.00,0.00,0.00
2025-02-17,DL,390,LAX,ATL,0615,1324,249.00,1.00,-17.00,0.00,0.00
2025-02-17,DL,327,LAX,ATL,0715,1425,250.00,88.00,80.00,0.00,0.00
2025-02-17,DL,515,LAX,ATL,0825,1535,250.00,3.00,-29.00,0.00,0.00
2025-02-17,DL,528,LAX,ATL,1056,1813,257.00,15.00,-10.00,0.00,0.00
2025-02-17,DL,395,LAX,ATL,1224,1929,245.00,-5.00,1.00,0.00,0.00
2025-02-17,DL,715,LAX,ATL,1415,2132,257.00,1.00,-23.00,0.00,0.00
2025-02-17,DL,471,LAX,ATL,1730,0039,249.00,166.00,141.00,0.00,0.00
2025-02-17,DL,899,LAX,ATL,2155,0502,247.00,-8.00,-32.00,0.00,0.00
2025-02-17,DL,446,LAX,ATL,2255,0600,245.00,-5.00,-20.00,0.00,0.00
2025-02-17,DL,320,LAX,ATL,2359,0709,250.00,113.00,93.00,0.00,0.00
2025-02-17,DL,1264,ORD,ATL,0545,0853,128.00,11.00,-10.00,0.00,0.00
2025-02-17,DL,1247,ORD,ATL,0705,1013,128.00,-1.00,-28.00,0.00,0.00
2025-02-17,DL,1178,ORD,ATL,0935,1237,122.00,-3.00,-26.00,0.00,0.00
2025-02-17,DL,1147,ORD,ATL,1115,1413,118.00,70.00,72.00,0.00,0.00
2025-02-17,DL,1477,ORD,ATL,1459,1757,118.00,71.00,57.00,0.00,0.00
2025-02-17,DL,976,ORD,ATL,1655,2000,125.00,-4.00,-26.00,0.00,0.00
2025-02-17,DL,2738,ORD,ATL,1838,2149,131.00,0.00,-11.00,0.00,0.00
2025-02-17,DL,569,SEA,ATL,0615,1358,283.00,4.00,-29.00,0.00,0.00
2025-02-17,DL,562,SEA,ATL,0845,1631,286.00,28.00,-2.00,0.00,0.00
2025-02-17,DL,542,SEA,ATL,1200,1958,298.00,3.00,-21.00,0.00,0.00
2025-02-17,DL,567,SEA,ATL,1605,2350,285.00,-6.00,-22.00,0.00,0.00
2025-02-17,DL,652,SEA,ATL,2305,0647,282.00,-1.00,-24.00,0.00,0.00
2025-02-18,DL,849,ATL,BOS,0710,0947,157.00,-5.00,-24.00,0.00,0.00
2025-02-18,DL,1178,ATL,ORD,0725,0833,128.00,7.00,-4.00,0.00,0.00
2025-02-18,DL,996,ATL,LAX,0730,0945,315.00,-4.00,-20.00,0.00,0.00
2025-02-18,DL,444,ATL,SEA,0758,1045,347.00,33.00,30.00,0.00,0.00
2025-02-18,DL,346,ATL,DEN,0820,0946,206.00,10.00,33.00,0.00,0.00
2025-02-18,DL,1147,ATL,ORD,0835,0942,127.00,32.00,21.00,0.00,0.00
2025-02-18,DL,898,ATL,LAX,0855,1055,300.00,10.00,6.00,0.00,0.00
2025-02-18,DL,995,ATL,DEN,0945,1112,207.00,-4.00,-3.00,0.00,0.00
2025-02-18,DL,774,ATL,SEA,0945,1231,346.00,4.00,-6.00,0.00,0.00
2025-02-18,DL,855,ATL,BOS,1000,1237,157.00,10.00,-13.00,0.00,0.00
2025-02-18,DL,501,ATL,LAX,1039,1250,311.00,5.00,5.00,0.00,0.00
2025-02-18,DL,862,ATL,BOS,1110,1344,154.00,5.00,-3.00,0.00,0.00
2025-02-18,DL,396,ATL,DEN,1121,1248,207.00,14.00,16.00,0.00,0.00
2025-02-18,DL,629,ATL,SEA,1138,1418,340.00,11.00,11.00,0.00,0.00
2025-02-18,DL,350,ATL,BOS,1215,1449,154.00,-3.00,-24.00,0.00,0.00
2025-02-18,DL,895,ATL,LAX,1240,1444,304.00,3.00,4.00,0.00,0.00
2025-02-18,DL,1477,ATL,ORD,1248,1349,121.00,-11.00,-15.00,0.00,0.00
2025-02-18,DL,530,ATL,DEN,1305,1425,200.00,134.00,132.00,0.00,0.00
2025-02-18,DL,753,ATL,LAX,1410,1619,309.00,0.00,-14.00,0.00,0.00
2025-02-18,DL,519,ATL,DEN,1428,1549,201.00,-2.00,-6.00,0.00,0.00
2025-02-18,DL,726,ATL,BOS,1435,1708,153.00,10.00,-4.00,0.00,0.00
2025-02-18,DL,976,ATL,ORD,1445,1543,118.00,7.00,3.00,0.00,0.00
2025-02-18,DL,1219,ATL,LAX,1515,1722,307.00,-3.00,-12.00,0.00,0.00
2025-02-18,DL,481,ATL,SEA,1518,1800,342.00,-1.00,-10.00,0.00,0.00
2025-02-18,DL,301,ATL,LAX,1650,1857,307.00,1.00,-6.00,0.00,0.00
2025-02-18,DL,2879,ATL,ORD,1740,1847,127.00,-2.00,-21.00,0.00,0.00
2025-02-18,DL,300,ATL,BOS,1755,2031,156.00,5.00,-11.00,0.00,0.00
2025-02-18,DL,746,ATL,DEN,1820,1948,208.00,-10.00,-14.00,0.00,0.00
2025-02-18,DL,500,ATL,LAX,1825,2040,315.00,29.00,26.00,0.00,0.00
2025-02-18,DL,472,ATL,SEA,1930,2216,346.00,-1.00,-14.00,0.00,0.00
2025-02-18,DL,518,ATL,BOS,1954,2230,156.00,0.00,-10.00,0.00,0.00
2025-02-18,DL,331,ATL,LAX,2059,2310,311.00,44.00,79.00,0.00,0.00
2025-02-18,DL,493,ATL,DEN,2120,2246,206.00,0.00,-1.00,0.00,0.00
2025-02-18,DL,865,ATL,BOS,2225,0058,153.00,0.00,-21.00,0.00,0.00
2025-02-18,DL,1199,ATL,ORD,2249,2348,119.00,-7.00,-15.00,0.00,0.00
2025-02-18,DL,695,BOS,ATL,0540,0848,188.00,1.00,-11.00,0.00,0.00
2025-02-18,DL,923,BOS,ATL,0655,1000,185.00,4.00,11.00,0.00,0.00
2025-02-18,DL,456,BOS,ATL,0805,1112,187.00,5.00,10.00,0.00,0.00
2025-02-18,DL,973,BOS,ATL,0945,1249,184.00,1.00,-7.00,0.00,0.00
2025-02-18,DL,376,BOS,ATL,1145,1446,181.00,-6.00,-2.00,0.00,0.00
2025-02-18,DL,322,BOS,ATL,1347,1645,178.00,13.00,13.00,0.00,0.00
2025-02-18,DL,399,BOS,ATL,1550,1852,182.00,12.00,4.00,0.00,0.00
2025-02-18,DL,385,BOS,ATL,1835,2148,193.00,-3.00,-14.00,0.00,0.00
2025-02-18,DL,341,DEN,ATL,0600,1053,173.00,1.00,3.00,0.00,0.00
2025-02-18,DL,431,DEN,ATL,0710,1200,170.00,29.00,39.00,0.00,0.00
2025-02-18,DL,346,DEN,ATL,1051,1542,171.00,54.00,77.00,0.00,0.00
2025-02-18,DL,995,DEN,ATL,1217,1705,168.00,1.00,30.00,0.00,0.00
2025-02-18,DL,396,DEN,ATL,1353,1845,172.00,19.00,19.00,0.00,0.00
2025-02-18,DL,530,DEN,ATL,1530,2029,179.00,152.00,153.00,0.00,0.00
2025-02-18,DL,519,DEN,ATL,1654,2150,176.00,-6.00,-10.00,0.00,0.00
2025-02-18,DL,390,LAX,ATL,0615,1324,249.00,1.00,-18.00,0.00,0.00
2025-02-18,DL,327,LAX,ATL,0715,1425,250.00,-5.00,-16.00,0.00,0.00
2025-02-18,DL,515,LAX,ATL,0825,1535,250.00,-7.00,-6.00,0.00,0.00
2025-02-18,DL,528,LAX,ATL,1056,1813,257.00,17.00,9.00,0.00,0.00
2025-02-18,DL,395,LAX,ATL,1224,1929,245.00,-1.00,-4.00,0.00,0.00
2025-02-18,DL,715,LAX,ATL,1415,2132,257.00,6.00,-3.00,0.00,0.00
2025-02-18,DL,471,LAX,ATL,1730,0039,249.00,-10.00,-12.00,0.00,0.00
2025-02-18,DL,899,LAX,ATL,2155,0504,249.00,-5.00,-17.00,0.00,0.00
2025-02-18,DL,446,LAX,ATL,2255,0600,245.00,23.00,26.00,0.00,0.00
2025-02-18,DL,1264,ORD,ATL,0545,0853,128.00,198.00,181.00,0.00,0.00
2025-02-18,DL,1247,ORD,ATL,0705,1013,128.00,6.00,-2.00,0.00,0.00
2025-02-18,DL,1178,ORD,ATL,0935,1237,122.00,-1.00,-20.00,0.00,0.00
2025-02-18,DL,1147,ORD,ATL,1115,1413,118.00,-1.00,-15.00,0.00,0.00
2025-02-18,DL,1477,ORD,ATL,1459,1757,118.00,0.00,-20.00,0.00,0.00
2025-02-18,DL,976,ORD,ATL,1713,2019,126.00,-1.00,-19.00,0.00,0.00
2025-02-18,DL,569,SEA,ATL,0615,1358,283.00,-6.00,-32.00,0.00,0.00
2025-02-18,DL,562,SEA,ATL,0845,1631,286.00,0.00,-29.00,0.00,0.00
2025-02-18,DL,542,SEA,ATL,1200,1958,298.00,12.00,-16.00,0.00,0.00
2025-02-18,DL,567,SEA,ATL,1605,2350,285.00,-4.00,-15.00,0.00,0.00
2025-02-18,DL,652,SEA,ATL,2305,0647,282.00,12.00,3.00,0.00,0.00
2025-02-19,DL,849,ATL,BOS,0710,0947,157.00,3.00,-23.00,0.00,0.00
2025-02-19,DL,1178,ATL,ORD,0725,0833,128.00,-1.00,-24.00,0.00,0.00
2025-02-19,DL,996,ATL,LAX,0730,0945,315.00,-4.00,-25.00,0.00,0.00
2025-02-19,DL,444,ATL,SEA,0758,1045,347.00,0.00,-29.00,0.00,0.00
2025-02-19,DL,346,ATL,DEN,0820,0946,206.00,4.00,1.00,0.00,0.00
2025-02-19,DL,1147,ATL,ORD,0835,0942,127.00,-2.00,-18.00,0.00,0.00
2025-02-19,DL,898,ATL,LAX,0855,1055,300.00,7.00,4.00,0.00,0.00
2025-02-19,DL,995,ATL,DEN,0945,1112,207.00,21.00,24.00,0.00,0.00
2025-02-19,DL,774,ATL,SEA,0945,1231,346.00,8.00,-5.00,0.00,0.00
2025-02-19,DL,855,ATL,BOS,1000,1237,157.00,-6.00,13.00,0.00,0.00
2025-02-19,DL,501,ATL,LAX,1039,1250,311.00,16.00,2.00,0.00,0.00
2025-02-19,DL,862,ATL,BOS,1110,1344,154.00,18.00,-11.00,0.00,0.00
2025-02-19,DL,396,ATL,DEN,1121,1248,207.00,2.00,1.00,0.00,0.00
2025-02-19,DL,629,ATL,SEA,1138,1418,340.00,37.00,20.00,0.00,0.00
2025-02-19,DL,350,ATL,BOS,1215,1449,154.00,2.00,-28.00,0.00,0.00
2025-02-19,DL,895,ATL,LAX,1240,1444,304.00,4.00,-7.00,0.00,0.00
2025-02-19,DL,530,ATL,DEN,1305,1425,200.00,24.00,26.00,0.00,0.00
2025-02-19,DL,1477,ATL,ORD,1309,1410,121.00,124.00,113.00,0.00,0.00
2025-02-19,DL,753,ATL,LAX,1410,1619,309.00,0.00,-6.00,0.00,0.00
2025-02-19,DL,519,ATL,DEN,1428,1549,201.00,-6.00,-3.00,0.00,0.00
2025-02-19,DL,726,ATL,BOS,1435,1708,153.00,0.00,-24.00,0.00,0.00
2025-02-19,DL,976,ATL,ORD,1445,1543,118.00,19.00,10.00,0.00,0.00
2025-02-19,DL,1219,ATL,LAX,1515,1722,307.00,1.00,-7.00,0.00,0.00
2025-02-19,DL,481,ATL,SEA,1522,1800,338.00,9.00,-12.00,0.00,0.00
2025-02-19,DL,2738,ATL,ORD,1625,1725,120.00,-7.00,-13.00,0.00,0.00
2025-02-19,DL,301,ATL,LAX,1650,1857,307.00,-8.00,-15.00,0.00,0.00
2025-02-19,DL,300,ATL,BOS,1755,2031,156.00,-6.00,-28.00,0.00,0.00
2025-02-19,DL,746,ATL,DEN,1820,1948,208.00,6.00,22.00,0.00,0.00
2025-02-19,DL,500,ATL,LAX,1825,2040,315.00,26.00,13.00,0.00,0.00
2025-02-19,DL,472,ATL,SEA,1930,2216,346.00,-6.00,-6.00,0.00,0.00
2025-02-19,DL,1139,ATL,ORD,1945,2046,121.00,14.00,5.00,0.00,0.00
2025-02-19,DL,518,ATL,BOS,1954,2230,156.00,9.00,-15.00,0.00,0.00
2025-02-19,DL,331,ATL,LAX,2105,2315,310.00,1062.00,1076.00,0.00,0.00
2025-02-19,DL,493,ATL,DEN,2120,2246,206.00,8.00,18.00,0.00,0.00
2025-02-19,DL,865,ATL,BOS,2225,0058,153.00,16.00,-5.00,0.00,0.00
2025-02-19,DL,1199,ATL,ORD,2249,2348,119.00,1.00,-2.00,0.00,0.00
2025-02-19,DL,695,BOS,ATL,0540,0848,188.00,-1.00,8.00,0.00,0.00
2025-02-19,DL,923,BOS,ATL,0655,1000,185.00,-3.00,37.00,0.00,0.00
2025-02-19,DL,456,BOS,ATL,0805,1112,187.00,3.00,6.00,0.00,0.00
2025-02-19,DL,973,BOS,ATL,0945,1249,184.00,1.00,15.00,0.00,0.00
2025-02-19,DL,376,BOS,ATL,1145,1446,181.00,1.00,20.00,0.00,0.00
2025-02-19,DL,322,BOS,ATL,1347,1645,178.00,8.00,31.00,0.00,0.00
2025-02-19,DL,399,BOS,ATL,1550,1852,182.00,55.00,59.00,0.00,0.00
2025-02-19,DL,385,BOS,ATL,1835,2148,193.00,15.00,-2.00,0.00,0.00
2025-02-19,DL,341,DEN,ATL,0600,1053,173.00,7.00,21.00,0.00,0.00
2025-02-19,DL,431,DEN,ATL,0710,1200,170.00,14.00,24.00,0.00,0.00
2025-02-19,DL,346,DEN,ATL,1051,1542,171.00,2.00,-9.00,0.00,0.00
2025-02-19,DL,995,DEN,ATL,1217,1705,168.00,21.00,2.00,0.00,0.00
2025-02-19,DL,396,DEN,ATL,1353,1845,172.00,14.00,-7.00,0.00,0.00
2025-02-19,DL,530,DEN,ATL,1530,2029,179.00,23.00,5.00,0.00,0.00
2025-02-19,DL,519,DEN,ATL,1654,2150,176.00,5.00,-20.00,0.00,0.00
2025-02-19,DL,390,LAX,ATL,0615,1324,249.00,-2.00,-13.00,0.00,0.00
2025-02-19,DL,327,LAX,ATL,0715,1425,250.00,0.00,-6.00,0.00,0.00
2025-02-19,DL,515,LAX,ATL,0825,1535,250.00,-1.00,-11.00,0.00,0.00
2025-02-19,DL,528,LAX,ATL,1056,1813,257.00,10.00,-5.00,0.00,0.00
2025-02-19,DL,395,LAX,ATL,1224,1929,245.00,3.00,16.00,0.00,0.00
2025-02-19,DL,715,LAX,ATL,1415,2132,257.00,5.00,-16.00,0.00,0.00
2025-02-19,DL,471,LAX,ATL,1730,0039,249.00,-15.00,-19.00,0.00,0.00
2025-02-19,DL,899,LAX,ATL,2155,0504,249.00,10.00,-10.00,0.00,0.00
2025-02-19,DL,446,LAX,ATL,2255,0600,245.00,31.00,27.00,0.00,0.00
2025-02-19,DL,1264,ORD,ATL,0545,0853,128.00,-8.00,-19.00,0.00,0.00
2025-02-19,DL,1247,ORD,ATL,0705,1013,128.00,-2.00,-18.00,0.00,0.00
2025-02-19,DL,1178,ORD,ATL,0935,1237,122.00,-7.00,-17.00,0.00,0.00
2025-02-19,DL,1147,ORD,ATL,1115,1413,118.00,-9.00,-19.00,0.00,0.00
2025-02-19,DL,1477,ORD,ATL,1520,1818,118.00,112.00,106.00,0.00,0.00
2025-02-19,DL,976,ORD,ATL,1713,2019,126.00,20.00,8.00,0.00,0.00
2025-02-19,DL,2738,ORD,ATL,1838,2149,131.00,-6.00,-11.00,0.00,0.00
2025-02-19,DL,569,SEA,ATL,0615,1358,283.00,2.00,-25.00,0.00,0.00
2025-02-19,DL,562,SEA,ATL,0845,1631,286.00,-2.00,-21.00,0.00,0.00
2025-02-19,DL,542,SEA,ATL,1200,1958,298.00,11.00,-4.00,0.00,0.00
2025-02-19,DL,567,SEA,ATL,1605,2350,285.00,-4.00,-25.00,0.00,0.00
2025-02-19,DL,652,SEA,ATL,2305,0647,282.00,29.00,4.00,0.00,0.00
2025-02-20,DL,849,ATL,BOS,0710,0947,157.00,-3.00,-20.00,0.00,0.00
2025-02-20,DL,1178,ATL,ORD,0725,0833,128.00,-3.00,11.00,0.00,0.00
2025-02-20,DL,996,ATL,LAX,0730,0945,315.00,15.00,-7.00,0.00,0.00
2025-02-20,DL,444,ATL,SEA,0758,1045,347.00,9.00,-5.00,0.00,0.00
2025-02-20,DL,346,ATL,DEN,0820,0946,206.00,10.00,26.00,0.00,0.00
2025-02-20,DL,1147,ATL,ORD,0835,0942,127.00,-2.00,-7.00,0.00,0.00
2025-02-20,DL,898,ATL,LAX,0855,1055,300.00,26.00,14.00,0.00,0.00
2025-02-20,DL,995,ATL,DEN,0945,1112,207.00,5.00,49.00,0.00,0.00
2025-02-20,DL,774,ATL,SEA,0945,1231,346.00,105.00,88.00,0.00,0.00
2025-02-20,DL,855,ATL,BOS,1000,1237,157.00,21.00,-2.00,0.00,0.00
2025-02-20,DL,501,ATL,LAX,1039,1250,311.00,14.00,34.00,0.00,0.00
2025-02-20,DL,862,ATL,BOS,1105,1339,154.00,44.00,23.00,0.00,0.00
2025-02-20,DL,396,ATL,DEN,1121,1248,207.00,0.00,9.00,0.00,0.00
2025-02-20,DL,629,ATL,SEA,1138,1418,340.00,-5.00,-14.00,0.00,0.00
2025-02-20,DL,350,ATL,BOS,1215,1449,154.00,-2.00,-25.00,0.00,0.00
2025-02-20,DL,895,ATL,LAX,1240,1444,304.00,-8.00,-14.00,0.00,0.00
2025-02-20,DL,1477,ATL,ORD,1248,1349,121.00,2.00,1.00,0.00,0.00
2025-02-20,DL,530,ATL,DEN,1305,1425,200.00,-2.00,10.00,0.00,0.00
2025-02-20,DL,753,ATL,LAX,1410,1619,309.00,4.00,-5.00,0.00,0.00
2025-02-20,DL,519,ATL,DEN,1428,1549,201.00,0.00,8.00,0.00,0.00
2025-02-20,DL,726,ATL,BOS,1435,1708,153.00,-2.00,-1.00,0.00,0.00
2025-02-20,DL,976,ATL,ORD,1445,1545,120.00,6.00,11.00,0.00,0.00
2025-02-20,DL,1219,ATL,LAX,1515,1722,307.00,21.00,10.00,0.00,0.00
2025-02-20,DL,481,ATL,SEA,1522,1800,338.00,4.00,13.00,0.00,0.00
2025-02-20,DL,821,ATL,BOS,1610,1845,155.00,44.00,36.00,0.00,0.00
2025-02-20,DL,2738,ATL,ORD,1625,1725,120.00,33.00,43.00,0.00,0.00
2025-02-20,DL,301,ATL,LAX,1650,1857,307.00,37.00,29.00,0.00,0.00
2025-02-20,DL,300,ATL,BOS,1755,2031,156.00,38.00,36.00,0.00,0.00
2025-02-20,DL,746,ATL,DEN,1820,1948,208.00,75.00,79.00,0.00,0.00
2025-02-20,DL,500,ATL,LAX,1825,2040,315.00,34.00,21.00,0.00,0.00
2025-02-20,DL,472,ATL,SEA,1930,2216,346.00,2.00,-8.00,0.00,0.00
2025-02-20,DL,1139,ATL,ORD,1945,2046,121.00,0.00,-2.00,0.00,0.00
2025-02-20,DL,518,ATL,BOS,1954,2230,156.00,79.00,69.00,0.00,0.00
2025-02-20,DL,319,ATL,LAX,1955,2205,310.00,55.00,35.00,0.00,0.00
2025-02-20,DL,493,ATL,DEN,2120,2246,206.00,-2.00,-6.00,0.00,0.00
2025-02-20,DL,331,ATL,LAX,2140,2344,304.00,9.00,18.00,0.00,0.00
2025-02-20,DL,865,ATL,BOS,2225,0058,153.00,0.00,-16.00,0.00,0.00
2025-02-20,DL,1199,ATL,ORD,2249,2349,120.00,3.00,3.00,0.00,0.00
2025-02-20,DL,695,BOS,ATL,0540,0848,188.00,0.00,14.00,0.00,0.00
2025-02-20,DL,923,BOS,ATL,0655,1000,185.00,-6.00,-22.00,0.00,0.00
2025-02-20,DL,456,BOS,ATL,0805,1112,187.00,7.00,3.00,0.00,0.00
2025-02-20,DL,973,BOS,ATL,0945,1249,184.00,0.00,-9.00,0.00,0.00
2025-02-20,DL,376,BOS,ATL,1145,1446,181.00,0.00,-14.00,0.00,0.00
2025-02-20,DL,322,BOS,ATL,1347,1645,178.00,3.00,-10.00,0.00,0.00
2025-02-20,DL,399,BOS,ATL,1550,1852,182.00,2.00,-13.00,0.00,0.00
2025-02-20,DL,385,BOS,ATL,1819,2134,195.00,-6.00,-13.00,0.00,0.00
2025-02-20,DL,900,BOS,ATL,2025,2336,191.00,-10.00,-27.00,0.00,0.00
2025-02-20,DL,341,DEN,ATL,0600,1053,173.00,29.00,11.00,0.00,0.00
2025-02-20,DL,431,DEN,ATL,0710,1200,170.00,10.00,-4.00,0.00,0.00
2025-02-20,DL,346,DEN,ATL,1051,1542,171.00,57.00,33.00,0.00,0.00
2025-02-20,DL,995,DEN,ATL,1217,1705,168.00,44.00,25.00,0.00,0.00
2025-02-20,DL,396,DEN,ATL,1353,1845,172.00,14.00,-12.00,0.00,0.00
2025-02-20,DL,530,DEN,ATL,1530,2029,179.00,6.00,-13.00,0.00,0.00
2025-02-20,DL,519,DEN,ATL,1654,2150,176.00,27.00,6.00,0.00,0.00
2025-02-20,DL,390,LAX,ATL,0615,1324,249.00,0.00,-4.00,0.00,0.00
2025-02-20,DL,327,LAX,ATL,0715,1425,250.00,-2.00,-18.00,0.00,0.00
2025-02-20,DL,515,LAX,ATL,0820,1530,250.00,-7.00,-26.00,0.00,0.00
2025-02-20,DL,528,LAX,ATL,1056,1813,257.00,-3.00,-32.00,0.00,0.00
2025-02-20,DL,395,LAX,ATL,1224,1929,245.00,4.00,-16.00,0.00,0.00
2025-02-20,DL,715,LAX,ATL,1415,2132,257.00,14.00,10.00,0.00,0.00
2025-02-20,DL,471,LAX,ATL,1730,0039,249.00,0.00,-16.00,0.00,0.00
2025-02-20,DL,899,LAX,ATL,2155,0502,247.00,0.00,-20.00,0.00,0.00
2025-02-20,DL,446,LAX,ATL,2255,0600,245.00,17.00,1.00,0.00,0.00
2025-02-20,DL,320,LAX,ATL,2359,0709,250.00,0.00,-16.00,0.00,0.00
2025-02-20,DL,1264,ORD,ATL,0545,0853,128.00,20.00,6.00,0.00,0.00
2025-02-20,DL,1247,ORD,ATL,0705,1013,128.00,0.00,-17.00,0.00,0.00
2025-02-20,DL,1178,ORD,ATL,0935,1237,122.00,6.00,-16.00,0.00,0.00
2025-02-20,DL,1147,ORD,ATL,1115,1413,118.00,-2.00,-14.00,0.00,0.00
2025-02-20,DL,1477,ORD,ATL,1459,1757,118.00,11.00,-9.00,0.00,0.00
2025-02-20,DL,976,ORD,ATL,1655,2001,126.00,18.00,2.00,0.00,0.00
2025-02-20,DL,2738,ORD,ATL,1838,2149,131.00,32.00,13.00,0.00,0.00
2025-02-20,DL,569,SEA,ATL,0615,1355,280.00,12.00,11.00,0.00,0.00
2025-02-20,DL,562,SEA,ATL,0845,1631,286.00,1.00,-18.00,0.00,0.00
2025-02-20,DL,542,SEA,ATL,1200,1958,298.00,-1.00,-20.00,0.00,0.00
2025-02-20,DL,567,SEA,ATL,1605,2350,285.00,-5.00,-20.00,0.00,0.00
2025-02-20,DL,652,SEA,ATL,2305,0647,282.00,5.00,-9.00,0.00,0.00
2025-02-21,DL,849,ATL,BOS,0710,0947,157.00,-4.00,-26.00,0.00,0.00
2025-02-21,DL,1178,ATL,ORD,0725,0833,128.00,3.00,-6.00,0.00,0.00
2025-02-21,DL,996,ATL,LAX,0730,0945,315.00,27.00,31.00,0.00,0.00
2025-02-21,DL,444,ATL,SEA,0758,1045,347.00,-2.00,-16.00,0.00,0.00
2025-02-21,DL,346,ATL,DEN,0820,0946,206.00,-5.00,32.00,0.00,0.00
2025-02-21,DL,1147,ATL,ORD,0835,0942,127.00,-5.00,-8.00,0.00,0.00
2025-02-21,DL,898,ATL,LAX,0855,1055,300.00,21.00,35.00,0.00,0.00
2025-02-21,DL,995,ATL,DEN,0945,1112,207.00,1.00,-13.00,0.00,0.00
2025-02-21,DL,774,ATL,SEA,0945,1231,346.00,45.00,39.00,0.00,0.00
2025-02-21,DL,855,ATL,BOS,1000,1237,157.00,-1.00,-7.00,0.00,0.00
2025-02-21,DL,501,ATL,LAX,1039,1250,311.00,23.00,13.00,0.00,0.00
2025-02-21,DL,862,ATL,BOS,1105,1339,154.00,21.00,22.00,0.00,0.00
2025-02-21,DL,396,ATL,DEN,1121,1248,207.00,-1.00,8.00,0.00,0.00
2025-02-21,DL,629,ATL,SEA,1138,1418,340.00,-4.00,-11.00,0.00,0.00
2025-02-21,DL,350,ATL,BOS,1215,1449,154.00,-4.00,-12.00,0.00,0.00
2025-02-21,DL,895,ATL,LAX,1240,1444,304.00,23.00,18.00,0.00,0.00
2025-02-21,DL,1477,ATL,ORD,1248,1349,121.00,1.00,1.00,0.00,0.00
2025-02-21,DL,530,ATL,DEN,1305,1425,200.00,25.00,31.00,0.00,0.00
2025-02-21,DL,753,ATL,LAX,1410,1619,309.00,11.00,-8.00,0.00,0.00
2025-02-21,DL,519,ATL,DEN,1428,1549,201.00,-1.00,0.00,0.00,0.00
2025-02-21,DL,726,ATL,BOS,1435,1708,153.00,33.00,26.00,0.00,0.00
2025-02-21,DL,976,ATL,ORD,1445,1545,120.00,-2.00,-11.00,0.00,0.00
2025-02-21,DL,1219,ATL,LAX,1515,1722,307.00,26.00,5.00,0.00,0.00
2025-02-21,DL,481,ATL,SEA,1522,1800,338.00,-3.00,-18.00,0.00,0.00
2025-02-21,DL,821,ATL,BOS,1610,1845,155.00,-1.00,-18.00,0.00,0.00
2025-02-21,DL,2738,ATL,ORD,1625,1725,120.00,21.00,22.00,0.00,0.00
2025-02-21,DL,301,ATL,LAX,1650,1857,307.00,19.00,-2.00,0.00,0.00
2025-02-21,DL,300,ATL,BOS,1755,2031,156.00,37.00,23.00,0.00,0.00
2025-02-21,DL,746,ATL,DEN,1820,1948,208.00,-1.00,-13.00,0.00,0.00
2025-02-21,DL,500,ATL,LAX,1825,2040,315.00,50.00,10.00,0.00,0.00
2025-02-21,DL,472,ATL,SEA,1930,2216,346.00,174.00,150.00,0.00,0.00
2025-02-21,DL,1139,ATL,ORD,1945,2046,121.00,-5.00,-1.00,0.00,0.00
2025-02-21,DL,518,ATL,BOS,1954,2230,156.00,36.00,21.00,0.00,0.00
2025-02-21,DL,319,ATL,LAX,1955,2205,310.00,-1.00,-22.00,0.00,0.00
2025-02-21,DL,493,ATL,DEN,2120,2246,206.00,31.00,20.00,0.00,0.00
2025-02-21,DL,331,ATL,LAX,2140,2344,304.00,3.00,-9.00,0.00,0.00
2025-02-21,DL,865,ATL,BOS,2225,0058,153.00,84.00,63.00,0.00,0.00
2025-02-21,DL,1199,ATL,ORD,2249,2349,120.00,-4.00,-13.00,0.00,0.00
2025-02-21,DL,695,BOS,ATL,0540,0848,188.00,5.00,-20.00,0.00,0.00
2025-02-21,DL,923,BOS,ATL,0655,1000,185.00,-3.00,28.00,0.00,0.00
2025-02-21,DL,456,BOS,ATL,0805,1112,187.00,2.00,-10.00,0.00,0.00
2025-02-21,DL,973,BOS,ATL,0945,1249,184.00,2.00,-19.00,0.00,0.00
2025-02-21,DL,376,BOS,ATL,1145,1446,181.00,6.00,-11.00,0.00,0.00
2025-02-21,DL,322,BOS,ATL,1347,1645,178.00,0.00,-10.00,0.00,0.00
2025-02-21,DL,399,BOS,ATL,1550,1852,182.00,6.00,-3.00,0.00,0.00
2025-02-21,DL,385,BOS,ATL,1819,2134,195.00,30.00,5.00,0.00,0.00
2025-02-21,DL,900,BOS,ATL,2025,2336,191.00,-6.00,-29.00,0.00,0.00
2025-02-21,DL,341,DEN,ATL,0600,1053,173.00,33.00,51.00,0.00,0.00
2025-02-21,DL,431,DEN,ATL,0710,1200,170.00,14.00,20.00,0.00,0.00
2025-02-21,DL,346,DEN,ATL,1051,1542,171.00,25.00,14.00,0.00,0.00
2025-02-21,DL,995,DEN,ATL,1217,1705,168.00,12.00,2.00,0.00,0.00
2025-02-21,DL,396,DEN,ATL,1353,1845,172.00,8.00,-8.00,0.00,0.00
2025-02-21,DL,530,DEN,ATL,1530,2029,179.00,30.00,14.00,0.00,0.00
2025-02-21,DL,519,DEN,ATL,1654,2150,176.00,-5.00,-20.00,0.00,0.00
2025-02-21,DL,390,LAX,ATL,0615,1324,249.00,125.00,103.00,0.00,0.00
2025-02-21,DL,327,LAX,ATL,0715,1425,250.00,17.00,17.00,0.00,0.00
2025-02-21,DL,515,LAX,ATL,0825,1535,250.00,15.00,-1.00,0.00,0.00
2025-02-21,DL,528,LAX,ATL,1056,1813,257.00,-7.00,-19.00,0.00,0.00
2025-02-21,DL,395,LAX,ATL,1224,1929,245.00,25.00,8.00,0.00,0.00
2025-02-21,DL,715,LAX,ATL,1415,2132,257.00,-1.00,-16.00,0.00,0.00
2025-02-21,DL,471,LAX,ATL,1730,0039,249.00,-6.00,-14.00,0.00,0.00
2025-02-21,DL,899,LAX,ATL,2155,0502,247.00,-6.00,-20.00,0.00,0.00
2025-02-21,DL,446,LAX,ATL,2255,0600,245.00,-1.00,-4.00,0.00,0.00
2025-02-21,DL,320,LAX,ATL,2359,0709,250.00,3.00,-5.00,0.00,0.00
2025-02-21,DL,1264,ORD,ATL,0545,0853,128.00,0.00,-6.00,0.00,0.00
2025-02-21,DL,1247,ORD,ATL,0705,1013,128.00,22.00,31.00,0.00,0.00
2025-02-21,DL,1178,ORD,ATL,0935,1237,122.00,-8.00,-29.00,0.00,0.00
2025-02-21,DL,1147,ORD,ATL,1115,1413,118.00,-2.00,-23.00,0.00,0.00
2025-02-21,DL,1477,ORD,ATL,1459,1757,118.00,2.00,-14.00,0.00,0.00
2025-02-21,DL,976,ORD,ATL,1655,2001,126.00,3.00,-13.00,0.00,0.00
2025-02-21,DL,2738,ORD,ATL,1838,2149,131.00,9.00,4.00,0.00,0.00
2025-02-21,DL,569,SEA,ATL,0615,1358,283.00,0.00,-12.00,0.00,0.00
2025-02-21,DL,562,SEA,ATL,0845,1631,286.00,-3.00,-6.00,0.00,0.00
2025-02-21,DL,542,SEA,ATL,1200,1958,298.00,-8.00,-11.00,0.00,0.00
2025-02-21,DL,567,SEA,ATL,1605,2350,285.00,-2.00,-9.00,0.00,0.00
2025-02-21,DL,652,SEA,ATL,2305,0647,282.00,3.00,-5.00,0.00,0.00
2025-02-22,DL,849,ATL,BOS,0700,0935,155.00,2.00,1.00,0.00,0.00
2025-02-22,DL,996,ATL,LAX,0730,0945,315.00,-7.00,-37.00,0.00,0.00
2025-02-22,DL,444,ATL,SEA,0758,1045,347.00,-2.00,-21.00,0.00,0.00
2025-02-22,DL,346,ATL,DEN,0820,0946,206.00,-2.00,-14.00,0.00,0.00
2025-02-22,DL,1147,ATL,ORD,0835,0942,127.00,119.00,109.00,0.00,0.00
2025-02-22,DL,898,ATL,LAX,0855,1055,300.00,8.00,1.00,0.00,0.00
2025-02-22,DL,995,ATL,DEN,0945,1112,207.00,-2.00,-21.00,0.00,0.00
2025-02-22,DL,774,ATL,SEA,0945,1231,346.00,-5.00,-12.00,0.00,0.00
2025-02-22,DL,855,ATL,BOS,1000,1238,158.00,40.00,17.00,0.00,0.00
2025-02-22,DL,501,ATL,LAX,1039,1250,311.00,42.00,-3.00,0.00,0.00
2025-02-22,DL,396,ATL,DEN,1121,1248,207.00,17.00,1.00,0.00,0.00
2025-02-22,DL,629,ATL,SEA,1138,1418,340.00,1.00,-14.00,0.00,0.00
2025-02-22,DL,895,ATL,LAX,1240,1444,304.00,-4.00,-29.00,0.00,0.00
2025-02-22,DL,1477,ATL,ORD,1240,1342,122.00,-5.00,-13.00,0.00,0.00
2025-02-22,DL,530,ATL,DEN,1305,1425,200.00,3.00,-4.00,0.00,0.00
2025-02-22,DL,753,ATL,LAX,1410,1619,309.00,-1.00,-37.00,0.00,0.00
2025-02-22,DL,519,ATL,DEN,1428,1549,201.00,-7.00,-16.00,0.00,0.00
2025-02-22,DL,862,ATL,BOS,1436,1709,153.00,-3.00,-14.00,0.00,0.00
2025-02-22,DL,976,ATL,ORD,1445,1543,118.00,-3.00,-10.00,0.00,0.00
2025-02-22,DL,1219,ATL,LAX,1515,1722,307.00,17.00,-23.00,0.00,0.00
2025-02-22,DL,726,ATL,BOS,1540,1818,158.00,-1.00,-14.00,0.00,0.00
2025-02-22,DL,481,ATL,SEA,1545,1827,342.00,-8.00,3.00,0.00,0.00
2025-02-22,DL,301,ATL,LAX,1650,1857,307.00,136.00,102.00,0.00,0.00
2025-02-22,DL,2879,ATL,ORD,1740,1847,127.00,-6.00,-11.00,0.00,0.00
2025-02-22,DL,300,ATL,BOS,1755,2031,156.00,-2.00,-10.00,0.00,0.00
2025-02-22,DL,746,ATL,DEN,1820,1948,208.00,-4.00,-27.00,0.00,0.00
2025-02-22,DL,500,ATL,LAX,1855,2107,312.00,6.00,-27.00,0.00,0.00
2025-02-22,DL,472,ATL,SEA,1923,2207,344.00,18.00,-2.00,0.00,0.00
2025-02-22,DL,518,ATL,BOS,1954,2230,156.00,51.00,42.00,0.00,0.00
2025-02-22,DL,331,ATL,LAX,2059,2310,311.00,-1.00,-15.00,0.00,0.00
2025-02-22,DL,493,ATL,DEN,2120,2246,206.00,65.00,45.00,0.00,0.00
2025-02-22,DL,865,ATL,BOS,2225,0058,153.00,7.00,5.00,0.00,0.00
2025-02-22,DL,1199,ATL,ORD,2249,2348,119.00,39.00,31.00,0.00,0.00
2025-02-22,DL,695,BOS,ATL,0540,0848,188.00,-3.00,-32.00,0.00,0.00
2025-02-22,DL,456,BOS,ATL,0750,1057,187.00,41.00,25.00,0.00,0.00
2025-02-22,DL,973,BOS,ATL,0945,1249,184.00,5.00,-15.00,0.00,0.00
2025-02-22,DL,376,BOS,ATL,1200,1500,180.00,2.00,-17.00,0.00,0.00
2025-02-22,DL,399,BOS,ATL,1550,1852,182.00,-1.00,-16.00,0.00,0.00
2025-02-22,DL,923,BOS,ATL,1835,2148,193.00,0.00,-28.00,0.00,0.00
2025-02-22,DL,385,BOS,ATL,2040,2354,194.00,-4.00,-43.00,0.00,0.00
2025-02-22,DL,341,DEN,ATL,0600,1053,173.00,14.00,19.00,0.00,0.00
2025-02-22,DL,431,DEN,ATL,0710,1200,170.00,7.00,10.00,0.00,0.00
2025-02-22,DL,346,DEN,ATL,1051,1542,171.00,-3.00,-15.00,0.00,0.00
2025-02-22,DL,995,DEN,ATL,1217,1705,168.00,0.00,-12.00,0.00,0.00
2025-02-22,DL,396,DEN,ATL,1353,1845,172.00,17.00,10.00,0.00,0.00
2025-02-22,DL,530,DEN,ATL,1530,2029,179.00,7.00,1.00,0.00,0.00
2025-02-22,DL,519,DEN,ATL,1654,2150,176.00,-2.00,-13.00,0.00,0.00
2025-02-22,DL,390,LAX,ATL,0615,1324,249.00,-3.00,-15.00,0.00,0.00
2025-02-22,DL,327,LAX,ATL,0715,1425,250.00,-1.00,-7.00,0.00,0.00
2025-02-22,DL,515,LAX,ATL,0820,1530,250.00,4.00,1.00,0.00,0.00
2025-02-22,DL,528,LAX,ATL,1056,1813,257.00,-2.00,-17.00,0.00,0.00
2025-02-22,DL,395,LAX,ATL,1224,1929,245.00,1.00,4.00,0.00,0.00
2025-02-22,DL,715,LAX,ATL,1415,2132,257.00,6.00,-9.00,0.00,0.00
2025-02-22,DL,471,LAX,ATL,1730,0039,249.00,-3.00,-12.00,0.00,0.00
2025-02-22,DL,446,LAX,ATL,2155,0504,249.00,-4.00,-3.00,0.00,0.00
2025-02-22,DL,899,LAX,ATL,2255,0558,243.00,29.00,34.00,0.00,0.00
2025-02-22,DL,1264,ORD,ATL,0545,0853,128.00,1.00,-4.00,0.00,0.00
2025-02-22,DL,1247,ORD,ATL,0705,1013,128.00,1.00,-22.00,0.00,0.00
2025-02-22,DL,1147,ORD,ATL,1115,1413,118.00,75.00,59.00,0.00,0.00
2025-02-22,DL,1477,ORD,ATL,1455,1752,117.00,0.00,-13.00,0.00,0.00
2025-02-22,DL,976,ORD,ATL,1713,2020,127.00,-1.00,-21.00,0.00,0.00
2025-02-22,DL,569,SEA,ATL,0615,1358,283.00,1.00,-14.00,0.00,0.00
2025-02-22,DL,562,SEA,ATL,0835,1621,286.00,-2.00,-15.00,0.00,0.00
2025-02-22,DL,542,SEA,ATL,1200,1958,298.00,8.00,-19.00,0.00,0.00
2025-02-22,DL,567,SEA,ATL,1605,2350,285.00,-10.00,-6.00,0.00,0.00
2025-02-22,DL,652,SEA,ATL,2305,0647,282.00,-1.00,0.00,0.00,0.00
2025-02-23,DL,849,ATL,BOS,0710,0947,157.00,-5.00,-16.00,0.00,0.00
2025-02-23,DL,1178,ATL,ORD,0725,0830,125.00,-2.00,-8.00,0.00,0.00
2025-02-23,DL,996,ATL,LAX,0730,0945,315.00,-8.00,6.00,0.00,0.00
2025-02-23,DL,444,ATL,SEA,0758,1045,347.00,-2.00,-21.00,0.00,0.00
2025-02-23,DL,346,ATL,DEN,0820,0946,206.00,-5.00,-30.00,0.00,0.00
2025-02-23,DL,1147,ATL,ORD,0835,0942,127.00,-3.00,-8.00,0.00,0.00
2025-02-23,DL,898,ATL,LAX,0855,1055,300.00,4.00,-23.00,0.00,0.00
2025-02-23,DL,995,ATL,DEN,0945,1112,207.00,-2.00,-25.00,0.00,0.00
2025-02-23,DL,774,ATL,SEA,0945,1231,346.00,0.00,-12.00,0.00,0.00
2025-02-23,DL,855,ATL,BOS,1000,1237,157.00,-5.00,1.00,0.00,0.00
2025-02-23,DL,501,ATL,LAX,1039,1250,311.00,17.00,-13.00,0.00,0.00
2025-02-23,DL,862,ATL,BOS,1105,1339,154.00,-9.00,-20.00,0.00,0.00
2025-02-23,DL,396,ATL,DEN,1121,1248,207.00,-4.00,-24.00,0.00,0.00
2025-02-23,DL,629,ATL,SEA,1138,1418,340.00,6.00,14.00,0.00,0.00
2025-02-23,DL,350,ATL,BOS,1215,1449,154.00,0.00,-8.00,0.00,0.00
2025-02-23,DL,895,ATL,LAX,1240,1444,304.00,-2.00,-43.00,0.00,0.00
2025-02-23,DL,1477,ATL,ORD,1248,1349,121.00,-6.00,-5.00,0.00,0.00
2025-02-23,DL,530,ATL,DEN,1305,1425,200.00,-7.00,-7.00,0.00,0.00
2025-02-23,DL,753,ATL,LAX,1410,1619,309.00,-3.00,-39.00,0.00,0.00
2025-02-23,DL,519,ATL,DEN,1428,1549,201.00,-4.00,-16.00,0.00,0.00
2025-02-23,DL,726,ATL,BOS,1435,1708,153.00,2.00,-3.00,0.00,0.00
2025-02-23,DL,976,ATL,ORD,1445,1545,120.00,32.00,32.00,0.00,0.00
2025-02-23,DL,1219,ATL,LAX,1515,1722,307.00,9.00,-19.00,0.00,0.00
2025-02-23,DL,481,ATL,SEA,1522,1800,338.00,3.00,0.00,0.00,0.00
2025-02-23,DL,821,ATL,BOS,1610,1845,155.00,10.00,-4.00,0.00,0.00
2025-02-23,DL,2738,ATL,ORD,1625,1725,120.00,1.00,-2.00,0.00,0.00
2025-02-23,DL,301,ATL,LAX,1650,1857,307.00,12.00,-16.00,0.00,0.00
2025-02-23,DL,300,ATL,BOS,1755,2031,156.00,-4.00,-8.00,0.00,0.00
2025-02-23,DL,746,ATL,DEN,1820,1948,208.00,-1.00,-24.00,0.00,0.00
2025-02-23,DL,500,ATL,LAX,1825,2040,315.00,28.00,-21.00,0.00,0.00
2025-02-23,DL,472,ATL,SEA,1930,2216,346.00,4.00,0.00,0.00,0.00
2025-02-23,DL,1139,ATL,ORD,1945,2046,121.00,3.00,-5.00,0.00,0.00
2025-02-23,DL,518,ATL,BOS,1954,2230,156.00,-5.00,-22.00,0.00,0.00
2025-02-23,DL,319,ATL,LAX,2035,2246,311.00,-1.00,-41.00,0.00,0.00
2025-02-23,DL,493,ATL,DEN,2120,2246,206.00,4.00,-7.00,0.00,0.00
2025-02-23,DL,331,ATL,LAX,2140,2344,304.00,-8.00,-40.00,0.00,0.00
2025-02-23,DL,865,ATL,BOS,2225,0058,153.00,2.00,-16.00,0.00,0.00
2025-02-23,DL,1199,ATL,ORD,2249,2349,120.00,-5.00,-15.00,0.00,0.00
2025-02-23,DL,695,BOS,ATL,0540,0848,188.00,-1.00,-11.00,0.00,0.00
2025-02-23,DL,923,BOS,ATL,0655,1000,185.00,-4.00,20.00,0.00,0.00
2025-02-23,DL,456,BOS,ATL,0805,1112,187.00,-1.00,-30.00,0.00,0.00
2025-02-23,DL,973,BOS,ATL,0945,1249,184.00,-4.00,-33.00,0.00,0.00
2025-02-23,DL,376,BOS,ATL,1145,1446,181.00,17.00,1.00,0.00,0.00
2025-02-23,DL,322,BOS,ATL,1347,1645,178.00,-2.00,-20.00,0.00,0.00
2025-02-23,DL,399,BOS,ATL,1550,1852,182.00,-2.00,-8.00,0.00,0.00
2025-02-23,DL,385,BOS,ATL,1819,2134,195.00,3.00,12.00,0.00,0.00
2025-02-23,DL,900,BOS,ATL,2025,2336,191.00,2.00,-24.00,0.00,0.00
2025-02-23,DL,341,DEN,ATL,0600,1053,173.00,3.00,-2.00,0.00,0.00
2025-02-23,DL,431,DEN,ATL,0710,1200,170.00,-1.00,-2.00,0.00,0.00
2025-02-23,DL,346,DEN,ATL,1051,1542,171.00,5.00,-1.00,0.00,0.00
2025-02-23,DL,995,DEN,ATL,1217,1705,168.00,0.00,6.00,0.00,0.00
2025-02-23,DL,396,DEN,ATL,1353,1845,172.00,-7.00,-7.00,0.00,0.00
2025-02-23,DL,530,DEN,ATL,1530,2029,179.00,9.00,2.00,0.00,0.00
2025-02-23,DL,519,DEN,ATL,1654,2150,176.00,2.00,-3.00,0.00,0.00
2025-02-23,DL,390,LAX,ATL,0615,1324,249.00,53.00,52.00,0.00,0.00
2025-02-23,DL,327,LAX,ATL,0715,1425,250.00,1.00,-1.00,0.00,0.00
2025-02-23,DL,515,LAX,ATL,0825,1535,250.00,121.00,140.00,0.00,0.00
2025-02-23,DL,528,LAX,ATL,1056,1813,257.00,2.00,12.00,0.00,0.00
2025-02-23,DL,395,LAX,ATL,1224,1929,245.00,122.00,137.00,0.00,0.00
2025-02-23,DL,715,LAX,ATL,1415,2132,257.00,111.00,102.00,0.00,0.00
2025-02-23,DL,471,LAX,ATL,1730,0039,249.00,2.00,22.00,0.00,0.00
2025-02-23,DL,899,LAX,ATL,2155,0502,247.00,57.00,61.00,0.00,0.00
2025-02-23,DL,446,LAX,ATL,2255,0600,245.00,80.00,90.00,0.00,0.00
2025-02-23,DL,320,LAX,ATL,2359,0709,250.00,-7.00,10.00,0.00,0.00
2025-02-23,DL,1264,ORD,ATL,0545,0853,128.00,-1.00,-6.00,0.00,0.00
2025-02-23,DL,1247,ORD,ATL,0705,1013,128.00,-5.00,-22.00,0.00,0.00
2025-02-23,DL,1178,ORD,ATL,0940,1240,120.00,-3.00,-16.00,0.00,0.00
2025-02-23,DL,1147,ORD,ATL,1115,1413,118.00,-3.00,-18.00,0.00,0.00
2025-02-23,DL,1477,ORD,ATL,1459,1757,118.00,0.00,-16.00,0.00,0.00
2025-02-23,DL,976,ORD,ATL,1655,2001,126.00,32.00,24.00,0.00,0.00
2025-02-23,DL,2738,ORD,ATL,1838,2149,131.00,-9.00,-32.00,0.00,0.00
2025-02-23,DL,569,SEA,ATL,0615,1358,283.00,116.00,100.00,0.00,0.00
2025-02-23,DL,562,SEA,ATL,0845,1631,286.00,-3.00,-19.00,0.00,0.00
2025-02-23,DL,542,SEA,ATL,1200,1958,298.00,-8.00,-34.00,0.00,0.00
2025-02-23,DL,567,SEA,ATL,1605,2350,285.00,-7.00,-9.00,0.00,0.00
2025-02-23,DL,652,SEA,ATL,2305,0647,282.00,839.00,816.00,0.00,0.00
2025-02-24,DL,849,ATL,BOS,0710,0947,157.00,1.00,-1.00,0.00,0.00
2025-02-24,DL,1178,ATL,ORD,0725,0833,128.00,0.00,-7.00,0.00,0.00
2025-02-24,DL,996,ATL,LAX,0730,0945,315.00,-3.00,-45.00,0.00,0.00
2025-02-24,DL,444,ATL,SEA,0758,1045,347.00,-1.00,-8.00,0.00,0.00
2025-02-24,DL,346,ATL,DEN,0820,0946,206.00,-4.00,-21.00,0.00,0.00
2025-02-24,DL,1147,ATL,ORD,0835,0942,127.00,-4.00,-8.00,0.00,0.00
2025-02-24,DL,898,ATL,LAX,0855,1055,300.00,22.00,1.00,0.00,0.00
2025-02-24,DL,995,ATL,DEN,0945,1112,207.00,-5.00,-9.00,0.00,0.00
2025-02-24,DL,774,ATL,SEA,0945,1231,346.00,-3.00,-2.00,0.00,0.00
2025-02-24,DL,855,ATL,BOS,1000,1237,157.00,1.00,18.00,0.00,0.00
2025-02-24,DL,501,ATL,LAX,1039,1250,311.00,10.00,-21.00,0.00,0.00
2025-02-24,DL,862,ATL,BOS,1105,1339,154.00,-4.00,-10.00,0.00,0.00
2025-02-24,DL,396,ATL,DEN,1121,1248,207.00,-1.00,-5.00,0.00,0.00
2025-02-24,DL,629,ATL,SEA,1138,1418,340.00,-2.00,-13.00,0.00,0.00
2025-02-24,DL,350,ATL,BOS,1215,1449,154.00,-3.00,4.00,0.00,0.00
2025-02-24,DL,895,ATL,LAX,1240,1444,304.00,0.00,-30.00,0.00,0.00
2025-02-24,DL,1477,ATL,ORD,1248,1349,121.00,-2.00,-12.00,0.00,0.00
2025-02-24,DL,530,ATL,DEN,1305,1425,200.00,67.00,54.00,0.00,0.00
2025-02-24,DL,753,ATL,LAX,1410,1619,309.00,-5.00,-47.00,0.00,0.00
2025-02-24,DL,519,ATL,DEN,1428,1549,201.00,-3.00,-17.00,0.00,0.00
2025-02-24,DL,726,ATL,BOS,1435,1708,153.00,11.00,12.00,0.00,0.00
2025-02-24,DL,976,ATL,ORD,1445,1543,118.00,8.00,4.00,0.00,0.00
2025-02-24,DL,1219,ATL,LAX,1515,1722,307.00,-2.00,-34.00,0.00,0.00
2025-02-24,DL,481,ATL,SEA,1522,1800,338.00,33.00,37.00,0.00,0.00
2025-02-24,DL,821,ATL,BOS,1610,1845,155.00,-1.00,1.00,0.00,0.00
2025-02-24,DL,2738,ATL,ORD,1625,1725,120.00,-3.00,-6.00,0.00,0.00
2025-02-24,DL,301,ATL,LAX,1650,1857,307.00,16.00,-17.00,0.00,0.00
2025-02-24,DL,300,ATL,BOS,1755,2031,156.00,-1.00,-1.00,0.00,0.00
2025-02-24,DL,746,ATL,DEN,1820,1948,208.00,-3.00,-20.00,0.00,0.00
2025-02-24,DL,500,ATL,LAX,1825,2040,315.00,-1.00,-36.00,0.00,0.00
2025-02-24,DL,472,ATL,SEA,1930,2216,346.00,18.00,14.00,0.00,0.00
2025-02-24,DL,1139,ATL,ORD,1945,2046,121.00,-6.00,-9.00,0.00,0.00
2025-02-24,DL,518,ATL,BOS,1954,2230,156.00,23.00,19.00,0.00,0.00
2025-02-24,DL,319,ATL,LAX,1955,2205,310.00,-4.00,-23.00,0.00,0.00
2025-02-24,DL,493,ATL,DEN,2120,2246,206.00,-3.00,-12.00,0.00,0.00
2025-02-24,DL,331,ATL,LAX,2140,2344,304.00,12.00,-8.00,0.00,0.00
2025-02-24,DL,865,ATL,BOS,2225,0058,153.00,-3.00,-11.00,0.00,0.00
2025-02-24,DL,1199,ATL,ORD,2249,2349,120.00,-3.00,0.00,0.00,0.00
2025-02-24,DL,695,BOS,ATL,0540,0848,188.00,6.00,-33.00,0.00,0.00
2025-02-24,DL,923,BOS,ATL,0655,1000,185.00,0.00,-21.00,0.00,0.00
2025-02-24,DL,456,BOS,ATL,0805,1112,187.00,10.00,-23.00,0.00,0.00
2025-02-24,DL,973,BOS,ATL,0945,1249,184.00,28.00,-1.00,0.00,0.00
2025-02-24,DL,376,BOS,ATL,1145,1446,181.00,0.00,-36.00,0.00,0.00
2025-02-24,DL,322,BOS,ATL,1347,1645,178.00,19.00,20.00,0.00,0.00
2025-02-24,DL,399,BOS,ATL,1550,1852,182.00,16.00,-2.00,0.00,0.00
2025-02-24,DL,385,BOS,ATL,1819,2134,195.00,3.00,-11.00,0.00,0.00
2025-02-24,DL,900,BOS,ATL,2025,2336,191.00,-4.00,-30.00,0.00,0.00
2025-02-24,DL,341,DEN,ATL,0600,1053,173.00,12.00,3.00,0.00,0.00
2025-02-24,DL,431,DEN,ATL,0710,1200,170.00,-3.00,-11.00,0.00,0.00
2025-02-24,DL,346,DEN,ATL,1051,1542,171.00,-4.00,-18.00,0.00,0.00
2025-02-24,DL,995,DEN,ATL,1217,1705,168.00,-3.00,-14.00,0.00,0.00
2025-02-24,DL,396,DEN,ATL,1353,1845,172.00,-8.00,-18.00,0.00,0.00
2025-02-24,DL,530,DEN,ATL,1530,2029,179.00,61.00,36.00,0.00,0.00
2025-02-24,DL,519,DEN,ATL,1654,2150,176.00,-1.00,-15.00,0.00,0.00
2025-02-24,DL,390,LAX,ATL,0615,1324,249.00,10.00,13.00,0.00,0.00
2025-02-24,DL,327,LAX,ATL,0715,1425,250.00,-2.00,6.00,0.00,0.00
2025-02-24,DL,515,LAX,ATL,0825,1535,250.00,-3.00,-2.00,0.00,0.00
2025-02-24,DL,528,LAX,ATL,1056,1813,257.00,-3.00,-7.00,0.00,0.00
2025-02-24,DL,395,LAX,ATL,1224,1929,245.00,10.00,-4.00,0.00,0.00
2025-02-24,DL,715,LAX,ATL,1415,2132,257.00,25.00,25.00,0.00,0.00
2025-02-24,DL,471,LAX,ATL,1730,0039,249.00,-7.00,-12.00,0.00,0.00
2025-02-24,DL,899,LAX,ATL,2155,0502,247.00,-4.00,-23.00,0.00,0.00
2025-02-24,DL,446,LAX,ATL,2255,0600,245.00,20.00,23.00,0.00,0.00
2025-02-24,DL,320,LAX,ATL,2359,0709,250.00,-4.00,-5.00,0.00,0.00
2025-02-24,DL,1264,ORD,ATL,0545,0853,128.00,0.00,-20.00,0.00,0.00
2025-02-24,DL,1247,ORD,ATL,0705,1013,128.00,-1.00,1.00,0.00,0.00
2025-02-24,DL,1178,ORD,ATL,0935,1237,122.00,-1.00,-33.00,0.00,0.00
2025-02-24,DL,1147,ORD,ATL,1115,1413,118.00,-4.00,-5.00,0.00,0.00
2025-02-24,DL,1477,ORD,ATL,1459,1757,118.00,0.00,-23.00,0.00,0.00
2025-02-24,DL,976,ORD,ATL,1655,2000,125.00,-3.00,-27.00,0.00,0.00
2025-02-24,DL,2738,ORD,ATL,1838,2149,131.00,-7.00,-1.00,0.00,0.00
2025-02-24,DL,569,SEA,ATL,0615,1358,283.00,78.00,47.00,0.00,0.00
2025-02-24,DL,562,SEA,ATL,0845,1631,286.00,5.00,-16.00,0.00,0.00
2025-02-24,DL,542,SEA,ATL,1200,1958,298.00,-4.00,-32.00,0.00,0.00
2025-02-24,DL,567,SEA,ATL,1605,2350,285.00,0.00,-9.00,0.00,0.00
2025-02-24,DL,652,SEA,ATL,2305,0647,282.00,25.00,-7.00,0.00,0.00
2025-02-25,DL,849,ATL,BOS,0710,0947,157.00,-3.00,-14.00,0.00,0.00
2025-02-25,DL,1178,ATL,ORD,0725,0833,128.00,-5.00,-13.00,0.00,0.00
2025-02-25,DL,996,ATL,LAX,0730,0945,315.00,51.00,33.00,0.00,0.00
2025-02-25,DL,444,ATL,SEA,0758,1045,347.00,-4.00,-4.00,0.00,0.00
2025-02-25,DL,346,ATL,DEN,0820,0946,206.00,-1.00,-9.00,0.00,0.00
2025-02-25,DL,1147,ATL,ORD,0835,0942,127.00,-4.00,-3.00,0.00,0.00
2025-02-25,DL,898,ATL,LAX,0855,1055,300.00,-3.00,-27.00,0.00,0.00
2025-02-25,DL,995,ATL,DEN,0945,1112,207.00,-5.00,-11.00,0.00,0.00
2025-02-25,DL,774,ATL,SEA,0945,1231,346.00,-3.00,-27.00,0.00,0.00
2025-02-25,DL,855,ATL,BOS,1000,1237,157.00,9.00,12.00,0.00,0.00
2025-02-25,DL,501,ATL,LAX,1039,1250,311.00,35.00,14.00,0.00,0.00
2025-02-25,DL,862,ATL,BOS,1110,1344,154.00,210.00,203.00,0.00,0.00
2025-02-25,DL,396,ATL,DEN,1121,1248,207.00,16.00,6.00,0.00,0.00
2025-02-25,DL,629,ATL,SEA,1138,1418,340.00,2.00,8.00,0.00,0.00
2025-02-25,DL,350,ATL,BOS,1215,1449,154.00,-4.00,-2.00,0.00,0.00
2025-02-25,DL,895,ATL,LAX,1240,1444,304.00,2.00,-15.00,0.00,0.00
2025-02-25,DL,1477,ATL,ORD,1248,1349,121.00,-2.00,-5.00,0.00,0.00
2025-02-25,DL,530,ATL,DEN,1305,1425,200.00,-8.00,-15.00,0.00,0.00
2025-02-25,DL,753,ATL,LAX,1410,1619,309.00,28.00,-9.00,0.00,0.00
2025-02-25,DL,519,ATL,DEN,1428,1549,201.00,-1.00,-6.00,0.00,0.00
2025-02-25,DL,726,ATL,BOS,1435,1708,153.00,-1.00,-7.00,0.00,0.00
2025-02-25,DL,976,ATL,ORD,1445,1543,118.00,-7.00,-7.00,0.00,0.00
2025-02-25,DL,1219,ATL,LAX,1515,1722,307.00,3.00,-7.00,0.00,0.00
2025-02-25,DL,481,ATL,SEA,1518,1800,342.00,12.00,-2.00,0.00,0.00
2025-02-25,DL,301,ATL,LAX,1650,1857,307.00,-1.00,-14.00,0.00,0.00
2025-02-25,DL,2879,ATL,ORD,1740,1847,127.00,-7.00,11.00,0.00,0.00
2025-02-25,DL,300,ATL,BOS,1755,2031,156.00,1.00,-7.00,0.00,0.00
2025-02-25,DL,746,ATL,DEN,1820,1948,208.00,-9.00,-6.00,0.00,0.00
2025-02-25,DL,500,ATL,LAX,1825,2040,315.00,0.00,-7.00,0.00,0.00
2025-02-25,DL,472,ATL,SEA,1930,2216,346.00,-4.00,-3.00,0.00,0.00
2025-02-25,DL,518,ATL,BOS,1954,2230,156.00,-1.00,-15.00,0.00,0.00
2025-02-25,DL,331,ATL,LAX,2059,2310,311.00,1.00,4.00,0.00,0.00
2025-02-25,DL,493,ATL,DEN,2120,2246,206.00,0.00,-8.00,0.00,0.00
2025-02-25,DL,865,ATL,BOS,2225,0058,153.00,1.00,1.00,0.00,0.00
2025-02-25,DL,1199,ATL,ORD,2249,2348,119.00,-4.00,-2.00,0.00,0.00
2025-02-25,DL,695,BOS,ATL,0540,0848,188.00,-8.00,-36.00,0.00,0.00
2025-02-25,DL,923,BOS,ATL,0655,1000,185.00,207.00,184.00,0.00,0.00
2025-02-25,DL,456,BOS,ATL,0805,1112,187.00,-8.00,-1.00,0.00,0.00
2025-02-25,DL,973,BOS,ATL,0945,1249,184.00,-2.00,-17.00,0.00,0.00
2025-02-25,DL,376,BOS,ATL,1145,1446,181.00,1.00,-16.00,0.00,0.00
2025-02-25,DL,322,BOS,ATL,1347,1645,178.00,1.00,-21.00,0.00,0.00
2025-02-25,DL,399,BOS,ATL,1550,1852,182.00,14.00,-2.00,0.00,0.00
2025-02-25,DL,385,BOS,ATL,1835,2148,193.00,-2.00,-24.00,0.00,0.00
2025-02-25,DL,341,DEN,ATL,0600,1053,173.00,-10.00,-26.00,0.00,0.00
2025-02-25,DL,431,DEN,ATL,0710,1200,170.00,-2.00,-8.00,0.00,0.00
2025-02-25,DL,346,DEN,ATL,1051,1542,171.00,17.00,7.00,0.00,0.00
2025-02-25,DL,995,DEN,ATL,1217,1705,168.00,2.00,-9.00,0.00,0.00
2025-02-25,DL,396,DEN,ATL,1353,1845,172.00,10.00,0.00,0.00,0.00
2025-02-25,DL,530,DEN,ATL,1530,2029,179.00,7.00,-16.00,0.00,0.00
2025-02-25,DL,519,DEN,ATL,1654,2150,176.00,2.00,-15.00,0.00,0.00
2025-02-25,DL,390,LAX,ATL,0615,1324,249.00,3.00,-15.00,0.00,0.00
2025-02-25,DL,327,LAX,ATL,0715,1425,250.00,4.00,-13.00,0.00,0.00
2025-02-25,DL,515,LAX,ATL,0825,1535,250.00,-4.00,-17.00,0.00,0.00
2025-02-25,DL,528,LAX,ATL,1056,1813,257.00,31.00,6.00,0.00,0.00
2025-02-25,DL,395,LAX,ATL,1224,1929,245.00,0.00,26.00,0.00,0.00
2025-02-25,DL,715,LAX,ATL,1415,2132,257.00,-2.00,-9.00,0.00,0.00
2025-02-25,DL,471,LAX,ATL,1730,0039,249.00,-9.00,-32.00,0.00,0.00
2025-02-25,DL,899,LAX,ATL,2155,0504,249.00,-5.00,-35.00,0.00,0.00
2025-02-25,DL,446,LAX,ATL,2255,0600,245.00,-2.00,-20.00,0.00,0.00
2025-02-25,DL,1264,ORD,ATL,0545,0853,128.00,-6.00,-37.00,0.00,0.00
2025-02-25,DL,1247,ORD,ATL,0705,1013,128.00,-8.00,-28.00,0.00,0.00
2025-02-25,DL,1178,ORD,ATL,0935,1237,122.00,-6.00,-31.00,0.00,0.00
2025-02-25,DL,1147,ORD,ATL,1115,1413,118.00,-4.00,-18.00,0.00,0.00
2025-02-25,DL,1477,ORD,ATL,1459,1757,118.00,0.00,-17.00,0.00,0.00
2025-02-25,DL,976,ORD,ATL,1713,2019,126.00,-3.00,-15.00,0.00,0.00
2025-02-25,DL,569,SEA,ATL,0615,1358,283.00,46.00,13.00,0.00,0.00
2025-02-25,DL,562,SEA,ATL,0845,1631,286.00,5.00,-9.00,0.00,0.00
2025-02-25,DL,542,SEA,ATL,1200,1958,298.00,-2.00,-33.00,0.00,0.00
2025-02-25,DL,567,SEA,ATL,1605,2350,285.00,8.00,-14.00,0.00,0.00
2025-02-25,DL,652,SEA,ATL,2305,0647,282.00,-1.00,-23.00,0.00,0.00
2025-02-26,DL,849,ATL,BOS,0710,0947,157.00,2.00,-11.00,0.00,0.00
2025-02-26,DL,1178,ATL,ORD,0725,0833,128.00,-7.00,-11.00,0.00,0.00
2025-02-26,DL,996,ATL,LAX,0730,0945,315.00,8.00,-1.00,0.00,0.00
2025-02-26,DL,444,ATL,SEA,0758,1045,347.00,-4.00,-32.00,0.00,0.00
2025-02-26,DL,346,ATL,DEN,0820,0946,206.00,4.00,-12.00,0.00,0.00
2025-02-26,DL,1147,ATL,ORD,0835,0942,127.00,-6.00,-2.00,0.00,0.00
2025-02-26,DL,898,ATL,LAX,0855,1055,300.00,11.00,2.00,0.00,0.00
2025-02-26,DL,995,ATL,DEN,0945,1112,207.00,-9.00,8.00,0.00,0.00
2025-02-26,DL,774,ATL,SEA,0945,1231,346.00,1.00,-29.00,0.00,0.00
2025-02-26,DL,855,ATL,BOS,1000,1237,157.00,-3.00,-15.00,0.00,0.00
2025-02-26,DL,501,ATL,LAX,1039,1250,311.00,7.00,-10.00,0.00,0.00
2025-02-26,DL,862,ATL,BOS,1110,1344,154.00,-1.00,-13.00,0.00,0.00
2025-02-26,DL,396,ATL,DEN,1121,1248,207.00,18.00,7.00,0.00,0.00
2025-02-26,DL,629,ATL,SEA,1138,1418,340.00,2.00,-14.00,0.00,0.00
2025-02-26,DL,350,ATL,BOS,1215,1449,154.00,-4.00,-16.00,0.00,0.00
2025-02-26,DL,895,ATL,LAX,1240,1444,304.00,0.00,2.00,0.00,0.00
2025-02-26,DL,530,ATL,DEN,1305,1425,200.00,-5.00,-2.00,0.00,0.00
2025-02-26,DL,1477,ATL,ORD,1309,1410,121.00,-4.00,6.00,0.00,0.00
2025-02-26,DL,753,ATL,LAX,1410,1619,309.00,-4.00,-16.00,0.00,0.00
2025-02-26,DL,519,ATL,DEN,1428,1549,201.00,-5.00,-4.00,0.00,0.00
2025-02-26,DL,726,ATL,BOS,1435,1708,153.00,2.00,-12.00,0.00,0.00
2025-02-26,DL,976,ATL,ORD,1445,1543,118.00,-1.00,-1.00,0.00,0.00
2025-02-26,DL,1219,ATL,LAX,1515,1722,307.00,-2.00,-16.00,0.00,0.00
2025-02-26,DL,481,ATL,SEA,1522,1800,338.00,-1.00,-11.00,0.00,0.00
2025-02-26,DL,2738,ATL,ORD,1625,1725,120.00,150.00,152.00,0.00,0.00
2025-02-26,DL,301,ATL,LAX,1650,1857,307.00,-7.00,-19.00,0.00,0.00
2025-02-26,DL,300,ATL,BOS,1755,2031,156.00,23.00,1.00,0.00,0.00
2025-02-26,DL,746,ATL,DEN,1820,1948,208.00,24.00,20.00,0.00,0.00
2025-02-26,DL,500,ATL,LAX,1825,2040,315.00,-5.00,-17.00,0.00,0.00
2025-02-26,DL,472,ATL,SEA,1930,2216,346.00,-3.00,-23.00,0.00,0.00
2025-02-26,DL,1139,ATL,ORD,1945,2046,121.00,6.00,-2.00,0.00,0.00
2025-02-26,DL,518,ATL,BOS,1954,2230,156.00,19.00,4.00,0.00,0.00
2025-02-26,DL,331,ATL,LAX,2105,2315,310.00,10.00,-6.00,0.00,0.00
2025-02-26,DL,493,ATL,DEN,2120,2246,206.00,-1.00,-10.00,0.00,0.00
2025-02-26,DL,865,ATL,BOS,2225,0058,153.00,-5.00,-24.00,0.00,0.00
2025-02-26,DL,1199,ATL,ORD,2249,2349,120.00,-6.00,-17.00,0.00,0.00
2025-02-26,DL,695,BOS,ATL,0540,0848,188.00,5.00,-22.00,0.00,0.00
2025-02-26,DL,923,BOS,ATL,0655,1000,185.00,-7.00,-4.00,0.00,0.00
2025-02-26,DL,456,BOS,ATL,0805,1112,187.00,-3.00,-23.00,0.00,0.00
2025-02-26,DL,973,BOS,ATL,0945,1249,184.00,-6.00,-38.00,0.00,0.00
2025-02-26,DL,376,BOS,ATL,1145,1446,181.00,-3.00,-31.00,0.00,0.00
2025-02-26,DL,322,BOS,ATL,1347,1645,178.00,-5.00,-28.00,0.00,0.00
2025-02-26,DL,399,BOS,ATL,1550,1852,182.00,11.00,-11.00,0.00,0.00
2025-02-26,DL,385,BOS,ATL,1835,2148,193.00,-6.00,-21.00,0.00,0.00
2025-02-26,DL,341,DEN,ATL,0600,1053,173.00,-5.00,-28.00,0.00,0.00
2025-02-26,DL,431,DEN,ATL,0710,1200,170.00,5.00,-15.00,0.00,0.00
2025-02-26,DL,346,DEN,ATL,1051,1542,171.00,-7.00,-27.00,0.00,0.00
2025-02-26,DL,995,DEN,ATL,1217,1705,168.00,11.00,-5.00,0.00,0.00
2025-02-26,DL,396,DEN,ATL,1353,1845,172.00,9.00,-7.00,0.00,0.00
2025-02-26,DL,530,DEN,ATL,1530,2029,179.00,9.00,-9.00,0.00,0.00
2025-02-26,DL,519,DEN,ATL,1654,2150,176.00,0.00,-22.00,0.00,0.00
2025-02-26,DL,390,LAX,ATL,0615,1324,249.00,-1.00,-25.00,0.00,0.00
2025-02-26,DL,327,LAX,ATL,0715,1425,250.00,28.00,0.00,0.00,0.00
2025-02-26,DL,515,LAX,ATL,0825,1535,250.00,-4.00,-12.00,0.00,0.00
2025-02-26,DL,528,LAX,ATL,1056,1813,257.00,1.00,-28.00,0.00,0.00
2025-02-26,DL,395,LAX,ATL,1224,1929,245.00,5.00,-11.00,0.00,0.00
2025-02-26,DL,715,LAX,ATL,1415,2132,257.00,2.00,-9.00,0.00,0.00
2025-02-26,DL,471,LAX,ATL,1730,0039,249.00,-9.00,-22.00,0.00,0.00
2025-02-26,DL,899,LAX,ATL,2155,0504,249.00,3.00,-27.00,0.00,0.00
2025-02-26,DL,446,LAX,ATL,2255,0600,245.00,-3.00,-24.00,0.00,0.00
2025-02-26,DL,1264,ORD,ATL,0545,0853,128.00,-4.00,-18.00,0.00,0.00
2025-02-26,DL,1247,ORD,ATL,0705,1013,128.00,4.00,-17.00,0.00,0.00
2025-02-26,DL,1178,ORD,ATL,0935,1237,122.00,-6.00,-27.00,0.00,0.00
2025-02-26,DL,1147,ORD,ATL,1115,1413,118.00,1.00,2.00,0.00,0.00
2025-02-26,DL,1477,ORD,ATL,1520,1818,118.00,3.00,-13.00,0.00,0.00
2025-02-26,DL,976,ORD,ATL,1713,2019,126.00,-1.00,-16.00,0.00,0.00
2025-02-26,DL,2738,ORD,ATL,1838,2149,131.00,129.00,106.00,0.00,0.00
2025-02-26,DL,569,SEA,ATL,0615,1358,283.00,-4.00,-14.00,0.00,0.00
2025-02-26,DL,562,SEA,ATL,0845,1631,286.00,1.00,-13.00,0.00,0.00
2025-02-26,DL,542,SEA,ATL,1200,1958,298.00,4.00,-23.00,0.00,0.00
2025-02-26,DL,567,SEA,ATL,1605,2350,285.00,-5.00,-22.00,0.00,0.00
2025-02-26,DL,652,SEA,ATL,2305,0647,282.00,0.00,-17.00,0.00,0.00
2025-02-27,DL,849,ATL,BOS,0710,0947,157.00,-7.00,-24.00,0.00,0.00
2025-02-27,DL,1178,ATL,ORD,0725,0833,128.00,-1.00,-16.00,0.00,0.00
2025-02-27,DL,996,ATL,LAX,0730,0945,315.00,25.00,16.00,0.00,0.00
2025-02-27,DL,444,ATL,SEA,0758,1045,347.00,-5.00,-25.00,0.00,0.00
2025-02-27,DL,346,ATL,DEN,0820,0946,206.00,0.00,10.00,0.00,0.00
2025-02-27,DL,1147,ATL,ORD,0835,0942,127.00,5.00,2.00,0.00,0.00
2025-02-27,DL,898,ATL,LAX,0855,1055,300.00,-1.00,-23.00,0.00,0.00
2025-02-27,DL,995,ATL,DEN,0945,1112,207.00,-3.00,-2.00,0.00,0.00
2025-02-27,DL,774,ATL,SEA,0945,1231,346.00,-3.00,-26.00,0.00,0.00
2025-02-27,DL,855,ATL,BOS,1000,1237,157.00,12.00,7.00,0.00,0.00
2025-02-27,DL,501,ATL,LAX,1039,1250,311.00,23.00,-12.00,0.00,0.00
2025-02-27,DL,862,ATL,BOS,1105,1339,154.00,0.00,-10.00,0.00,0.00
2025-02-27,DL,396,ATL,DEN,1121,1248,207.00,-6.00,-17.00,0.00,0.00
2025-02-27,DL,629,ATL,SEA,1138,1418,340.00,-5.00,-16.00,0.00,0.00
2025-02-27,DL,350,ATL,BOS,1215,1449,154.00,30.00,21.00,0.00,0.00
2025-02-27,DL,895,ATL,LAX,1240,1444,304.00,5.00,-23.00,0.00,0.00
2025-02-27,DL,1477,ATL,ORD,1248,1349,121.00,-10.00,-15.00,0.00,0.00
2025-02-27,DL,530,ATL,DEN,1305,1425,200.00,4.00,-2.00,0.00,0.00
2025-02-27,DL,753,ATL,LAX,1410,1619,309.00,25.00,-17.00,0.00,0.00
2025-02-27,DL,519,ATL,DEN,1428,1549,201.00,19.00,8.00,0.00,0.00
2025-02-27,DL,726,ATL,BOS,1435,1708,153.00,32.00,29.00,0.00,0.00
2025-02-27,DL,976,ATL,ORD,1445,1545,120.00,29.00,34.00,0.00,0.00
2025-02-27,DL,1219,ATL,LAX,1515,1722,307.00,1.00,-25.00,0.00,0.00
2025-02-27,DL,481,ATL,SEA,1522,1800,338.00,-2.00,-21.00,0.00,0.00
2025-02-27,DL,821,ATL,BOS,1610,1845,155.00,34.00,22.00,0.00,0.00
2025-02-27,DL,2738,ATL,ORD,1625,1725,120.00,-3.00,-3.00,0.00,0.00
2025-02-27,DL,301,ATL,LAX,1650,1857,307.00,5.00,-14.00,0.00,0.00
2025-02-27,DL,300,ATL,BOS,1811,2048,157.00,-2.00,-13.00,0.00,0.00
2025-02-27,DL,746,ATL,DEN,1820,1948,208.00,19.00,4.00,0.00,0.00
2025-02-27,DL,500,ATL,LAX,1825,2040,315.00,-1.00,-47.00,0.00,0.00
2025-02-27,DL,472,ATL,SEA,1930,2216,346.00,44.00,24.00,0.00,0.00
2025-02-27,DL,1139,ATL,ORD,1945,2046,121.00,60.00,62.00,0.00,0.00
2025-02-27,DL,518,ATL,BOS,1954,2230,156.00,32.00,22.00,0.00,0.00
2025-02-27,DL,319,ATL,LAX,1955,2205,310.00,17.00,-17.00,0.00,0.00
2025-02-27,DL,493,ATL,DEN,2120,2246,206.00,2.00,-19.00,0.00,0.00
2025-02-27,DL,331,ATL,LAX,2140,2344,304.00,5.00,-32.00,0.00,0.00
2025-02-27,DL,865,ATL,BOS,2225,0058,153.00,-2.00,-16.00,0.00,0.00
2025-02-27,DL,1199,ATL,ORD,2249,2349,120.00,-3.00,3.00,0.00,0.00
2025-02-27,DL,695,BOS,ATL,0540,0848,188.00,-2.00,14.00,0.00,0.00
2025-02-27,DL,923,BOS,ATL,0655,1000,185.00,-2.00,-1.00,0.00,0.00
2025-02-27,DL,456,BOS,ATL,0805,1112,187.00,49.00,25.00,0.00,0.00
2025-02-27,DL,973,BOS,ATL,0945,1249,184.00,10.00,-1.00,0.00,0.00
2025-02-27,DL,376,BOS,ATL,1145,1446,181.00,78.00,69.00,0.00,0.00
2025-02-27,DL,322,BOS,ATL,1347,1645,178.00,5.00,6.00,0.00,0.00
2025-02-27,DL,399,BOS,ATL,1550,1852,182.00,-2.00,-10.00,0.00,0.00
2025-02-27,DL,385,BOS,ATL,1819,2134,195.00,34.00,6.00,0.00,0.00
2025-02-27,DL,900,BOS,ATL,2025,2336,191.00,25.00,2.00,0.00,0.00
2025-02-27,DL,341,DEN,ATL,0600,1053,173.00,-2.00,-19.00,0.00,0.00
2025-02-27,DL,431,DEN,ATL,0710,1200,170.00,227.00,214.00,0.00,0.00
2025-02-27,DL,346,DEN,ATL,1051,1542,171.00,15.00,9.00,0.00,0.00
2025-02-27,DL,995,DEN,ATL,1217,1705,168.00,-3.00,-6.00,0.00,0.00
2025-02-27,DL,396,DEN,ATL,1353,1845,172.00,-2.00,-3.00,0.00,0.00
2025-02-27,DL,530,DEN,ATL,1530,2029,179.00,-1.00,-10.00,0.00,0.00
2025-02-27,DL,519,DEN,ATL,1654,2150,176.00,11.00,-2.00,0.00,0.00
2025-02-27,DL,390,LAX,ATL,0615,1324,249.00,-1.00,-16.00,0.00,0.00
2025-02-27,DL,327,LAX,ATL,0715,1425,250.00,-2.00,-6.00,0.00,0.00
2025-02-27,DL,515,LAX,ATL,0825,1535,250.00,-6.00,-17.00,0.00,0.00
2025-02-27,DL,528,LAX,ATL,1056,1813,257.00,10.00,-5.00,0.00,0.00
2025-02-27,DL,395,LAX,ATL,1224,1929,245.00,-1.00,-4.00,0.00,0.00
2025-02-27,DL,715,LAX,ATL,1415,2132,257.00,-1.00,-12.00,0.00,0.00
2025-02-27,DL,471,LAX,ATL,1730,0039,249.00,-5.00,22.00,0.00,0.00
2025-02-27,DL,899,LAX,ATL,2155,0502,247.00,0.00,10.00,0.00,0.00
2025-02-27,DL,446,LAX,ATL,2255,0600,245.00,0.00,2.00,0.00,0.00
2025-02-27,DL,320,LAX,ATL,2359,0709,250.00,14.00,22.00,0.00,0.00
2025-02-27,DL,1264,ORD,ATL,0545,0853,128.00,2.00,-13.00,0.00,0.00
2025-02-27,DL,1247,ORD,ATL,0705,1013,128.00,-2.00,-10.00,0.00,0.00
2025-02-27,DL,1178,ORD,ATL,0935,1237,122.00,2.00,-18.00,0.00,0.00
2025-02-27,DL,1147,ORD,ATL,1115,1413,118.00,-1.00,-7.00,0.00,0.00
2025-02-27,DL,1477,ORD,ATL,1459,1757,118.00,0.00,-19.00,0.00,0.00
2025-02-27,DL,976,ORD,ATL,1655,2001,126.00,39.00,15.00,0.00,0.00
2025-02-27,DL,2738,ORD,ATL,1838,2149,131.00,11.00,-17.00,0.00,0.00
2025-02-27,DL,569,SEA,ATL,0615,1358,283.00,7.00,-16.00,0.00,0.00
2025-02-27,DL,562,SEA,ATL,0845,1631,286.00,1.00,-16.00,0.00,0.00
2025-02-27,DL,542,SEA,ATL,1200,1958,298.00,-3.00,-6.00,0.00,0.00
2025-02-27,DL,567,SEA,ATL,1605,2350,285.00,2.00,-10.00,0.00,0.00
2025-02-27,DL,652,SEA,ATL,2305,0647,282.00,20.00,-3.00,0.00,0.00
2025-02-28,DL,849,ATL,BOS,0710,0947,157.00,2.00,-9.00,0.00,0.00
2025-02-28,DL,1178,ATL,ORD,0725,0833,128.00,-1.00,-12.00,0.00,0.00
2025-02-28,DL,996,ATL,LAX,0730,0945,315.00,-7.00,-38.00,0.00,0.00
2025-02-28,DL,444,ATL,SEA,0758,1045,347.00,-4.00,-33.00,0.00,0.00
2025-02-28,DL,346,ATL,DEN,0820,0946,206.00,-5.00,-20.00,0.00,0.00
2025-02-28,DL,1147,ATL,ORD,0835,0942,127.00,-2.00,-7.00,0.00,0.00
2025-02-28,DL,898,ATL,LAX,0855,1055,300.00,-2.00,-35.00,0.00,0.00
2025-02-28,DL,995,ATL,DEN,0945,1112,207.00,0.00,-17.00,0.00,0.00
2025-02-28,DL,774,ATL,SEA,0945,1231,346.00,-2.00,-17.00,0.00,0.00
2025-02-28,DL,855,ATL,BOS,1000,1237,157.00,-3.00,-3.00,0.00,0.00
2025-02-28,DL,501,ATL,LAX,1039,1250,311.00,194.00,165.00,0.00,0.00
2025-02-28,DL,862,ATL,BOS,1105,1339,154.00,10.00,5.00,0.00,0.00
2025-02-28,DL,396,ATL,DEN,1121,1248,207.00,-8.00,-25.00,0.00,0.00
2025-02-28,DL,629,ATL,SEA,1138,1418,340.00,-6.00,-29.00,0.00,0.00
2025-02-28,DL,350,ATL,BOS,1215,1449,154.00,-3.00,-11.00,0.00,0.00
2025-02-28,DL,895,ATL,LAX,1240,1444,304.00,110.00,70.00,0.00,0.00
2025-02-28,DL,1477,ATL,ORD,1248,1349,121.00,0.00,-3.00,0.00,0.00
2025-02-28,DL,530,ATL,DEN,1305,1425,200.00,0.00,-17.00,0.00,0.00
2025-02-28,DL,753,ATL,LAX,1410,1619,309.00,40.00,-8.00,0.00,0.00
2025-02-28,DL,519,ATL,DEN,1428,1549,201.00,22.00,7.00,0.00,0.00
2025-02-28,DL,726,ATL,BOS,1435,1708,153.00,-4.00,-15.00,0.00,0.00
2025-02-28,DL,976,ATL,ORD,1445,1545,120.00,-6.00,0.00,0.00,0.00
2025-02-28,DL,1219,ATL,LAX,1515,1722,307.00,-6.00,-49.00,0.00,0.00
2025-02-28,DL,481,ATL,SEA,1522,1800,338.00,-1.00,-20.00,0.00,0.00
2025-02-28,DL,821,ATL,BOS,1610,1845,155.00,11.00,1.00,0.00,0.00
2025-02-28,DL,2738,ATL,ORD,1625,1725,120.00,-5.00,-10.00,0.00,0.00
2025-02-28,DL,301,ATL,LAX,1650,1857,307.00,0.00,-23.00,0.00,0.00
2025-02-28,DL,300,ATL,BOS,1811,2048,157.00,-2.00,-17.00,0.00,0.00
2025-02-28,DL,746,ATL,DEN,1820,1948,208.00,-9.00,-5.00,0.00,0.00
2025-02-28,DL,500,ATL,LAX,1825,2040,315.00,-3.00,-35.00,0.00,0.00
2025-02-28,DL,472,ATL,SEA,1930,2216,346.00,42.00,15.00,0.00,0.00
2025-02-28,DL,1139,ATL,ORD,1945,2046,121.00,-1.00,-7.00,0.00,0.00
2025-02-28,DL,518,ATL,BOS,1954,2230,156.00,6.00,-12.00,0.00,0.00
2025-02-28,DL,319,ATL,LAX,1955,2205,310.00,0.00,-32.00,0.00,0.00
2025-02-28,DL,493,ATL,DEN,2120,2246,206.00,20.00,9.00,0.00,0.00
2025-02-28,DL,331,ATL,LAX,2140,2344,304.00,-5.00,-40.00,0.00,0.00
2025-02-28,DL,865,ATL,BOS,2225,0058,153.00,8.00,-4.00,0.00,0.00
2025-02-28,DL,1199,ATL,ORD,2249,2349,120.00,3.00,-3.00,0.00,0.00
2025-02-28,DL,695,BOS,ATL,0540,0848,188.00,-3.00,-37.00,0.00,0.00
2025-02-28,DL,923,BOS,ATL,0655,1000,185.00,371.00,344.00,0.00,0.00
2025-02-28,DL,456,BOS,ATL,0805,1112,187.00,0.00,-28.00,0.00,0.00
2025-02-28,DL,973,BOS,ATL,0945,1249,184.00,-2.00,-32.00,0.00,0.00
2025-02-28,DL,376,BOS,ATL,1145,1446,181.00,-1.00,-25.00,0.00,0.00
2025-02-28,DL,322,BOS,ATL,1347,1645,178.00,-2.00,-28.00,0.00,0.00
2025-02-28,DL,399,BOS,ATL,1550,1852,182.00,3.00,-20.00,0.00,0.00
2025-02-28,DL,385,BOS,ATL,1819,2134,195.00,-6.00,-13.00,0.00,0.00
2025-02-28,DL,900,BOS,ATL,2025,2336,191.00,-12.00,-44.00,0.00,0.00
2025-02-28,DL,341,DEN,ATL,0600,1053,173.00,1.00,-10.00,0.00,0.00
2025-02-28,DL,431,DEN,ATL,0710,1200,170.00,3.00,0.00,0.00,0.00
2025-02-28,DL,346,DEN,ATL,1051,1542,171.00,-2.00,-11.00,0.00,0.00
2025-02-28,DL,995,DEN,ATL,1217,1705,168.00,-1.00,-1.00,0.00,0.00
2025-02-28,DL,396,DEN,ATL,1353,1845,172.00,-5.00,-7.00,0.00,0.00
2025-02-28,DL,530,DEN,ATL,1530,2029,179.00,-11.00,-5.00,0.00,0.00
2025-02-28,DL,519,DEN,ATL,1654,2150,176.00,7.00,12.00,0.00,0.00
2025-02-28,DL,390,LAX,ATL,0615,1324,249.00,-1.00,2.00,0.00,0.00
2025-02-28,DL,327,LAX,ATL,0715,1425,250.00,-2.00,0.00,0.00,0.00
2025-02-28,DL,515,LAX,ATL,0825,1535,250.00,3.00,0.00,0.00,0.00
2025-02-28,DL,528,LAX,ATL,1056,1813,257.00,32.00,25.00,0.00,0.00
2025-02-28,DL,395,LAX,ATL,1224,1929,245.00,-1.00,13.00,0.00,0.00
2025-02-28,DL,715,LAX,ATL,1415,2132,257.00,2.00,-12.00,0.00,0.00
2025-02-28,DL,471,LAX,ATL,1730,0039,249.00,52.00,48.00,0.00,0.00
2025-02-28,DL,899,LAX,ATL,2155,0502,247.00,-3.00,-9.00,0.00,0.00
2025-02-28,DL,446,LAX,ATL,2255,0600,245.00,-3.00,-11.00,0.00,0.00
2025-02-28,DL,320,LAX,ATL,2359,0709,250.00,0.00,-1.00,0.00,0.00
2025-02-28,DL,1264,ORD,ATL,0545,0853,128.00,-1.00,-16.00,0.00,0.00
2025-02-28,DL,1247,ORD,ATL,0705,1013,128.00,4.00,-4.00,0.00,0.00
2025-02-28,DL,1178,ORD,ATL,0935,1237,122.00,-6.00,-23.00,0.00,0.00
2025-02-28,DL,1147,ORD,ATL,1115,1413,118.00,-4.00,-15.00,0.00,0.00
2025-02-28,DL,1477,ORD,ATL,1459,1757,118.00,3.00,-4.00,0.00,0.00
2025-02-28,DL,976,ORD,ATL,1655,2001,126.00,0.00,-19.00,0.00,0.00
2025-02-28,DL,2738,ORD,ATL,1838,2149,131.00,-1.00,1.00,0.00,0.00
2025-02-28,DL,569,SEA,ATL,0615,1358,283.00,-2.00,-13.00,0.00,0.00
2025-02-28,DL,562,SEA,ATL,0845,1631,286.00,0.00,-3.00,0.00,0.00
2025-02-28,DL,542,SEA,ATL,1200,1958,298.00,-4.00,-24.00,0.00,0.00
2025-02-28,DL,567,SEA,ATL,1605,2350,285.00,13.00,-8.00,0.00,0.00
2025-02-28,DL,652,SEA,ATL,2305,0647,282.00,0.00,-18.00,0.00,0.00
2025-03-01,DL,849,ATL,BOS,0700,0935,155.00,8.00,-4.00,0.00,0.00
2025-03-01,DL,996,ATL,LAX,0730,0945,315.00,-5.00,-31.00,0.00,0.00
2025-03-01,DL,444,ATL,SEA,0758,1045,347.00,0.00,-23.00,0.00,0.00
2025-03-01,DL,346,ATL,DEN,0820,0946,206.00,-3.00,-15.00,0.00,0.00
2025-03-01,DL,1147,ATL,ORD,0835,0942,127.00,1.00,-7.00,0.00,0.00
2025-03-01,DL,898,ATL,LAX,0855,1055,300.00,2.00,-30.00,0.00,0.00
2025-03-01,DL,995,ATL,DEN,0945,1112,207.00,-5.00,25.00,0.00,0.00
2025-03-01,DL,774,ATL,SEA,0945,1231,346.00,6.00,40.00,0.00,0.00
2025-03-01,DL,855,ATL,BOS,1000,1238,158.00,2.00,-10.00,0.00,0.00
2025-03-01,DL,501,ATL,LAX,1039,1250,311.00,21.00,-9.00,0.00,0.00
2025-03-01,DL,862,ATL,BOS,1105,1339,154.00,9.00,0.00,0.00,0.00
2025-03-01,DL,396,ATL,DEN,1121,1248,207.00,-8.00,-19.00,0.00,0.00
2025-03-01,DL,629,ATL,SEA,1138,1418,340.00,-3.00,-24.00,0.00,0.00
2025-03-01,DL,895,ATL,LAX,1240,1444,304.00,0.00,3.00,0.00,0.00
2025-03-01,DL,1477,ATL,ORD,1240,1342,122.00,-6.00,-8.00,0.00,0.00
2025-03-01,DL,530,ATL,DEN,1305,1425,200.00,-6.00,-11.00,0.00,0.00
2025-03-01,DL,753,ATL,LAX,1410,1619,309.00,-2.00,-11.00,0.00,0.00
2025-03-01,DL,519,ATL,DEN,1428,1549,201.00,-6.00,-5.00,0.00,0.00
2025-03-01,DL,976,ATL,ORD,1445,1543,118.00,0.00,0.00,0.00,0.00
2025-03-01,DL,726,ATL,BOS,1457,1730,153.00,-4.00,-20.00,0.00,0.00
2025-03-01,DL,1219,ATL,LAX,1515,1722,307.00,-1.00,-18.00,0.00,0.00
2025-03-01,DL,481,ATL,SEA,1545,1827,342.00,-9.00,-13.00,0.00,0.00
2025-03-01,DL,301,ATL,LAX,1650,1857,307.00,1.00,-20.00,0.00,0.00
2025-03-01,DL,2879,ATL,ORD,1740,1847,127.00,10.00,17.00,0.00,0.00
2025-03-01,DL,300,ATL,BOS,1755,2031,156.00,-3.00,-19.00,0.00,0.00
2025-03-01,DL,746,ATL,DEN,1820,1948,208.00,25.00,18.00,0.00,0.00
2025-03-01,DL,500,ATL,LAX,1855,2107,312.00,3.00,-17.00,0.00,0.00
2025-03-01,DL,472,ATL,SEA,1923,2207,344.00,21.00,-7.00,0.00,0.00
2025-03-01,DL,518,ATL,BOS,1954,2230,156.00,3.00,-19.00,0.00,0.00
2025-03-01,DL,331,ATL,LAX,2059,2310,311.00,-2.00,15.00,0.00,0.00
2025-03-01,DL,493,ATL,DEN,2120,2246,206.00,0.00,-3.00,0.00,0.00
2025-03-01,DL,8771,ATL,LAX,2159,2359,300.00,-5.00,-12.00,0.00,0.00
2025-03-01,DL,865,ATL,BOS,2225,0058,153.00,0.00,-25.00,0.00,0.00
2025-03-01,DL,1199,ATL,ORD,2249,2349,120.00,-3.00,-10.00,0.00,0.00
2025-03-01,DL,695,BOS,ATL,0540,0848,188.00,2.00,-6.00,0.00,0.00
2025-03-01,DL,923,BOS,ATL,0655,1000,185.00,-6.00,-26.00,0.00,0.00
2025-03-01,DL,456,BOS,ATL,0805,1112,187.00,16.00,9.00,0.00,0.00
2025-03-01,DL,973,BOS,ATL,0945,1249,184.00,-4.00,-16.00,0.00,0.00
2025-03-01,DL,376,BOS,ATL,1200,1500,180.00,1.00,-9.00,0.00,0.00
2025-03-01,DL,399,BOS,ATL,1550,1852,182.00,-7.00,-24.00,0.00,0.00
2025-03-01,DL,385,BOS,ATL,1835,2148,193.00,1.00,-11.00,0.00,0.00
2025-03-01,DL,341,DEN,ATL,0600,1053,173.00,-1.00,-9.00,0.00,0.00
2025-03-01,DL,431,DEN,ATL,0710,1200,170.00,-3.00,-9.00,0.00,0.00
2025-03-01,DL,346,DEN,ATL,1051,1542,171.00,30.00,11.00,0.00,0.00
2025-03-01,DL,995,DEN,ATL,1217,1705,168.00,45.00,35.00,0.00,0.00
2025-03-01,DL,396,DEN,ATL,1353,1845,172.00,18.00,0.00,0.00,0.00
2025-03-01,DL,530,DEN,ATL,1530,2029,179.00,0.00,-1.00,0.00,0.00
2025-03-01,DL,519,DEN,ATL,1654,2150,176.00,0.00,-24.00,0.00,0.00
2025-03-01,DL,390,LAX,ATL,0615,1324,249.00,6.00,-1.00,0.00,0.00
2025-03-01,DL,327,LAX,ATL,0715,1425,250.00,0.00,-8.00,0.00,0.00
2025-03-01,DL,515,LAX,ATL,0825,1535,250.00,-2.00,-5.00,0.00,0.00
2025-03-01,DL,528,LAX,ATL,1056,1813,257.00,-4.00,-16.00,0.00,0.00
2025-03-01,DL,395,LAX,ATL,1224,1929,245.00,-6.00,-22.00,0.00,0.00
2025-03-01,DL,715,LAX,ATL,1415,2132,257.00,17.00,5.00,0.00,0.00
2025-03-01,DL,471,LAX,ATL,1730,0039,249.00,13.00,12.00,0.00,0.00
2025-03-01,DL,446,LAX,ATL,2155,0504,249.00,-4.00,-24.00,0.00,0.00
2025-03-01,DL,899,LAX,ATL,2255,0558,243.00,-1.00,-10.00,0.00,0.00
2025-03-01,DL,1264,ORD,ATL,0545,0853,128.00,-6.00,-30.00,0.00,0.00
2025-03-01,DL,1247,ORD,ATL,0705,1013,128.00,-8.00,-35.00,0.00,0.00
2025-03-01,DL,1147,ORD,ATL,1115,1413,118.00,-1.00,-22.00,0.00,0.00
2025-03-01,DL,1477,ORD,ATL,1455,1752,117.00,-7.00,-30.00,0.00,0.00
2025-03-01,DL,976,ORD,ATL,1713,2020,127.00,-9.00,-34.00,0.00,0.00
2025-03-01,DL,569,SEA,ATL,0615,1358,283.00,-3.00,-17.00,0.00,0.00
2025-03-01,DL,562,SEA,ATL,0835,1621,286.00,12.00,5.00,0.00,0.00
2025-03-01,DL,542,SEA,ATL,1200,1958,298.00,1.00,-19.00,0.00,0.00
2025-03-01,DL,567,SEA,ATL,1605,2350,285.00,-2.00,-12.00,0.00,0.00
2025-03-01,DL,652,SEA,ATL,2305,0647,282.00,10.00,-5.00,0.00,0.00
2025-03-02,DL,849,ATL,BOS,0710,0947,157.00,0.00,-21.00,0.00,0.00
2025-03-02,DL,996,ATL,LAX,0730,0945,315.00,-1.00,2.00,0.00,0.00
2025-03-02,DL,1178,ATL,ORD,0730,0835,125.00,-5.00,-11.00,0.00,0.00
2025-03-02,DL,444,ATL,SEA,0758,1045,347.00,-2.00,-27.00,0.00,0.00
2025-03-02,DL,346,ATL,DEN,0820,0946,206.00,-11.00,-13.00,0.00,0.00
2025-03-02,DL,1147,ATL,ORD,0835,0942,127.00,0.00,4.00,0.00,0.00
2025-03-02,DL,898,ATL,LAX,0855,1055,300.00,-3.00,-19.00,0.00,0.00
2025-03-02,DL,995,ATL,DEN,0945,1112,207.00,-4.00,-15.00,0.00,0.00
2025-03-02,DL,774,ATL,SEA,0945,1231,346.00,-2.00,-51.00,0.00,0.00
2025-03-02,DL,855,ATL,BOS,1000,1237,157.00,-4.00,-20.00,0.00,0.00
2025-03-02,DL,501,ATL,LAX,1039,1250,311.00,24.00,15.00,0.00,0.00
2025-03-02,DL,862,ATL,BOS,1105,1339,154.00,11.00,4.00,0.00,0.00
2025-03-02,DL,396,ATL,DEN,1121,1248,207.00,-6.00,-23.00,0.00,0.00
2025-03-02,DL,629,ATL,SEA,1138,1418,340.00,-3.00,-36.00,0.00,0.00
2025-03-02,DL,350,ATL,BOS,1215,1449,154.00,1.00,-7.00,0.00,0.00
2025-03-02,DL,895,ATL,LAX,1240,1444,304.00,1.00,8.00,0.00,0.00
2025-03-02,DL,1477,ATL,ORD,1250,1349,119.00,10.00,16.00,0.00,0.00
2025-03-02,DL,530,ATL,DEN,1305,1425,200.00,-5.00,-22.00,0.00,0.00
2025-03-02,DL,753,ATL,LAX,1410,1619,309.00,12.00,7.00,0.00,0.00
2025-03-02,DL,519,ATL,DEN,1428,1549,201.00,16.00,2.00,0.00,0.00
2025-03-02,DL,726,ATL,BOS,1435,1708,153.00,-3.00,-8.00,0.00,0.00
2025-03-02,DL,976,ATL,ORD,1445,1545,120.00,9.00,16.00,0.00,0.00
2025-03-02,DL,1219,ATL,LAX,1515,1722,307.00,1.00,-1.00,0.00,0.00
2025-03-02,DL,481,ATL,SEA,1522,1800,338.00,-2.00,-45.00,0.00,0.00
2025-03-02,DL,821,ATL,BOS,1610,1845,155.00,43.00,41.00,0.00,0.00
2025-03-02,DL,2738,ATL,ORD,1625,1725,120.00,-6.00,2.00,0.00,0.00
2025-03-02,DL,301,ATL,LAX,1650,1857,307.00,-1.00,-1.00,0.00,0.00
2025-03-02,DL,300,ATL,BOS,1811,2048,157.00,-1.00,-10.00,0.00,0.00
2025-03-02,DL,746,ATL,DEN,1820,1948,208.00,-5.00,-28.00,0.00,0.00
2025-03-02,DL,500,ATL,LAX,1825,2040,315.00,-7.00,-23.00,0.00,0.00
2025-03-02,DL,472,ATL,SEA,1930,2216,346.00,108.00,56.00,0.00,0.00
2025-03-02,DL,1139,ATL,ORD,1945,2046,121.00,-7.00,-11.00,0.00,0.00
2025-03-02,DL,518,ATL,BOS,1954,2230,156.00,20.00,14.00,0.00,0.00
2025-03-02,DL,319,ATL,LAX,1955,2205,310.00,33.00,13.00,0.00,0.00
2025-03-02,DL,493,ATL,DEN,2120,2246,206.00,6.00,2.00,0.00,0.00
2025-03-02,DL,331,ATL,LAX,2140,2344,304.00,-1.00,-10.00,0.00,0.00
2025-03-02,DL,865,ATL,BOS,2225,0058,153.00,-2.00,-10.00,0.00,0.00
2025-03-02,DL,1199,ATL,ORD,2249,2349,120.00,1.00,-2.00,0.00,0.00
2025-03-02,DL,695,BOS,ATL,0540,0848,188.00,-8.00,-41.00,0.00,0.00
2025-03-02,DL,923,BOS,ATL,0655,1000,185.00,-8.00,-38.00,0.00,0.00
2025-03-02,DL,456,BOS,ATL,0805,1112,187.00,-11.00,-41.00,0.00,0.00
2025-03-02,DL,973,BOS,ATL,0945,1249,184.00,-3.00,-34.00,0.00,0.00
2025-03-02,DL,376,BOS,ATL,1145,1446,181.00,-2.00,-33.00,0.00,0.00
2025-03-02,DL,322,BOS,ATL,1347,1645,178.00,3.00,-27.00,0.00,0.00
2025-03-02,DL,399,BOS,ATL,1550,1852,182.00,5.00,-29.00,0.00,0.00
2025-03-02,DL,385,BOS,ATL,1819,2134,195.00,24.00,-3.00,0.00,0.00
2025-03-02,DL,900,BOS,ATL,2025,2336,191.00,5.00,-33.00,0.00,0.00
2025-03-02,DL,341,DEN,ATL,0600,1053,173.00,1.00,-11.00,0.00,0.00
2025-03-02,DL,431,DEN,ATL,0710,1200,170.00,7.00,-4.00,0.00,0.00
2025-03-02,DL,346,DEN,ATL,1051,1542,171.00,-1.00,-10.00,0.00,0.00
2025-03-02,DL,995,DEN,ATL,1217,1705,168.00,-5.00,-5.00,0.00,0.00
2025-03-02,DL,396,DEN,ATL,1353,1845,172.00,4.00,3.00,0.00,0.00
2025-03-02,DL,530,DEN,ATL,1530,2029,179.00,-3.00,-15.00,0.00,0.00
2025-03-02,DL,519,DEN,ATL,1654,2150,176.00,5.00,-1.00,0.00,0.00
2025-03-02,DL,390,LAX,ATL,0615,1324,249.00,4.00,-10.00,0.00,0.00
2025-03-02,DL,327,LAX,ATL,0715,1425,250.00,20.00,7.00,0.00,0.00
2025-03-02,DL,515,LAX,ATL,0825,1535,250.00,238.00,221.00,0.00,0.00
2025-03-02,DL,528,LAX,ATL,1056,1813,257.00,38.00,17.00,0.00,0.00
2025-03-02,DL,395,LAX,ATL,1224,1929,245.00,0.00,-18.00,0.00,0.00
2025-03-02,DL,715,LAX,ATL,1415,2132,257.00,8.00,19.00,0.00,0.00
2025-03-02,DL,471,LAX,ATL,1730,0039,249.00,-9.00,-28.00,0.00,0.00
2025-03-02,DL,899,LAX,ATL,2155,0502,247.00,-6.00,-29.00,0.00,0.00
2025-03-02,DL,446,LAX,ATL,2255,0600,245.00,-3.00,-19.00,0.00,0.00
2025-03-02,DL,320,LAX,ATL,2359,0709,250.00,-1.00,-11.00,0.00,0.00
2025-03-02,DL,1264,ORD,ATL,0545,0853,128.00,0.00,-11.00,0.00,0.00
2025-03-02,DL,1247,ORD,ATL,0705,1013,128.00,-6.00,-36.00,0.00,0.00
2025-03-02,DL,1178,ORD,ATL,0945,1245,120.00,-6.00,-39.00,0.00,0.00
2025-03-02,DL,1147,ORD,ATL,1115,1413,118.00,-5.00,-31.00,0.00,0.00
2025-03-02,DL,1477,ORD,ATL,1459,1757,118.00,1.00,-17.00,0.00,0.00
2025-03-02,DL,976,ORD,ATL,1655,2001,126.00,24.00,-2.00,0.00,0.00
2025-03-02,DL,2738,ORD,ATL,1838,2149,131.00,-7.00,-14.00,0.00,0.00
2025-03-02,DL,569,SEA,ATL,0615,1358,283.00,4.00,-7.00,0.00,0.00
2025-03-02,DL,562,SEA,ATL,0845,1631,286.00,29.00,19.00,0.00,0.00
2025-03-02,DL,542,SEA,ATL,1200,1958,298.00,10.00,16.00,0.00,0.00
2025-03-02,DL,567,SEA,ATL,1605,2350,285.00,-3.00,12.00,0.00,0.00
2025-03-02,DL,652,SEA,ATL,2305,0647,282.00,2.00,-3.00,0.00,0.00
2025-03-03,DL,849,ATL,BOS,0710,0947,157.00,-5.00,-16.00,0.00,0.00
2025-03-03,DL,996,ATL,LAX,0730,0945,315.00,-3.00,-23.00,0.00,0.00
2025-03-03,DL,1178,ATL,ORD,0730,0838,128.00,1.00,-17.00,0.00,0.00
2025-03-03,DL,444,ATL,SEA,0758,1045,347.00,6.00,-41.00,0.00,0.00
2025-03-03,DL,346,ATL,DEN,0820,0946,206.00,-2.00,-16.00,0.00,0.00
2025-03-03,DL,1147,ATL,ORD,0835,0942,127.00,-5.00,-3.00,0.00,0.00
2025-03-03,DL,898,ATL,LAX,0855,1055,300.00,-1.00,-19.00,0.00,0.00
2025-03-03,DL,995,ATL,DEN,0945,1112,207.00,-2.00,-16.00,0.00,0.00
2025-03-03,DL,774,ATL,SEA,0945,1231,346.00,0.00,-47.00,0.00,0.00
2025-03-03,DL,855,ATL,BOS,1000,1237,157.00,5.00,-4.00,0.00,0.00
2025-03-03,DL,501,ATL,LAX,1039,1250,311.00,-6.00,-17.00,0.00,0.00
2025-03-03,DL,862,ATL,BOS,1105,1339,154.00,-1.00,-18.00,0.00,0.00
2025-03-03,DL,396,ATL,DEN,1121,1248,207.00,14.00,2.00,0.00,0.00
2025-03-03,DL,629,ATL,SEA,1138,1418,340.00,-2.00,-33.00,0.00,0.00
2025-03-03,DL,350,ATL,BOS,1215,1449,154.00,-2.00,-3.00,0.00,0.00
2025-03-03,DL,895,ATL,LAX,1240,1444,304.00,103.00,86.00,0.00,0.00
2025-03-03,DL,1477,ATL,ORD,1248,1349,121.00,-3.00,-10.00,0.00,0.00
2025-03-03,DL,530,ATL,DEN,1305,1425,200.00,-4.00,-20.00,0.00,0.00
2025-03-03,DL,753,ATL,LAX,1410,1619,309.00,-2.00,-32.00,0.00,0.00
2025-03-03,DL,519,ATL,DEN,1428,1549,201.00,-1.00,-11.00,0.00,0.00
2025-03-03,DL,726,ATL,BOS,1435,1708,153.00,-7.00,-15.00,0.00,0.00
2025-03-03,DL,976,ATL,ORD,1445,1543,118.00,21.00,15.00,0.00,0.00
2025-03-03,DL,1219,ATL,LAX,1515,1722,307.00,8.00,9.00,0.00,0.00
2025-03-03,DL,481,ATL,SEA,1522,1800,338.00,-3.00,-20.00,0.00,0.00
2025-03-03,DL,821,ATL,BOS,1610,1845,155.00,-5.00,-1.00,0.00,0.00
2025-03-03,DL,2738,ATL,ORD,1625,1725,120.00,-6.00,-6.00,0.00,0.00
2025-03-03,DL,301,ATL,LAX,1650,1857,307.00,-3.00,-22.00,0.00,0.00
2025-03-03,DL,300,ATL,BOS,1811,2048,157.00,11.00,1.00,0.00,0.00
2025-03-03,DL,746,ATL,DEN,1820,1948,208.00,46.00,46.00,0.00,0.00
2025-03-03,DL,500,ATL,LAX,1825,2040,315.00,-10.00,-32.00,0.00,0.00
2025-03-03,DL,472,ATL,SEA,1930,2216,346.00,27.00,4.00,0.00,0.00
2025-03-03,DL,1139,ATL,ORD,1945,2046,121.00,-3.00,-10.00,0.00,0.00
2025-03-03,DL,518,ATL,BOS,1954,2230,156.00,-2.00,-12.00,0.00,0.00
2025-03-03,DL,319,ATL,LAX,1955,2205,310.00,-2.00,-20.00,0.00,0.00
2025-03-03,DL,493,ATL,DEN,2120,2246,206.00,-5.00,-17.00,0.00,0.00
2025-03-03,DL,331,ATL,LAX,2140,2344,304.00,0.00,-15.00,0.00,0.00
2025-03-03,DL,865,ATL,BOS,2225,0058,153.00,3.00,0.00,0.00,0.00
2025-03-03,DL,1199,ATL,ORD,2249,2349,120.00,-5.00,-13.00,0.00,0.00
2025-03-03,DL,695,BOS,ATL,0540,0848,188.00,-5.00,-38.00,0.00,0.00
2025-03-03,DL,923,BOS,ATL,0655,1000,185.00,-2.00,-30.00,0.00,0.00
2025-03-03,DL,456,BOS,ATL,0805,1112,187.00,-2.00,-34.00,0.00,0.00
2025-03-03,DL,973,BOS,ATL,0945,1249,184.00,11.00,-21.00,0.00,0.00
2025-03-03,DL,376,BOS,ATL,1145,1446,181.00,7.00,-20.00,0.00,0.00
2025-03-03,DL,322,BOS,ATL,1347,1645,178.00,-1.00,-30.00,0.00,0.00
2025-03-03,DL,399,BOS,ATL,1550,1852,182.00,-1.00,-32.00,0.00,0.00
2025-03-03,DL,385,BOS,ATL,1819,2134,195.00,-2.00,-9.00,0.00,0.00
2025-03-03,DL,900,BOS,ATL,2025,2336,191.00,-6.00,-36.00,0.00,0.00
2025-03-03,DL,341,DEN,ATL,0600,1053,173.00,9.00,-5.00,0.00,0.00
2025-03-03,DL,431,DEN,ATL,0710,1200,170.00,2.00,-13.00,0.00,0.00
2025-03-03,DL,346,DEN,ATL,1051,1542,171.00,-1.00,-14.00,0.00,0.00
2025-03-03,DL,995,DEN,ATL,1217,1705,168.00,-3.00,-8.00,0.00,0.00
2025-03-03,DL,396,DEN,ATL,1353,1845,172.00,2.00,-7.00,0.00,0.00
2025-03-03,DL,530,DEN,ATL,1530,2029,179.00,-8.00,-20.00,0.00,0.00
2025-03-03,DL,519,DEN,ATL,1654,2150,176.00,5.00,20.00,0.00,0.00
2025-03-03,DL,390,LAX,ATL,0615,1324,249.00,-5.00,-13.00,0.00,0.00
2025-03-03,DL,327,LAX,ATL,0715,1425,250.00,1.00,-18.00,0.00,0.00
2025-03-03,DL,515,LAX,ATL,0825,1535,250.00,29.00,10.00,0.00,0.00
2025-03-03,DL,528,LAX,ATL,1056,1813,257.00,40.00,20.00,0.00,0.00
2025-03-03,DL,395,LAX,ATL,1224,1929,245.00,-2.00,-28.00,0.00,0.00
2025-03-03,DL,715,LAX,ATL,1415,2132,257.00,6.00,-11.00,0.00,0.00
2025-03-03,DL,471,LAX,ATL,1730,0039,249.00,-3.00,-20.00,0.00,0.00
2025-03-03,DL,899,LAX,ATL,2155,0502,247.00,96.00,105.00,0.00,0.00
2025-03-03,DL,446,LAX,ATL,2255,0600,245.00,-3.00,-17.00,0.00,0.00
2025-03-03,DL,320,LAX,ATL,2359,0709,250.00,-11.00,-15.00,0.00,0.00
2025-03-03,DL,1264,ORD,ATL,0545,0853,128.00,-8.00,-25.00,0.00,0.00
2025-03-03,DL,1247,ORD,ATL,0705,1013,128.00,-11.00,-16.00,0.00,0.00
2025-03-03,DL,1178,ORD,ATL,0938,1240,122.00,-5.00,-31.00,0.00,0.00
2025-03-03,DL,1147,ORD,ATL,1115,1413,118.00,-9.00,-22.00,0.00,0.00
2025-03-03,DL,1477,ORD,ATL,1459,1757,118.00,-5.00,-28.00,0.00,0.00
2025-03-03,DL,976,ORD,ATL,1655,2000,125.00,0.00,-28.00,0.00,0.00
2025-03-03,DL,2738,ORD,ATL,1838,2149,131.00,-12.00,-34.00,0.00,0.00
2025-03-03,DL,569,SEA,ATL,0615,1358,283.00,-4.00,-13.00,0.00,0.00
2025-03-03,DL,562,SEA,ATL,0845,1631,286.00,-6.00,-14.00,0.00,0.00
2025-03-03,DL,542,SEA,ATL,1200,1958,298.00,0.00,-18.00,0.00,0.00
2025-03-03,DL,567,SEA,ATL,1605,2350,285.00,-3.00,-12.00,0.00,0.00
2025-03-03,DL,652,SEA,ATL,2305,0647,282.00,-4.00,-20.00,0.00,0.00
2025-03-04,DL,849,ATL,BOS,0710,0947,157.00,2.00,-3.00,0.00,0.00
2025-03-04,DL,996,ATL,LAX,0730,0945,315.00,0.00,12.00,0.00,0.00
2025-03-04,DL,1178,ATL,ORD,0730,0838,128.00,-6.00,-18.00,0.00,0.00
2025-03-04,DL,444,ATL,SEA,0758,1045,347.00,-3.00,-47.00,0.00,0.00
2025-03-04,DL,346,ATL,DEN,0820,0946,206.00,1.00,-6.00,0.00,0.00
2025-03-04,DL,1147,ATL,ORD,0835,0942,127.00,-5.00,-22.00,0.00,0.00
2025-03-04,DL,898,ATL,LAX,0855,1055,300.00,-5.00,-33.00,0.00,0.00
2025-03-04,DL,995,ATL,DEN,0945,1112,207.00,-7.00,-9.00,0.00,0.00
2025-03-04,DL,774,ATL,SEA,0945,1231,346.00,18.00,-8.00,0.00,0.00
2025-03-04,DL,855,ATL,BOS,1000,1237,157.00,-6.00,-12.00,0.00,0.00
2025-03-04,DL,501,ATL,LAX,1039,1250,311.00,0.00,-25.00,0.00,0.00
2025-03-04,DL,862,ATL,BOS,1110,1344,154.00,-4.00,-9.00,0.00,0.00
2025-03-04,DL,396,ATL,DEN,1121,1248,207.00,42.00,27.00,0.00,0.00
2025-03-04,DL,629,ATL,SEA,1138,1418,340.00,-1.00,-31.00,0.00,0.00
2025-03-04,DL,350,ATL,BOS,1215,1449,154.00,-2.00,-17.00,0.00,0.00
2025-03-04,DL,895,ATL,LAX,1240,1444,304.00,-1.00,-6.00,0.00,0.00
2025-03-04,DL,1477,ATL,ORD,1248,1349,121.00,-10.00,-5.00,0.00,0.00
2025-03-04,DL,530,ATL,DEN,1305,1425,200.00,-7.00,-20.00,0.00,0.00
2025-03-04,DL,753,ATL,LAX,1410,1619,309.00,-2.00,-29.00,0.00,0.00
2025-03-04,DL,519,ATL,DEN,1428,1549,201.00,17.00,1.00,0.00,0.00
2025-03-04,DL,726,ATL,BOS,1435,1708,153.00,4.00,-10.00,0.00,0.00
2025-03-04,DL,976,ATL,ORD,1445,1543,118.00,16.00,24.00,0.00,0.00
2025-03-04,DL,1219,ATL,LAX,1515,1722,307.00,0.00,-9.00,0.00,0.00
2025-03-04,DL,481,ATL,SEA,1522,1800,338.00,0.00,-33.00,0.00,0.00
2025-03-04,DL,301,ATL,LAX,1650,1857,307.00,-3.00,-13.00,0.00,0.00
2025-03-04,DL,2879,ATL,ORD,1740,1847,127.00,-6.00,-1.00,0.00,0.00
2025-03-04,DL,300,ATL,BOS,1755,2031,156.00,-5.00,-11.00,0.00,0.00
2025-03-04,DL,746,ATL,DEN,1820,1948,208.00,10.00,-12.00,0.00,0.00
2025-03-04,DL,500,ATL,LAX,1825,2040,315.00,-3.00,-31.00,0.00,0.00
2025-03-04,DL,472,ATL,SEA,1930,2216,346.00,12.00,-29.00,0.00,0.00
2025-03-04,DL,518,ATL,BOS,1954,2230,156.00,61.00,51.00,0.00,0.00
2025-03-04,DL,331,ATL,LAX,2059,2310,311.00,14.00,-4.00,0.00,0.00
2025-03-04,DL,493,ATL,DEN,2120,2246,206.00,7.00,-7.00,0.00,0.00
2025-03-04,DL,865,ATL,BOS,2225,0058,153.00,2.00,-10.00,0.00,0.00
2025-03-04,DL,1199,ATL,ORD,2249,2349,120.00,-1.00,-10.00,0.00,0.00
2025-03-04,DL,695,BOS,ATL,0540,0848,188.00,-1.00,-23.00,0.00,0.00
2025-03-04,DL,923,BOS,ATL,0655,1000,185.00,-9.00,-32.00,0.00,0.00
2025-03-04,DL,456,BOS,ATL,0805,1112,187.00,-7.00,-7.00,0.00,0.00
2025-03-04,DL,973,BOS,ATL,0945,1249,184.00,-7.00,-25.00,0.00,0.00
2025-03-04,DL,376,BOS,ATL,1145,1446,181.00,-1.00,-14.00,0.00,0.00
2025-03-04,DL,322,BOS,ATL,1347,1645,178.00,6.00,-10.00,0.00,0.00
2025-03-04,DL,399,BOS,ATL,1550,1852,182.00,2.00,-6.00,0.00,0.00
2025-03-04,DL,385,BOS,ATL,1835,2148,193.00,62.00,30.00,0.00,0.00
2025-03-04,DL,341,DEN,ATL,0600,1053,173.00,-5.00,-8.00,0.00,0.00
2025-03-04,DL,431,DEN,ATL,0710,1200,170.00,-6.00,-14.00,0.00,0.00
2025-03-04,DL,346,DEN,ATL,1051,1542,171.00,-2.00,-2.00,0.00,0.00
2025-03-04,DL,995,DEN,ATL,1217,1705,168.00,6.00,27.00,0.00,0.00
2025-03-04,DL,396,DEN,ATL,1353,1845,172.00,29.00,26.00,0.00,0.00
2025-03-04,DL,530,DEN,ATL,1530,2029,179.00,-5.00,-15.00,0.00,0.00
2025-03-04,DL,519,DEN,ATL,1654,2150,176.00,-8.00,15.00,0.00,0.00
2025-03-04,DL,390,LAX,ATL,0615,1324,249.00,6.00,-5.00,0.00,0.00
2025-03-04,DL,327,LAX,ATL,0715,1425,250.00,-7.00,-14.00,0.00,0.00
2025-03-04,DL,515,LAX,ATL,0825,1535,250.00,-8.00,-3.00,0.00,0.00
2025-03-04,DL,528,LAX,ATL,1056,1813,257.00,1.00,13.00,0.00,0.00
2025-03-04,DL,395,LAX,ATL,1224,1929,245.00,9.00,-6.00,0.00,0.00
2025-03-04,DL,715,LAX,ATL,1415,2132,257.00,-3.00,-5.00,0.00,0.00
2025-03-04,DL,471,LAX,ATL,1730,0039,249.00,-9.00,,0.00,1.00
2025-03-04,DL,899,LAX,ATL,2155,0504,249.00,-7.00,-13.00,0.00,0.00
2025-03-04,DL,446,LAX,ATL,2255,0600,245.00,-3.00,-22.00,0.00,0.00
2025-03-04,DL,1264,ORD,ATL,0545,0853,128.00,-4.00,-17.00,0.00,0.00
2025-03-04,DL,1247,ORD,ATL,0705,1013,128.00,-12.00,7.00,0.00,0.00
2025-03-04,DL,1178,ORD,ATL,0938,1240,122.00,-5.00,11.00,0.00,0.00
2025-03-04,DL,1147,ORD,ATL,1115,1413,118.00,-6.00,15.00,0.00,0.00
2025-03-04,DL,1477,ORD,ATL,1459,1757,118.00,-1.00,7.00,0.00,0.00
2025-03-04,DL,976,ORD,ATL,1713,2019,126.00,0.00,22.00,0.00,0.00
2025-03-04,DL,569,SEA,ATL,0615,1358,283.00,9.00,16.00,0.00,0.00
2025-03-04,DL,562,SEA,ATL,0845,1631,286.00,0.00,-3.00,0.00,0.00
2025-03-04,DL,542,SEA,ATL,1200,1958,298.00,-4.00,-9.00,0.00,0.00
2025-03-04,DL,567,SEA,ATL,1605,2350,285.00,-8.00,22.00,0.00,0.00
2025-03-04,DL,652,SEA,ATL,2305,0647,282.00,-1.00,-18.00,0.00,0.00
2025-03-05,DL,849,ATL,BOS,0710,0947,157.00,-7.00,-19.00,0.00,0.00
2025-03-05,DL,996,ATL,LAX,0730,0945,315.00,5.00,-8.00,0.00,0.00
2025-03-05,DL,1178,ATL,ORD,0730,0838,128.00,-1.00,-25.00,0.00,0.00
2025-03-05,DL,444,ATL,SEA,0758,1045,347.00,4.00,-16.00,0.00,0.00
2025-03-05,DL,346,ATL,DEN,0820,0946,206.00,-1.00,-5.00,0.00,0.00
2025-03-05,DL,898,ATL,LAX,0855,1055,300.00,1.00,-3.00,0.00,0.00
2025-03-05,DL,1147,ATL,ORD,0904,1010,126.00,22.00,4.00,0.00,0.00
2025-03-05,DL,995,ATL,DEN,0945,1112,207.00,-3.00,14.00,0.00,0.00
2025-03-05,DL,774,ATL,SEA,0945,1231,346.00,19.00,-10.00,0.00,0.00
2025-03-05,DL,855,ATL,BOS,1000,1237,157.00,6.00,13.00,0.00,0.00
2025-03-05,DL,501,ATL,LAX,1039,1250,311.00,43.00,34.00,0.00,0.00
2025-03-05,DL,862,ATL,BOS,1110,1344,154.00,-7.00,-15.00,0.00,0.00
2025-03-05,DL,396,ATL,DEN,1121,1248,207.00,-6.00,-16.00,0.00,0.00
2025-03-05,DL,629,ATL,SEA,1138,1418,340.00,1.00,-1.00,0.00,0.00
2025-03-05,DL,350,ATL,BOS,1215,1449,154.00,-2.00,-17.00,0.00,0.00
2025-03-05,DL,895,ATL,LAX,1240,1444,304.00,6.00,6.00,0.00,0.00
2025-03-05,DL,530,ATL,DEN,1305,1425,200.00,1.00,-2.00,0.00,0.00
2025-03-05,DL,1477,ATL,ORD,1309,1410,121.00,90.00,80.00,0.00,0.00
2025-03-05,DL,753,ATL,LAX,1410,1619,309.00,26.00,26.00,0.00,0.00
2025-03-05,DL,519,ATL,DEN,1428,1549,201.00,16.00,19.00,0.00,0.00
2025-03-05,DL,726,ATL,BOS,1435,1708,153.00,31.00,33.00,0.00,0.00
2025-03-05,DL,976,ATL,ORD,1445,1543,118.00,1.00,5.00,0.00,0.00
2025-03-05,DL,1219,ATL,LAX,1515,1722,307.00,-7.00,10.00,0.00,0.00
2025-03-05,DL,481,ATL,SEA,1522,1800,338.00,-3.00,-8.00,0.00,0.00
2025-03-05,DL,2738,ATL,ORD,1625,1725,120.00,-2.00,-6.00,0.00,0.00
2025-03-05,DL,301,ATL,LAX,1650,1857,307.00,30.00,41.00,0.00,0.00
2025-03-05,DL,300,ATL,BOS,1755,2031,156.00,0.00,-9.00,0.00,0.00
2025-03-05,DL,746,ATL,DEN,1820,1948,208.00,3.00,16.00,0.00,0.00
2025-03-05,DL,500,ATL,LAX,1825,2040,315.00,3.00,11.00,0.00,0.00
2025-03-05,DL,472,ATL,SEA,1930,2216,346.00,19.00,25.00,0.00,0.00
2025-03-05,DL,1139,ATL,ORD,1945,2046,121.00,-4.00,-5.00,0.00,0.00
2025-03-05,DL,518,ATL,BOS,1954,2230,156.00,8.00,0.00,0.00,0.00
2025-03-05,DL,331,ATL,LAX,2105,2315,310.00,15.00,17.00,0.00,0.00
2025-03-05,DL,493,ATL,DEN,2120,2246,206.00,-4.00,7.00,0.00,0.00
2025-03-05,DL,865,ATL,BOS,2225,0058,153.00,-1.00,-6.00,0.00,0.00
2025-03-05,DL,1199,ATL,ORD,2249,2349,120.00,-4.00,-12.00,0.00,0.00
2025-03-05,DL,695,BOS,ATL,0540,0848,188.00,2.00,-17.00,0.00,0.00
2025-03-05,DL,923,BOS,ATL,0655,1000,185.00,-2.00,-2.00,0.00,0.00
2025-03-05,DL,456,BOS,ATL,0805,1112,187.00,0.00,-19.00,0.00,0.00
2025-03-05,DL,973,BOS,ATL,0945,1249,184.00,4.00,-4.00,0.00,0.00
2025-03-05,DL,376,BOS,ATL,1145,1446,181.00,5.00,-9.00,0.00,0.00
2025-03-05,DL,322,BOS,ATL,1347,1645,178.00,3.00,9.00,0.00,0.00
2025-03-05,DL,399,BOS,ATL,1550,1852,182.00,-3.00,-3.00,0.00,0.00
2025-03-05,DL,385,BOS,ATL,1835,2148,193.00,165.00,139.00,0.00,0.00
2025-03-05,DL,341,DEN,ATL,0600,1053,173.00,23.00,21.00,0.00,0.00
2025-03-05,DL,431,DEN,ATL,0710,1200,170.00,4.00,7.00,0.00,0.00
2025-03-05,DL,346,DEN,ATL,1051,1542,171.00,-1.00,-19.00,0.00,0.00
2025-03-05,DL,995,DEN,ATL,1217,1705,168.00,30.00,5.00,0.00,0.00
2025-03-05,DL,396,DEN,ATL,1353,1845,172.00,3.00,-9.00,0.00,0.00
2025-03-05,DL,530,DEN,ATL,1530,2029,179.00,0.00,-13.00,0.00,0.00
2025-03-05,DL,519,DEN,ATL,1654,2150,176.00,21.00,-3.00,0.00,0.00
2025-03-05,DL,390,LAX,ATL,0615,1324,249.00,6.00,-13.00,0.00,0.00
2025-03-05,DL,327,LAX,ATL,0715,1425,250.00,-3.00,6.00,0.00,0.00
2025-03-05,DL,515,LAX,ATL,0825,1535,250.00,-7.00,-31.00,0.00,0.00
2025-03-05,DL,528,LAX,ATL,1056,1813,257.00,5.00,-15.00,0.00,0.00
2025-03-05,DL,395,LAX,ATL,1224,1929,245.00,117.00,99.00,0.00,0.00
2025-03-05,DL,715,LAX,ATL,1415,2132,257.00,93.00,66.00,0.00,0.00
2025-03-05,DL,471,LAX,ATL,1730,0039,249.00,6.00,-18.00,0.00,0.00
2025-03-05,DL,899,LAX,ATL,2155,0504,249.00,10.00,-17.00,0.00,0.00
2025-03-05,DL,446,LAX,ATL,2255,0600,245.00,13.00,-10.00,0.00,0.00
2025-03-05,DL,1264,ORD,ATL,0545,0853,128.00,-5.00,-23.00,0.00,0.00
2025-03-05,DL,1247,ORD,ATL,0705,1013,128.00,-6.00,-22.00,0.00,0.00
2025-03-05,DL,1178,ORD,ATL,0938,1240,122.00,-2.00,-18.00,0.00,0.00
2025-03-05,DL,1147,ORD,ATL,1120,1418,118.00,-8.00,-22.00,0.00,0.00
2025-03-05,DL,1477,ORD,ATL,1520,1818,118.00,90.00,92.00,0.00,0.00
2025-03-05,DL,976,ORD,ATL,1713,2019,126.00,28.00,32.00,0.00,0.00
2025-03-05,DL,2738,ORD,ATL,1838,2149,131.00,2.00,17.00,0.00,0.00
2025-03-05,DL,569,SEA,ATL,0615,1358,283.00,-2.00,-28.00,0.00,0.00
2025-03-05,DL,562,SEA,ATL,0845,1631,286.00,2.00,-9.00,0.00,0.00
2025-03-05,DL,542,SEA,ATL,1200,1958,298.00,-6.00,-24.00,0.00,0.00
2025-03-05,DL,567,SEA,ATL,1605,2350,285.00,-5.00,-28.00,0.00,0.00
2025-03-05,DL,652,SEA,ATL,2305,0647,282.00,-2.00,-32.00,0.00,0.00
2025-03-06,DL,849,ATL,BOS,0710,0947,157.00,7.00,-4.00,0.00,0.00
2025-03-06,DL,996,ATL,LAX,0730,0945,315.00,8.00,22.00,0.00,0.00
2025-03-06,DL,1178,ATL,ORD,0730,0838,128.00,-3.00,-7.00,0.00,0.00
2025-03-06,DL,444,ATL,SEA,0758,1045,347.00,-5.00,6.00,0.00,0.00
2025-03-06,DL,346,ATL,DEN,0820,0946,206.00,0.00,11.00,0.00,0.00
2025-03-06,DL,1147,ATL,ORD,0835,0942,127.00,18.00,25.00,0.00,0.00
2025-03-06,DL,898,ATL,LAX,0855,1055,300.00,4.00,11.00,0.00,0.00
2025-03-06,DL,995,ATL,DEN,0945,1112,207.00,-2.00,-11.00,0.00,0.00
2025-03-06,DL,774,ATL,SEA,0945,1231,346.00,30.00,24.00,0.00,0.00
2025-03-06,DL,855,ATL,BOS,1000,1237,157.00,5.00,6.00,0.00,0.00
2025-03-06,DL,501,ATL,LAX,1039,1250,311.00,17.00,25.00,0.00,0.00
2025-03-06,DL,862,ATL,BOS,1105,1339,154.00,-2.00,0.00,0.00,0.00
2025-03-06,DL,396,ATL,DEN,1121,1248,207.00,-5.00,-3.00,0.00,0.00
2025-03-06,DL,629,ATL,SEA,1138,1418,340.00,10.00,25.00,0.00,0.00
2025-03-06,DL,350,ATL,BOS,1215,1449,154.00,-4.00,-14.00,0.00,0.00
2025-03-06,DL,895,ATL,LAX,1240,1444,304.00,-3.00,16.00,0.00,0.00
2025-03-06,DL,1477,ATL,ORD,1248,1349,121.00,-4.00,12.00,0.00,0.00
2025-03-06,DL,530,ATL,DEN,1305,1425,200.00,-4.00,-2.00,0.00,0.00
2025-03-06,DL,753,ATL,LAX,1410,1619,309.00,18.00,8.00,0.00,0.00
2025-03-06,DL,519,ATL,DEN,1428,1549,201.00,2.00,13.00,0.00,0.00
2025-03-06,DL,726,ATL,BOS,1435,1708,153.00,69.00,71.00,0.00,0.00
2025-03-06,DL,976,ATL,ORD,1445,1545,120.00,-1.00,10.00,0.00,0.00
2025-03-06,DL,1219,ATL,LAX,1515,1722,307.00,3.00,19.00,0.00,0.00
2025-03-06,DL,481,ATL,SEA,1522,1800,338.00,-3.00,-11.00,0.00,0.00
2025-03-06,DL,821,ATL,BOS,1610,1845,155.00,0.00,-7.00,0.00,0.00
2025-03-06,DL,2738,ATL,ORD,1625,1725,120.00,-1.00,3.00,0.00,0.00
2025-03-06,DL,301,ATL,LAX,1650,1857,307.00,-3.00,1.00,0.00,0.00
2025-03-06,DL,300,ATL,BOS,1755,2031,156.00,6.00,-3.00,0.00,0.00
2025-03-06,DL,746,ATL,DEN,1820,1948,208.00,2.00,2.00,0.00,0.00
2025-03-06,DL,500,ATL,LAX,1825,2040,315.00,-7.00,-4.00,0.00,0.00
2025-03-06,DL,472,ATL,SEA,1930,2216,346.00,8.00,-11.00,0.00,0.00
2025-03-06,DL,1139,ATL,ORD,1945,2046,121.00,-3.00,6.00,0.00,0.00
2025-03-06,DL,518,ATL,BOS,1954,2230,156.00,9.00,5.00,0.00,0.00
2025-03-06,DL,319,ATL,LAX,1955,2205,310.00,59.00,61.00,0.00,0.00
2025-03-06,DL,493,ATL,DEN,2120,2246,206.00,20.00,38.00,0.00,0.00
2025-03-06,DL,331,ATL,LAX,2140,2344,304.00,2.00,15.00,0.00,0.00
2025-03-06,DL,865,ATL,BOS,2225,0058,153.00,7.00,0.00,0.00,0.00
2025-03-06,DL,1199,ATL,ORD,2249,2349,120.00,2.00,7.00,0.00,0.00
2025-03-06,DL,695,BOS,ATL,0540,0848,188.00,-2.00,-8.00,0.00,0.00
2025-03-06,DL,923,BOS,ATL,0655,1000,185.00,-5.00,-28.00,0.00,0.00
2025-03-06,DL,456,BOS,ATL,0805,1112,187.00,-1.00,-28.00,0.00,0.00
2025-03-06,DL,973,BOS,ATL,0945,1249,184.00,3.00,-29.00,0.00,0.00
2025-03-06,DL,376,BOS,ATL,1145,1446,181.00,-5.00,-28.00,0.00,0.00
2025-03-06,DL,322,BOS,ATL,1347,1645,178.00,6.00,-20.00,0.00,0.00
2025-03-06,DL,399,BOS,ATL,1550,1852,182.00,0.00,-27.00,0.00,0.00
2025-03-06,DL,385,BOS,ATL,1819,2134,195.00,82.00,45.00,0.00,0.00
2025-03-06,DL,900,BOS,ATL,2025,2336,191.00,-10.00,-37.00,0.00,0.00
2025-03-06,DL,341,DEN,ATL,0600,1053,173.00,-5.00,-11.00,0.00,0.00
2025-03-06,DL,431,DEN,ATL,0710,1200,170.00,-3.00,-27.00,0.00,0.00
2025-03-06,DL,346,DEN,ATL,1051,1542,171.00,26.00,2.00,0.00,0.00
2025-03-06,DL,995,DEN,ATL,1217,1705,168.00,1.00,-18.00,0.00,0.00
2025-03-06,DL,396,DEN,ATL,1353,1845,172.00,-9.00,-30.00,0.00,0.00
2025-03-06,DL,530,DEN,ATL,1530,2029,179.00,11.00,-14.00,0.00,0.00
2025-03-06,DL,519,DEN,ATL,1654,2150,176.00,4.00,-20.00,0.00,0.00
2025-03-06,DL,390,LAX,ATL,0615,1324,249.00,-2.00,-29.00,0.00,0.00
2025-03-06,DL,327,LAX,ATL,0715,1425,250.00,-3.00,-33.00,0.00,0.00
2025-03-06,DL,515,LAX,ATL,0825,1535,250.00,-1.00,20.00,0.00,0.00
2025-03-06,DL,528,LAX,ATL,1056,1813,257.00,0.00,-24.00,0.00,0.00
2025-03-06,DL,395,LAX,ATL,1224,1929,245.00,9.00,-21.00,0.00,0.00
2025-03-06,DL,715,LAX,ATL,1415,2132,257.00,-5.00,-32.00,0.00,0.00
2025-03-06,DL,471,LAX,ATL,1730,0039,249.00,7.00,-30.00,0.00,0.00
2025-03-06,DL,899,LAX,ATL,2155,0502,247.00,29.00,2.00,0.00,0.00
2025-03-06,DL,446,LAX,ATL,2255,0600,245.00,-2.00,-31.00,0.00,0.00
2025-03-06,DL,320,LAX,ATL,2359,0709,250.00,38.00,18.00,0.00,0.00
2025-03-06,DL,1264,ORD,ATL,0545,0853,128.00,-4.00,-32.00,0.00,0.00
2025-03-06,DL,1247,ORD,ATL,0705,1013,128.00,0.00,-28.00,0.00,0.00
2025-03-06,DL,1178,ORD,ATL,0938,1240,122.00,0.00,-22.00,0.00,0.00
2025-03-06,DL,1147,ORD,ATL,1115,1413,118.00,-8.00,-28.00,0.00,0.00
2025-03-06,DL,1477,ORD,ATL,1459,1757,118.00,13.00,-8.00,0.00,0.00
2025-03-06,DL,976,ORD,ATL,1655,2001,126.00,17.00,-10.00,0.00,0.00
2025-03-06,DL,2738,ORD,ATL,1838,2149,131.00,-2.00,-28.00,0.00,0.00
2025-03-06,DL,569,SEA,ATL,0615,1358,283.00,-3.00,-39.00,0.00,0.00
2025-03-06,DL,562,SEA,ATL,0845,1631,286.00,4.00,-3.00,0.00,0.00
2025-03-06,DL,542,SEA,ATL,1200,1958,298.00,15.00,-17.00,0.00,0.00
2025-03-06,DL,567,SEA,ATL,1605,2350,285.00,-2.00,-22.00,0.00,0.00
2025-03-06,DL,652,SEA,ATL,2305,0647,282.00,-2.00,-17.00,0.00,0.00
2025-03-07,DL,849,ATL,BOS,0710,0947,157.00,-3.00,-4.00,0.00,0.00
2025-03-07,DL,996,ATL,LAX,0730,0945,315.00,-1.00,-11.00,0.00,0.00
2025-03-07,DL,1178,ATL,ORD,0730,0838,128.00,5.00,-4.00,0.00,0.00
2025-03-07,DL,444,ATL,SEA,0758,1045,347.00,-3.00,-22.00,0.00,0.00
2025-03-07,DL,346,ATL,DEN,0820,0946,206.00,33.00,41.00,0.00,0.00
2025-03-07,DL,1147,ATL,ORD,0835,0942,127.00,-1.00,-7.00,0.00,0.00
2025-03-07,DL,898,ATL,LAX,0855,1055,300.00,-4.00,-19.00,0.00,0.00
2025-03-07,DL,995,ATL,DEN,0945,1112,207.00,4.00,22.00,0.00,0.00
2025-03-07,DL,774,ATL,SEA,0945,1231,346.00,-2.00,-20.00,0.00,0.00
2025-03-07,DL,855,ATL,BOS,1000,1237,157.00,7.00,-1.00,0.00,0.00
2025-03-07,DL,501,ATL,LAX,1039,1250,311.00,3.00,0.00,0.00,0.00
2025-03-07,DL,862,ATL,BOS,1110,1344,154.00,7.00,-7.00,0.00,0.00
2025-03-07,DL,396,ATL,DEN,1121,1248,207.00,-3.00,5.00,0.00,0.00
2025-03-07,DL,629,ATL,SEA,1138,1418,340.00,-4.00,-11.00,0.00,0.00
2025-03-07,DL,350,ATL,BOS,1215,1449,154.00,51.00,31.00,0.00,0.00
2025-03-07,DL,895,ATL,LAX,1240,1444,304.00,1.00,3.00,0.00,0.00
2025-03-07,DL,1477,ATL,ORD,1248,1349,121.00,0.00,12.00,0.00,0.00
2025-03-07,DL,530,ATL,DEN,1305,1425,200.00,-4.00,-2.00,0.00,0.00
2025-03-07,DL,753,ATL,LAX,1410,1619,309.00,-5.00,-14.00,0.00,0.00
2025-03-07,DL,519,ATL,DEN,1428,1549,201.00,1.00,5.00,0.00,0.00
2025-03-07,DL,726,ATL,BOS,1435,1708,153.00,75.00,66.00,0.00,0.00
2025-03-07,DL,976,ATL,ORD,1445,1545,120.00,24.00,26.00,0.00,0.00
2025-03-07,DL,1219,ATL,LAX,1515,1722,307.00,-3.00,-6.00,0.00,0.00
2025-03-07,DL,481,ATL,SEA,1522,1800,338.00,-4.00,-25.00,0.00,0.00
2025-03-07,DL,821,ATL,BOS,1610,1845,155.00,63.00,48.00,0.00,0.00
2025-03-07,DL,2738,ATL,ORD,1625,1725,120.00,0.00,8.00,0.00,0.00
2025-03-07,DL,301,ATL,LAX,1650,1857,307.00,0.00,-1.00,0.00,0.00
2025-03-07,DL,300,ATL,BOS,1755,2031,156.00,32.00,20.00,0.00,0.00
2025-03-07,DL,746,ATL,DEN,1820,1948,208.00,-4.00,-6.00,0.00,0.00
2025-03-07,DL,500,ATL,LAX,1825,2040,315.00,-6.00,-18.00,0.00,0.00
2025-03-07,DL,472,ATL,SEA,1930,2216,346.00,-6.00,-17.00,0.00,0.00
2025-03-07,DL,1139,ATL,ORD,1945,2046,121.00,-4.00,-7.00,0.00,0.00
2025-03-07,DL,518,ATL,BOS,1954,2230,156.00,23.00,9.00,0.00,0.00
2025-03-07,DL,319,ATL,LAX,1955,2205,310.00,11.00,21.00,0.00,0.00
2025-03-07,DL,493,ATL,DEN,2120,2246,206.00,0.00,4.00,0.00,0.00
2025-03-07,DL,331,ATL,LAX,2140,2344,304.00,4.00,-2.00,0.00,0.00
2025-03-07,DL,865,ATL,BOS,2225,0058,153.00,3.00,-12.00,0.00,0.00
2025-03-07,DL,1199,ATL,ORD,2249,2349,120.00,-1.00,-3.00,0.00,0.00
2025-03-07,DL,695,BOS,ATL,0540,0848,188.00,-2.00,-29.00,0.00,0.00
2025-03-07,DL,923,BOS,ATL,0655,0957,182.00,0.00,-5.00,0.00,0.00
2025-03-07,DL,456,BOS,ATL,0805,1112,187.00,6.00,-14.00,0.00,0.00
2025-03-07,DL,973,BOS,ATL,0945,1249,184.00,-1.00,-24.00,0.00,0.00
2025-03-07,DL,376,BOS,ATL,1145,1446,181.00,-2.00,-14.00,0.00,0.00
2025-03-07,DL,322,BOS,ATL,1347,1645,178.00,7.00,1.00,0.00,0.00
2025-03-07,DL,399,BOS,ATL,1550,1852,182.00,-7.00,-27.00,0.00,0.00
2025-03-07,DL,385,BOS,ATL,1819,2134,195.00,66.00,33.00,0.00,0.00
2025-03-07,DL,900,BOS,ATL,2025,2336,191.00,35.00,10.00,0.00,0.00
2025-03-07,DL,341,DEN,ATL,0600,1053,173.00,-4.00,-17.00,0.00,0.00
2025-03-07,DL,431,DEN,ATL,0710,1200,170.00,-6.00,-13.00,0.00,0.00
2025-03-07,DL,346,DEN,ATL,1051,1542,171.00,43.00,18.00,0.00,0.00
2025-03-07,DL,995,DEN,ATL,1217,1705,168.00,27.00,11.00,0.00,0.00
2025-03-07,DL,396,DEN,ATL,1353,1845,172.00,-2.00,-13.00,0.00,0.00
2025-03-07,DL,530,DEN,ATL,1530,2029,179.00,-5.00,3.00,0.00,0.00
2025-03-07,DL,519,DEN,ATL,1654,2150,176.00,5.00,0.00,0.00,0.00
2025-03-07,DL,390,LAX,ATL,0615,1324,249.00,-2.00,-22.00,0.00,0.00
2025-03-07,DL,327,LAX,ATL,0715,1425,250.00,53.00,24.00,0.00,0.00
2025-03-07,DL,515,LAX,ATL,0825,1535,250.00,-1.00,-13.00,0.00,0.00
2025-03-07,DL,528,LAX,ATL,1056,1813,257.00,9.00,-26.00,0.00,0.00
2025-03-07,DL,395,LAX,ATL,1224,1929,245.00,-3.00,-29.00,0.00,0.00
2025-03-07,DL,715,LAX,ATL,1415,2132,257.00,-1.00,-34.00,0.00,0.00
2025-03-07,DL,471,LAX,ATL,1730,0039,249.00,-8.00,-32.00,0.00,0.00
2025-03-07,DL,899,LAX,ATL,2155,0502,247.00,0.00,-17.00,0.00,0.00
2025-03-07,DL,446,LAX,ATL,2255,0600,245.00,-5.00,-15.00,0.00,0.00
2025-03-07,DL,320,LAX,ATL,2359,0709,250.00,-2.00,-9.00,0.00,0.00
2025-03-07,DL,1264,ORD,ATL,0545,0853,128.00,-6.00,-34.00,0.00,0.00
2025-03-07,DL,1247,ORD,ATL,0705,1013,128.00,1.00,-27.00,0.00,0.00
2025-03-07,DL,1178,ORD,ATL,0938,1240,122.00,-2.00,-19.00,0.00,0.00
2025-03-07,DL,1147,ORD,ATL,1115,1413,118.00,-4.00,-5.00,0.00,0.00
2025-03-07,DL,1477,ORD,ATL,1459,1757,118.00,8.00,18.00,0.00,0.00
2025-03-07,DL,976,ORD,ATL,1655,2001,126.00,26.00,18.00,0.00,0.00
2025-03-07,DL,2738,ORD,ATL,1838,2149,131.00,2.00,-5.00,0.00,0.00
2025-03-07,DL,569,SEA,ATL,0615,1358,283.00,-1.00,-9.00,0.00,0.00
2025-03-07,DL,562,SEA,ATL,0845,1631,286.00,22.00,-10.00,0.00,0.00
2025-03-07,DL,542,SEA,ATL,1200,1958,298.00,-5.00,-34.00,0.00,0.00
2025-03-07,DL,567,SEA,ATL,1605,2350,285.00,-6.00,-25.00,0.00,0.00
2025-03-07,DL,652,SEA,ATL,2305,0647,282.00,3.00,-17.00,0.00,0.00
2025-03-08,DL,849,ATL,BOS,0700,0935,155.00,-4.00,-18.00,0.00,0.00
2025-03-08,DL,996,ATL,LAX,0730,0945,315.00,-5.00,-20.00,0.00,0.00
2025-03-08,DL,444,ATL,SEA,0758,1045,347.00,-3.00,2.00,0.00,0.00
2025-03-08,DL,346,ATL,DEN,0820,0946,206.00,0.00,4.00,0.00,0.00
2025-03-08,DL,1147,ATL,ORD,0835,0942,127.00,32.00,24.00,0.00,0.00
2025-03-08,DL,898,ATL,LAX,0855,1055,300.00,1.00,-10.00,0.00,0.00
2025-03-08,DL,995,ATL,DEN,0945,1112,207.00,-1.00,6.00,0.00,0.00
2025-03-08,DL,774,ATL,SEA,0945,1231,346.00,0.00,-8.00,0.00,0.00
2025-03-08,DL,855,ATL,BOS,1000,1238,158.00,-2.00,-22.00,0.00,0.00
2025-03-08,DL,501,ATL,LAX,1039,1250,311.00,9.00,3.00,0.00,0.00
2025-03-08,DL,862,ATL,BOS,1105,1339,154.00,-5.00,-24.00,0.00,0.00
2025-03-08,DL,396,ATL,DEN,1121,1248,207.00,-7.00,0.00,0.00,0.00
2025-03-08,DL,629,ATL,SEA,1138,1418,340.00,-3.00,-9.00,0.00,0.00
2025-03-08,DL,895,ATL,LAX,1240,1444,304.00,-2.00,-11.00,0.00,0.00
2025-03-08,DL,1477,ATL,ORD,1240,1342,122.00,-3.00,-9.00,0.00,0.00
2025-03-08,DL,530,ATL,DEN,1305,1425,200.00,0.00,5.00,0.00,0.00
2025-03-08,DL,753,ATL,LAX,1410,1619,309.00,-7.00,-28.00,0.00,0.00
2025-03-08,DL,519,ATL,DEN,1428,1549,201.00,6.00,5.00,0.00,0.00
2025-03-08,DL,976,ATL,ORD,1445,1543,118.00,-5.00,-5.00,0.00,0.00
2025-03-08,DL,726,ATL,BOS,1447,1720,153.00,-2.00,-20.00,0.00,0.00
2025-03-08,DL,1219,ATL,LAX,1515,1722,307.00,0.00,-30.00,0.00,0.00
2025-03-08,DL,481,ATL,SEA,1545,1827,342.00,10.00,-3.00,0.00,0.00
2025-03-08,DL,301,ATL,LAX,1650,1857,307.00,-5.00,-26.00,0.00,0.00
2025-03-08,DL,2879,ATL,ORD,1740,1847,127.00,-4.00,10.00,0.00,0.00
2025-03-08,DL,300,ATL,BOS,1755,2031,156.00,1.00,-21.00,0.00,0.00
2025-03-08,DL,746,ATL,DEN,1820,1948,208.00,-5.00,-14.00,0.00,0.00
2025-03-08,DL,500,ATL,LAX,1830,2042,312.00,-2.00,-29.00,0.00,0.00
2025-03-08,DL,472,ATL,SEA,1923,2207,344.00,25.00,5.00,0.00,0.00
2025-03-08,DL,518,ATL,BOS,1954,2230,156.00,-3.00,-15.00,0.00,0.00
2025-03-08,DL,331,ATL,LAX,2059,2310,311.00,-1.00,-12.00,0.00,0.00
2025-03-08,DL,8785,ATL,BOS,2115,2351,156.00,5.00,-9.00,0.00,0.00
2025-03-08,DL,493,ATL,DEN,2120,2246,206.00,-8.00,-14.00,0.00,0.00
2025-03-08,DL,865,ATL,BOS,2225,0058,153.00,11.00,-12.00,0.00,0.00
2025-03-08,DL,1199,ATL,ORD,2249,2349,120.00,16.00,16.00,0.00,0.00
2025-03-08,DL,695,BOS,ATL,0540,0848,188.00,-2.00,-7.00,0.00,0.00
2025-03-08,DL,923,BOS,ATL,0655,1000,185.00,2.00,-5.00,0.00,0.00
2025-03-08,DL,456,BOS,ATL,0805,1112,187.00,-5.00,-11.00,0.00,0.00
2025-03-08,DL,973,BOS,ATL,0945,1249,184.00,-2.00,-19.00,0.00,0.00
2025-03-08,DL,376,BOS,ATL,1200,1500,180.00,0.00,-10.00,0.00,0.00
2025-03-08,DL,399,BOS,ATL,1550,1852,182.00,-3.00,-25.00,0.00,0.00
2025-03-08,DL,385,BOS,ATL,1835,2148,193.00,5.00,-23.00,0.00,0.00
2025-03-08,DL,341,DEN,ATL,0600,1053,173.00,-6.00,-1.00,0.00,0.00
2025-03-08,DL,431,DEN,ATL,0710,1200,170.00,-3.00,-4.00,0.00,0.00
2025-03-08,DL,346,DEN,ATL,1051,1542,171.00,16.00,-3.00,0.00,0.00
2025-03-08,DL,995,DEN,ATL,1217,1705,168.00,18.00,1.00,0.00,0.00
2025-03-08,DL,396,DEN,ATL,1353,1845,172.00,-2.00,-15.00,0.00,0.00
2025-03-08,DL,530,DEN,ATL,1530,2029,179.00,7.00,11.00,0.00,0.00
2025-03-08,DL,519,DEN,ATL,1654,2150,176.00,-9.00,-23.00,0.00,0.00
2025-03-08,DL,390,LAX,ATL,0615,1324,249.00,-4.00,-12.00,0.00,0.00
2025-03-08,DL,327,LAX,ATL,0715,1425,250.00,-2.00,-20.00,0.00,0.00
2025-03-08,DL,515,LAX,ATL,0825,1535,250.00,-2.00,-22.00,0.00,0.00
2025-03-08,DL,528,LAX,ATL,1056,1813,257.00,21.00,-1.00,0.00,0.00
2025-03-08,DL,395,LAX,ATL,1224,1929,245.00,24.00,8.00,0.00,0.00
2025-03-08,DL,715,LAX,ATL,1415,2132,257.00,49.00,22.00,0.00,0.00
2025-03-08,DL,471,LAX,ATL,1730,0039,249.00,-16.00,-17.00,0.00,0.00
2025-03-08,DL,446,LAX,ATL,2155,0604,249.00,-5.00,-13.00,0.00,0.00
2025-03-08,DL,899,LAX,ATL,2255,0658,243.00,-1.00,-6.00,0.00,0.00
2025-03-08,DL,1264,ORD,ATL,0545,0853,128.00,-3.00,-18.00,0.00,0.00
2025-03-08,DL,1247,ORD,ATL,0705,1013,128.00,-5.00,-4.00,0.00,0.00
2025-03-08,DL,1147,ORD,ATL,1115,1413,118.00,-5.00,-21.00,0.00,0.00
2025-03-08,DL,1477,ORD,ATL,1455,1752,117.00,-6.00,-22.00,0.00,0.00
2025-03-08,DL,976,ORD,ATL,1713,2020,127.00,346.00,325.00,0.00,0.00
2025-03-08,DL,569,SEA,ATL,0615,1358,283.00,2.00,-20.00,0.00,0.00
2025-03-08,DL,562,SEA,ATL,0835,1621,286.00,-3.00,-22.00,0.00,0.00
2025-03-08,DL,542,SEA,ATL,1200,1958,298.00,3.00,-23.00,0.00,0.00
2025-03-08,DL,567,SEA,ATL,1605,2350,285.00,-8.00,-12.00,0.00,0.00
2025-03-08,DL,652,SEA,ATL,2305,0747,282.00,103.00,83.00,0.00,0.00
2025-03-09,DL,987,ATL,BOS,0700,0934,154.00,-7.00,-34.00,0.00,0.00
2025-03-09,DL,996,ATL,LAX,0730,0935,305.00,13.00,-22.00,0.00,0.00
2025-03-09,DL,1178,ATL,ORD,0730,0837,127.00,-7.00,-19.00,0.00,0.00
2025-03-09,DL,444,ATL,SEA,0759,1035,336.00,11.00,-6.00,0.00,0.00
2025-03-09,DL,346,ATL,DEN,0810,0930,200.00,-6.00,-18.00,0.00,0.00
2025-03-09,DL,849,ATL,BOS,0815,1050,155.00,-3.00,-32.00,0.00,0.00
2025-03-09,DL,1147,ATL,ORD,0830,0935,125.00,-5.00,-13.00,0.00,0.00
2025-03-09,DL,898,ATL,LAX,0855,1104,309.00,-6.00,-34.00,0.00,0.00
2025-03-09,DL,774,ATL,SEA,0945,1230,345.00,-7.00,-25.00,0.00,0.00
2025-03-09,DL,2181,ATL,DEN,0950,1115,205.00,18.00,24.00,0.00,0.00
2025-03-09,DL,501,ATL,LAX,1000,1200,300.00,16.00,6.00,0.00,0.00
2025-03-09,DL,855,ATL,BOS,1010,1247,157.00,144.00,123.00,0.00,0.00
2025-03-09,DL,530,ATL,DEN,1107,1230,203.00,-3.00,-21.00,0.00,0.00
2025-03-09,DL,862,ATL,BOS,1110,1338,148.00,3.00,-15.00,0.00,0.00
2025-03-09,DL,629,ATL,SEA,1145,1422,337.00,21.00,9.00,0.00,0.00
2025-03-09,DL,350,ATL,BOS,1215,1445,150.00,-2.00,-17.00,0.00,0.00
2025-03-09,DL,1477,ATL,ORD,1215,1320,125.00,-4.00,-18.00,0.00,0.00
2025-03-09,DL,895,ATL,LAX,1249,1452,303.00,-2.00,-29.00,0.00,0.00
2025-03-09,DL,1675,ATL,DEN,1319,1437,198.00,-1.00,-7.00,0.00,0.00
2025-03-09,DL,726,ATL,BOS,1348,1622,154.00,-2.00,-27.00,0.00,0.00
2025-03-09,DL,519,ATL,DEN,1424,1544,200.00,2.00,-9.00,0.00,0.00
2025-03-09,DL,753,ATL,LAX,1430,1629,299.00,7.00,-20.00,0.00,0.00
2025-03-09,DL,821,ATL,BOS,1505,1735,150.00,0.00,-21.00,0.00,0.00
2025-03-09,DL,2738,ATL,ORD,1515,1620,125.00,34.00,19.00,0.00,0.00
2025-03-09,DL,1219,ATL,LAX,1535,1740,305.00,27.00,-6.00,0.00,0.00
2025-03-09,DL,481,ATL,SEA,1555,1832,337.00,2.00,-12.00,0.00,0.00
2025-03-09,DL,301,ATL,LAX,1645,1843,298.00,1.00,-21.00,0.00,0.00
2025-03-09,DL,2879,ATL,ORD,1745,1856,131.00,-4.00,-1.00,0.00,0.00
2025-03-09,DL,300,ATL,BOS,1759,2035,156.00,41.00,24.00,0.00,0.00
2025-03-09,DL,746,ATL,DEN,1759,1921,202.00,-5.00,21.00,0.00,0.00
2025-03-09,DL,500,ATL,LAX,1836,2042,306.00,-6.00,-12.00,0.00,0.00
2025-03-09,DL,472,ATL,SEA,1931,2208,337.00,25.00,28.00,0.00,0.00
2025-03-09,DL,518,ATL,BOS,1954,2229,155.00,31.00,8.00,0.00,0.00
2025-03-09,DL,493,ATL,DEN,1954,2117,203.00,-2.00,-12.00,0.00,0.00
2025-03-09,DL,1139,ATL,ORD,1954,2058,124.00,57.00,47.00,0.00,0.00
2025-03-09,DL,319,ATL,LAX,1959,2205,306.00,37.00,20.00,0.00,0.00
2025-03-09,DL,903,ATL,SEA,2119,2356,337.00,-5.00,-27.00,0.00,0.00
2025-03-09,DL,956,ATL,DEN,2120,2244,204.00,-6.00,-18.00,0.00,0.00
2025-03-09,DL,331,ATL,LAX,2157,0005,308.00,-1.00,-25.00,0.00,0.00
2025-03-09,DL,865,ATL,BOS,2230,0105,155.00,16.00,-1.00,0.00,0.00
2025-03-09,DL,1199,ATL,ORD,2255,2356,121.00,13.00,-4.00,0.00,0.00
2025-03-09,DL,695,BOS,ATL,0540,0842,182.00,41.00,36.00,0.00,0.00
2025-03-09,DL,923,BOS,ATL,0650,0949,179.00,-6.00,-9.00,0.00,0.00
2025-03-09,DL,456,BOS,ATL,0820,1119,179.00,0.00,-2.00,0.00,0.00
2025-03-09,DL,973,BOS,ATL,1045,1342,177.00,7.00,9.00,0.00,0.00
2025-03-09,DL,376,BOS,ATL,1205,1502,177.00,-1.00,10.00,0.00,0.00
2025-03-09,DL,322,BOS,ATL,1400,1652,172.00,127.00,141.00,0.00,0.00
2025-03-09,DL,638,BOS,ATL,1555,1851,176.00,-1.00,14.00,0.00,0.00
2025-03-09,DL,399,BOS,ATL,1732,2035,183.00,1.00,2.00,0.00,0.00
2025-03-09,DL,385,BOS,ATL,1845,2150,185.00,-2.00,-1.00,0.00,0.00
2025-03-09,DL,900,BOS,ATL,2040,2342,182.00,0.00,7.00,0.00,0.00
2025-03-09,DL,302,DEN,ATL,0055,0645,170.00,-5.00,-8.00,0.00,0.00
2025-03-09,DL,341,DEN,ATL,0600,1052,172.00,-7.00,-13.00,0.00,0.00
2025-03-09,DL,431,DEN,ATL,0710,1202,172.00,0.00,-8.00,0.00,0.00
2025-03-09,DL,346,DEN,ATL,1035,1525,170.00,-4.00,-4.00,0.00,0.00
2025-03-09,DL,995,DEN,ATL,1220,1710,170.00,20.00,10.00,0.00,0.00
2025-03-09,DL,706,DEN,ATL,1335,1824,169.00,-6.00,-10.00,0.00,0.00
2025-03-09,DL,957,DEN,ATL,1542,2034,172.00,0.00,-2.00,0.00,0.00
2025-03-09,DL,840,DEN,ATL,1649,2150,181.00,-6.00,-15.00,0.00,0.00
2025-03-09,DL,390,LAX,ATL,0600,1313,253.00,6.00,4.00,0.00,0.00
2025-03-09,DL,515,LAX,ATL,0715,1424,249.00,6.00,27.00,0.00,0.00
2025-03-09,DL,327,LAX,ATL,0820,1530,250.00,-3.00,1.00,0.00,0.00
2025-03-09,DL,528,LAX,ATL,1100,1813,253.00,11.00,15.00,0.00,0.00
2025-03-09,DL,446,LAX,ATL,1330,2034,244.00,4.00,19.00,0.00,0.00
2025-03-09,DL,715,LAX,ATL,1430,2143,253.00,3.00,9.00,0.00,0.00
2025-03-09,DL,395,LAX,ATL,1740,0048,248.00,14.00,-2.00,0.00,0.00
2025-03-09,DL,471,LAX,ATL,2155,0505,250.00,-4.00,-8.00,0.00,0.00
2025-03-09,DL,899,LAX,ATL,2255,0606,251.00,-5.00,4.00,0.00,0.00
2025-03-09,DL,320,LAX,ATL,2359,0712,253.00,54.00,48.00,0.00,0.00
2025-03-09,DL,1264,ORD,ATL,0545,0848,123.00,0.00,-17.00,0.00,0.00
2025-03-09,DL,1247,ORD,ATL,0705,1008,123.00,-1.00,-15.00,0.00,0.00
2025-03-09,DL,1178,ORD,ATL,0947,1250,123.00,-3.00,-9.00,0.00,0.00
2025-03-09,DL,1147,ORD,ATL,1047,1348,121.00,-3.00,-18.00,0.00,0.00
2025-03-09,DL,1477,ORD,ATL,1430,1724,114.00,2.00,-2.00,0.00,0.00
2025-03-09,DL,2738,ORD,ATL,1730,2035,125.00,12.00,-5.00,0.00,0.00
2025-03-09,DL,2879,ORD,ATL,2010,2322,132.00,-5.00,-33.00,0.00,0.00
2025-03-09,DL,569,SEA,ATL,0600,1346,286.00,-5.00,-11.00,0.00,0.00
2025-03-09,DL,562,SEA,ATL,0845,1633,288.00,-9.00,-23.00,0.00,0.00
2025-03-09,DL,542,SEA,ATL,1200,1957,297.00,-6.00,-17.00,0.00,0.00
2025-03-09,DL,560,SEA,ATL,1550,2339,289.00,11.00,7.00,0.00,0.00
2025-03-09,DL,567,SEA,ATL,2230,0613,283.00,5.00,-9.00,0.00,0.00
2025-03-09,DL,652,SEA,ATL,2330,0709,279.00,14.00,5.00,0.00,0.00
2025-03-10,DL,987,ATL,BOS,0700,0934,154.00,-3.00,-20.00,0.00,0.00
2025-03-10,DL,996,ATL,LAX,0730,0935,305.00,-1.00,-18.00,0.00,0.00
2025-03-10,DL,1178,ATL,ORD,0730,0837,127.00,-1.00,-9.00,0.00,0.00
2025-03-10,DL,444,ATL,SEA,0759,1035,336.00,-3.00,-20.00,0.00,0.00
2025-03-10,DL,346,ATL,DEN,0810,0930,200.00,20.00,7.00,0.00,0.00
2025-03-10,DL,849,ATL,BOS,0815,1050,155.00,-9.00,-27.00,0.00,0.00
2025-03-10,DL,898,ATL,LAX,0855,1104,309.00,1.00,-33.00,0.00,0.00
2025-03-10,DL,1147,ATL,ORD,0905,1012,127.00,5.00,-4.00,0.00,0.00
2025-03-10,DL,774,ATL,SEA,0945,1230,345.00,-1.00,-17.00,0.00,0.00
2025-03-10,DL,2181,ATL,DEN,0950,1115,205.00,-1.00,-16.00,0.00,0.00
2025-03-10,DL,501,ATL,LAX,1000,1200,300.00,22.00,14.00,0.00,0.00
2025-03-10,DL,855,ATL,BOS,1010,1247,157.00,0.00,-21.00,0.00,0.00
2025-03-10,DL,530,ATL,DEN,1107,1230,203.00,-8.00,-19.00,0.00,0.00
2025-03-10,DL,862,ATL,BOS,1110,1338,148.00,133.00,117.00,0.00,0.00
2025-03-10,DL,629,ATL,SEA,1145,1422,337.00,-3.00,-10.00,0.00,0.00
2025-03-10,DL,350,ATL,BOS,1215,1445,150.00,3.00,-6.00,0.00,0.00
2025-03-10,DL,1477,ATL,ORD,1215,1320,125.00,-5.00,-14.00,0.00,0.00
2025-03-10,DL,895,ATL,LAX,1249,1452,303.00,10.00,-29.00,0.00,0.00
2025-03-10,DL,1675,ATL,DEN,1319,1437,198.00,39.00,20.00,0.00,0.00
2025-03-10,DL,726,ATL,BOS,1348,1622,154.00,-1.00,-16.00,0.00,0.00
2025-03-10,DL,519,ATL,DEN,1424,1544,200.00,10.00,-3.00,0.00,0.00
2025-03-10,DL,753,ATL,LAX,1430,1629,299.00,12.00,-5.00,0.00,0.00
2025-03-10,DL,821,ATL,BOS,1505,1735,150.00,-4.00,-12.00,0.00,0.00
2025-03-10,DL,2738,ATL,ORD,1515,1620,125.00,0.00,-8.00,0.00,0.00
2025-03-10,DL,1219,ATL,LAX,1535,1740,305.00,0.00,-16.00,0.00,0.00
2025-03-10,DL,481,ATL,SEA,1555,1832,337.00,3.00,-17.00,0.00,0.00
2025-03-10,DL,301,ATL,LAX,1645,1843,298.00,-4.00,-22.00,0.00,0.00
2025-03-10,DL,2879,ATL,ORD,1745,1856,131.00,19.00,15.00,0.00,0.00
2025-03-10,DL,300,ATL,BOS,1759,2035,156.00,-2.00,-9.00,0.00,0.00
2025-03-10,DL,746,ATL,DEN,1759,1921,202.00,-9.00,-28.00,0.00,0.00
2025-03-10,DL,500,ATL,LAX,1836,2042,306.00,33.00,5.00,0.00,0.00
2025-03-10,DL,472,ATL,SEA,1931,2208,337.00,-8.00,-24.00,0.00,0.00
2025-03-10,DL,518,ATL,BOS,1954,2229,155.00,-3.00,-10.00,0.00,0.00
2025-03-10,DL,493,ATL,DEN,1954,2117,203.00,-10.00,-25.00,0.00,0.00
2025-03-10,DL,1139,ATL,ORD,1954,2058,124.00,4.00,-5.00,0.00,0.00
2025-03-10,DL,319,ATL,LAX,1959,2205,306.00,85.00,53.00,0.00,0.00
2025-03-10,DL,903,ATL,SEA,2119,2356,337.00,0.00,-16.00,0.00,0.00
2025-03-10,DL,956,ATL,DEN,2120,2244,204.00,-6.00,-9.00,0.00,0.00
2025-03-10,DL,331,ATL,LAX,2157,0005,308.00,7.00,-20.00,0.00,0.00
2025-03-10,DL,865,ATL,BOS,2230,0105,155.00,0.00,-7.00,0.00,0.00
2025-03-10,DL,1199,ATL,ORD,2255,2356,121.00,-1.00,-6.00,0.00,0.00
2025-03-10,DL,695,BOS,ATL,0540,0842,182.00,-9.00,4.00,0.00,0.00
2025-03-10,DL,923,BOS,ATL,0650,0949,179.00,-4.00,0.00,0.00,0.00
2025-03-10,DL,456,BOS,ATL,0820,1119,179.00,-6.00,5.00,0.00,0.00
2025-03-10,DL,973,BOS,ATL,1045,1342,177.00,3.00,-9.00,0.00,0.00
2025-03-10,DL,376,BOS,ATL,1205,1502,177.00,-9.00,-14.00,0.00,0.00
2025-03-10,DL,322,BOS,ATL,1400,1652,172.00,-6.00,-17.00,0.00,0.00
2025-03-10,DL,638,BOS,ATL,1555,1851,176.00,-1.00,-18.00,0.00,0.00
2025-03-10,DL,399,BOS,ATL,1732,2035,183.00,-9.00,-35.00,0.00,0.00
2025-03-10,DL,385,BOS,ATL,1845,2150,185.00,-8.00,-32.00,0.00,0.00
2025-03-10,DL,900,BOS,ATL,2040,2342,182.00,-7.00,-32.00,0.00,0.00
2025-03-10,DL,302,DEN,ATL,0055,0545,170.00,-20.00,-20.00,0.00,0.00
2025-03-10,DL,341,DEN,ATL,0600,1052,172.00,-7.00,-12.00,0.00,0.00
2025-03-10,DL,431,DEN,ATL,0710,1200,170.00,0.00,2.00,0.00,0.00
2025-03-10,DL,346,DEN,ATL,1035,1525,170.00,16.00,5.00,0.00,0.00
2025-03-10,DL,995,DEN,ATL,1220,1710,170.00,-9.00,-17.00,0.00,0.00
2025-03-10,DL,706,DEN,ATL,1335,1824,169.00,-3.00,-8.00,0.00,0.00
2025-03-10,DL,957,DEN,ATL,1542,2034,172.00,34.00,24.00,0.00,0.00
2025-03-10,DL,840,DEN,ATL,1649,2150,181.00,-2.00,-19.00,0.00,0.00
2025-03-10,DL,390,LAX,ATL,0600,1313,253.00,-2.00,17.00,0.00,0.00
2025-03-10,DL,515,LAX,ATL,0715,1424,249.00,-4.00,-7.00,0.00,0.00
2025-03-10,DL,327,LAX,ATL,0820,1530,250.00,-8.00,-7.00,0.00,0.00
2025-03-10,DL,528,LAX,ATL,1100,1813,253.00,-5.00,-14.00,0.00,0.00
2025-03-10,DL,446,LAX,ATL,1330,2034,244.00,10.00,-7.00,0.00,0.00
2025-03-10,DL,715,LAX,ATL,1430,2143,253.00,12.00,6.00,0.00,0.00
2025-03-10,DL,395,LAX,ATL,1740,0048,248.00,-6.00,-26.00,0.00,0.00
2025-03-10,DL,471,LAX,ATL,2155,0505,250.00,8.00,-5.00,0.00,0.00
2025-03-10,DL,899,LAX,ATL,2255,0606,251.00,-10.00,-31.00,0.00,0.00
2025-03-10,DL,320,LAX,ATL,2359,0712,253.00,-3.00,-17.00,0.00,0.00
2025-03-10,DL,1264,ORD,ATL,0545,0848,123.00,-6.00,-22.00,0.00,0.00
2025-03-10,DL,1247,ORD,ATL,0705,1008,123.00,-11.00,-23.00,0.00,0.00
2025-03-10,DL,1178,ORD,ATL,0947,1250,123.00,-6.00,-25.00,0.00,0.00
2025-03-10,DL,1147,ORD,ATL,1130,1427,117.00,0.00,-7.00,0.00,0.00
2025-03-10,DL,1477,ORD,ATL,1430,1724,114.00,4.00,-3.00,0.00,0.00
2025-03-10,DL,2738,ORD,ATL,1730,2035,125.00,-4.00,-21.00,0.00,0.00
2025-03-10,DL,2879,ORD,ATL,2010,2322,132.00,-10.00,-39.00,0.00,0.00
2025-03-10,DL,569,SEA,ATL,0600,1346,286.00,7.00,9.00,0.00,0.00
2025-03-10,DL,562,SEA,ATL,0845,1633,288.00,15.00,-4.00,0.00,0.00
2025-03-10,DL,542,SEA,ATL,1200,1957,297.00,-5.00,-8.00,0.00,0.00
2025-03-10,DL,560,SEA,ATL,1550,2339,289.00,-2.00,-23.00,0.00,0.00
2025-03-10,DL,567,SEA,ATL,2230,0613,283.00,-9.00,-32.00,0.00,0.00
2025-03-10,DL,652,SEA,ATL,2330,0709,279.00,-2.00,-23.00,0.00,0.00
2025-03-11,DL,987,ATL,BOS,0700,0934,154.00,-5.00,-12.00,0.00,0.00
2025-03-11,DL,996,ATL,LAX,0730,0935,305.00,-5.00,-19.00,0.00,0.00
2025-03-11,DL,1178,ATL,ORD,0730,0837,127.00,-6.00,-11.00,0.00,0.00
2025-03-11,DL,444,ATL,SEA,0759,1035,336.00,0.00,-10.00,0.00,0.00
2025-03-11,DL,346,ATL,DEN,0810,0930,200.00,-1.00,-5.00,0.00,0.00
2025-03-11,DL,849,ATL,BOS,0815,1050,155.00,-2.00,3.00,0.00,0.00
2025-03-11,DL,898,ATL,LAX,0855,1104,309.00,-8.00,-19.00,0.00,0.00
2025-03-11,DL,1147,ATL,ORD,0905,1012,127.00,-7.00,-16.00,0.00,0.00
2025-03-11,DL,774,ATL,SEA,0945,1230,345.00,0.00,-15.00,0.00,0.00
2025-03-11,DL,2181,ATL,DEN,0950,1115,205.00,14.00,-6.00,0.00,0.00
2025-03-11,DL,501,ATL,LAX,1000,1200,300.00,83.00,78.00,0.00,0.00
2025-03-11,DL,855,ATL,BOS,1010,1241,151.00,-7.00,-9.00,0.00,0.00
2025-03-11,DL,530,ATL,DEN,1107,1230,203.00,-7.00,-25.00,0.00,0.00
2025-03-11,DL,862,ATL,BOS,1115,1349,154.00,-5.00,-12.00,0.00,0.00
2025-03-11,DL,629,ATL,SEA,1145,1422,337.00,-2.00,-10.00,0.00,0.00
2025-03-11,DL,350,ATL,BOS,1215,1445,150.00,-2.00,-7.00,0.00,0.00
2025-03-11,DL,1477,ATL,ORD,1240,1345,125.00,-1.00,-8.00,0.00,0.00
2025-03-11,DL,895,ATL,LAX,1249,1452,303.00,-3.00,-6.00,0.00,0.00
2025-03-11,DL,1675,ATL,DEN,1319,1437,198.00,-2.00,-10.00,0.00,0.00
2025-03-11,DL,726,ATL,BOS,1348,1622,154.00,3.00,-5.00,0.00,0.00
2025-03-11,DL,753,ATL,LAX,1430,1629,299.00,-1.00,4.00,0.00,0.00
2025-03-11,DL,2738,ATL,ORD,1515,1620,125.00,-5.00,-7.00,0.00,0.00
2025-03-11,DL,1219,ATL,LAX,1535,1740,305.00,-5.00,1.00,0.00,0.00
2025-03-11,DL,519,ATL,DEN,1550,1711,201.00,-6.00,-16.00,0.00,0.00
2025-03-11,DL,481,ATL,SEA,1555,1832,337.00,1.00,-8.00,0.00,0.00
2025-03-11,DL,821,ATL,BOS,1559,1835,156.00,-5.00,-13.00,0.00,0.00
2025-03-11,DL,301,ATL,LAX,1645,1843,298.00,33.00,41.00,0.00,0.00
2025-03-11,DL,2879,ATL,ORD,1745,1855,130.00,-2.00,21.00,0.00,0.00
2025-03-11,DL,746,ATL,DEN,1836,1958,202.00,-2.00,-9.00,0.00,0.00
2025-03-11,DL,500,ATL,LAX,1836,2042,306.00,0.00,-14.00,0.00,0.00
2025-03-11,DL,518,ATL,BOS,1845,2114,149.00,-4.00,-7.00,0.00,0.00
2025-03-11,DL,472,ATL,SEA,1945,2222,337.00,0.00,-12.00,0.00,0.00
2025-03-11,DL,319,ATL,LAX,2003,2210,307.00,-5.00,-13.00,0.00,0.00
2025-03-11,DL,956,ATL,DEN,2120,2244,204.00,-5.00,-1.00,0.00,0.00
2025-03-11,DL,865,ATL,BOS,2230,0105,155.00,-1.00,-6.00,0.00,0.00
2025-03-11,DL,1199,ATL,ORD,2255,2356,121.00,18.00,7.00,0.00,0.00
2025-03-11,DL,695,BOS,ATL,0540,0842,182.00,-2.00,-18.00,0.00,0.00
2025-03-11,DL,923,BOS,ATL,0650,0949,179.00,-9.00,-13.00,0.00,0.00
2025-03-11,DL,456,BOS,ATL,0820,1119,179.00,-3.00,-4.00,0.00,0.00
2025-03-11,DL,973,BOS,ATL,1045,1342,177.00,-3.00,-27.00,0.00,0.00
2025-03-11,DL,376,BOS,ATL,1150,1446,176.00,-4.00,-20.00,0.00,0.00
2025-03-11,DL,385,BOS,ATL,1250,1545,175.00,-12.00,-25.00,0.00,0.00
2025-03-11,DL,322,BOS,ATL,1400,1650,170.00,-5.00,4.00,0.00,0.00
2025-03-11,DL,638,BOS,ATL,1555,1851,176.00,-4.00,-11.00,0.00,0.00
2025-03-11,DL,399,BOS,ATL,1732,2035,183.00,-3.00,-17.00,0.00,0.00
2025-03-11,DL,302,DEN,ATL,0055,0545,170.00,-12.00,-29.00,0.00,0.00
2025-03-11,DL,341,DEN,ATL,0600,1052,172.00,-11.00,-22.00,0.00,0.00
2025-03-11,DL,431,DEN,ATL,0710,1200,170.00,-7.00,3.00,0.00,0.00
2025-03-11,DL,346,DEN,ATL,1035,1525,170.00,5.00,0.00,0.00,0.00
2025-03-11,DL,995,DEN,ATL,1220,1710,170.00,0.00,-18.00,0.00,0.00
2025-03-11,DL,706,DEN,ATL,1335,1824,169.00,-3.00,-19.00,0.00,0.00
2025-03-11,DL,957,DEN,ATL,1600,2100,180.00,-1.00,-7.00,0.00,0.00
2025-03-11,DL,390,LAX,ATL,0600,1313,253.00,-3.00,-23.00,0.00,0.00
2025-03-11,DL,515,LAX,ATL,0715,1424,249.00,-5.00,-17.00,0.00,0.00
2025-03-11,DL,327,LAX,ATL,0820,1530,250.00,78.00,58.00,0.00,0.00
2025-03-11,DL,528,LAX,ATL,1100,1813,253.00,0.00,-22.00,0.00,0.00
2025-03-11,DL,446,LAX,ATL,1330,2034,244.00,73.00,65.00,0.00,0.00
2025-03-11,DL,715,LAX,ATL,1430,2143,253.00,8.00,-9.00,0.00,0.00
2025-03-11,DL,395,LAX,ATL,1740,0048,248.00,12.00,-9.00,0.00,0.00
2025-03-11,DL,471,LAX,ATL,2155,0505,250.00,-10.00,-32.00,0.00,0.00
2025-03-11,DL,320,LAX,ATL,2359,0712,253.00,-1.00,-15.00,0.00,0.00
2025-03-11,DL,1264,ORD,ATL,0545,0848,123.00,-14.00,-25.00,0.00,0.00
2025-03-11,DL,1247,ORD,ATL,0705,1008,123.00,-12.00,-10.00,0.00,0.00
2025-03-11,DL,1178,ORD,ATL,0947,1250,123.00,-18.00,-32.00,0.00,0.00
2025-03-11,DL,1147,ORD,ATL,1130,1427,117.00,-12.00,-27.00,0.00,0.00
2025-03-11,DL,1477,ORD,ATL,1455,1748,113.00,-3.00,-11.00,0.00,0.00
2025-03-11,DL,2738,ORD,ATL,1730,2035,125.00,-7.00,-23.00,0.00,0.00
2025-03-11,DL,569,SEA,ATL,0600,1346,286.00,-9.00,-18.00,0.00,0.00
2025-03-11,DL,562,SEA,ATL,0845,1633,288.00,-3.00,-27.00,0.00,0.00
2025-03-11,DL,542,SEA,ATL,1200,1957,297.00,-1.00,-14.00,0.00,0.00
2025-03-11,DL,560,SEA,ATL,1550,2339,289.00,0.00,-21.00,0.00,0.00
2025-03-11,DL,567,SEA,ATL,2230,0613,283.00,0.00,-13.00,0.00,0.00
2025-03-12,DL,987,ATL,BOS,0700,0934,154.00,-1.00,-16.00,0.00,0.00
2025-03-12,DL,996,ATL,LAX,0730,0935,305.00,19.00,19.00,0.00,0.00
2025-03-12,DL,1178,ATL,ORD,0730,0837,127.00,0.00,10.00,0.00,0.00
2025-03-12,DL,444,ATL,SEA,0759,1035,336.00,1.00,-9.00,0.00,0.00
2025-03-12,DL,346,ATL,DEN,0810,0930,200.00,-8.00,-7.00,0.00,0.00
2025-03-12,DL,849,ATL,BOS,0815,1050,155.00,-6.00,-19.00,0.00,0.00
2025-03-12,DL,898,ATL,LAX,0855,1104,309.00,-7.00,-7.00,0.00,0.00
2025-03-12,DL,1147,ATL,ORD,0905,1006,121.00,-1.00,-4.00,0.00,0.00
2025-03-12,DL,774,ATL,SEA,0945,1230,345.00,3.00,-24.00,0.00,0.00
2025-03-12,DL,2181,ATL,DEN,0950,1115,205.00,-8.00,-16.00,0.00,0.00
2025-03-12,DL,501,ATL,LAX,1000,1200,300.00,6.00,22.00,0.00,0.00
2025-03-12,DL,855,ATL,BOS,1010,1247,157.00,0.00,-14.00,0.00,0.00
2025-03-12,DL,530,ATL,DEN,1107,1230,203.00,-7.00,-8.00,0.00,0.00
2025-03-12,DL,862,ATL,BOS,1110,1338,148.00,-1.00,-11.00,0.00,0.00
2025-03-12,DL,629,ATL,SEA,1145,1422,337.00,-5.00,-29.00,0.00,0.00
2025-03-12,DL,350,ATL,BOS,1215,1445,150.00,-4.00,-6.00,0.00,0.00
2025-03-12,DL,1477,ATL,ORD,1240,1345,125.00,2.00,7.00,0.00,0.00
2025-03-12,DL,895,ATL,LAX,1249,1452,303.00,-2.00,-5.00,0.00,0.00
2025-03-12,DL,1675,ATL,DEN,1319,1437,198.00,0.00,7.00,0.00,0.00
2025-03-12,DL,726,ATL,BOS,1348,1622,154.00,30.00,15.00,0.00,0.00
2025-03-12,DL,753,ATL,LAX,1430,1629,299.00,-4.00,-8.00,0.00,0.00
2025-03-12,DL,821,ATL,BOS,1505,1735,150.00,30.00,24.00,0.00,0.00
2025-03-12,DL,2738,ATL,ORD,1515,1620,125.00,0.00,-8.00,0.00,0.00
2025-03-12,DL,1219,ATL,LAX,1535,1740,305.00,66.00,64.00,0.00,0.00
2025-03-12,DL,519,ATL,DEN,1550,1711,201.00,55.00,45.00,0.00,0.00
2025-03-12,DL,481,ATL,SEA,1555,1832,337.00,-2.00,-29.00,0.00,0.00
2025-03-12,DL,301,ATL,LAX,1645,1843,298.00,8.00,-2.00,0.00,0.00
2025-03-12,DL,2879,ATL,ORD,1745,1856,131.00,0.00,10.00,0.00,0.00
2025-03-12,DL,746,ATL,DEN,1836,1958,202.00,-5.00,-13.00,0.00,0.00
2025-03-12,DL,500,ATL,LAX,1836,2042,306.00,-4.00,17.00,0.00,0.00
2025-03-12,DL,518,ATL,BOS,1845,2120,155.00,0.00,-3.00,0.00,0.00
2025-03-12,DL,472,ATL,SEA,1945,2222,337.00,-2.00,-8.00,0.00,0.00
2025-03-12,DL,1139,ATL,ORD,1954,2058,124.00,13.00,0.00,0.00,0.00
2025-03-12,DL,319,ATL,LAX,2015,2220,305.00,-4.00,3.00,0.00,0.00
2025-03-12,DL,956,ATL,DEN,2120,2244,204.00,7.00,8.00,0.00,0.00
2025-03-12,DL,865,ATL,BOS,2230,0105,155.00,-2.00,-13.00,0.00,0.00
2025-03-12,DL,1199,ATL,ORD,2255,2356,121.00,-1.00,-11.00,0.00,0.00
2025-03-12,DL,695,BOS,ATL,0540,0842,182.00,-1.00,-26.00,0.00,0.00
2025-03-12,DL,923,BOS,ATL,0650,0949,179.00,-7.00,-20.00,0.00,0.00
2025-03-12,DL,456,BOS,ATL,0820,1119,179.00,-4.00,-21.00,0.00,0.00
2025-03-12,DL,973,BOS,ATL,1045,1342,177.00,-1.00,-14.00,0.00,0.00
2025-03-12,DL,376,BOS,ATL,1205,1502,177.00,-5.00,-23.00,0.00,0.00
2025-03-12,DL,322,BOS,ATL,1400,1652,172.00,-4.00,-19.00,0.00,0.00
2025-03-12,DL,638,BOS,ATL,1555,1851,176.00,2.00,-13.00,0.00,0.00
2025-03-12,DL,399,BOS,ATL,1732,2035,183.00,6.00,-17.00,0.00,0.00
2025-03-12,DL,385,BOS,ATL,1900,2204,184.00,0.00,-5.00,0.00,0.00
2025-03-12,DL,302,DEN,ATL,0055,0545,170.00,-15.00,-27.00,0.00,0.00
2025-03-12,DL,341,DEN,ATL,0600,1052,172.00,2.00,-10.00,0.00,0.00
2025-03-12,DL,431,DEN,ATL,0710,1200,170.00,-1.00,-8.00,0.00,0.00
2025-03-12,DL,346,DEN,ATL,1035,1525,170.00,-6.00,-17.00,0.00,0.00
2025-03-12,DL,995,DEN,ATL,1220,1710,170.00,0.00,-9.00,0.00,0.00
2025-03-12,DL,706,DEN,ATL,1335,1824,169.00,-5.00,-13.00,0.00,0.00
2025-03-12,DL,957,DEN,ATL,1600,2100,180.00,-1.00,-11.00,0.00,0.00
2025-03-12,DL,390,LAX,ATL,0600,1313,253.00,3.00,1.00,0.00,0.00
2025-03-12,DL,515,LAX,ATL,0715,1424,249.00,68.00,62.00,0.00,0.00
2025-03-12,DL,327,LAX,ATL,0820,1530,250.00,-2.00,-10.00,0.00,0.00
2025-03-12,DL,528,LAX,ATL,1100,1813,253.00,16.00,7.00,0.00,0.00
2025-03-12,DL,446,LAX,ATL,1330,2034,244.00,10.00,13.00,0.00,0.00
2025-03-12,DL,715,LAX,ATL,1430,2143,253.00,6.00,5.00,0.00,0.00
2025-03-12,DL,395,LAX,ATL,1740,0048,248.00,-11.00,-23.00,0.00,0.00
2025-03-12,DL,471,LAX,ATL,2155,0505,250.00,-2.00,-6.00,0.00,0.00
2025-03-12,DL,320,LAX,ATL,2359,0712,253.00,6.00,-8.00,0.00,0.00
2025-03-12,DL,1264,ORD,ATL,0545,0848,123.00,12.00,-5.00,0.00,0.00
2025-03-12,DL,1247,ORD,ATL,0705,1008,123.00,-7.00,-16.00,0.00,0.00
2025-03-12,DL,1178,ORD,ATL,0947,1250,123.00,1.00,-8.00,0.00,0.00
2025-03-12,DL,1147,ORD,ATL,1120,1419,119.00,1.00,-16.00,0.00,0.00
2025-03-12,DL,1477,ORD,ATL,1455,1748,113.00,-1.00,-11.00,0.00,0.00
2025-03-12,DL,2738,ORD,ATL,1730,2035,125.00,1.00,2.00,0.00,0.00
2025-03-12,DL,2879,ORD,ATL,2010,2322,132.00,0.00,-10.00,0.00,0.00
2025-03-12,DL,569,SEA,ATL,0600,1346,286.00,-9.00,-27.00,0.00,0.00
2025-03-12,DL,562,SEA,ATL,0845,1633,288.00,-3.00,-12.00,0.00,0.00
2025-03-12,DL,542,SEA,ATL,1200,1957,297.00,-4.00,-25.00,0.00,0.00
2025-03-12,DL,560,SEA,ATL,1550,2339,289.00,-7.00,-21.00,0.00,0.00
2025-03-12,DL,567,SEA,ATL,2230,0613,283.00,8.00,-2.00,0.00,0.00
2025-03-13,DL,987,ATL,BOS,0700,0934,154.00,-5.00,-21.00,0.00,0.00
2025-03-13,DL,996,ATL,LAX,0730,0935,305.00,-6.00,-1.00,0.00,0.00
2025-03-13,DL,1178,ATL,ORD,0730,0837,127.00,1.00,11.00,0.00,0.00
2025-03-13,DL,444,ATL,SEA,0759,1035,336.00,1.00,-10.00,0.00,0.00
2025-03-13,DL,346,ATL,DEN,0810,0930,200.00,-7.00,-9.00,0.00,0.00
2025-03-13,DL,849,ATL,BOS,0815,1050,155.00,-5.00,-19.00,0.00,0.00
2025-03-13,DL,898,ATL,LAX,0855,1104,309.00,-3.00,4.00,0.00,0.00
2025-03-13,DL,1147,ATL,ORD,0905,1012,127.00,3.00,-5.00,0.00,0.00
2025-03-13,DL,774,ATL,SEA,0945,1230,345.00,-5.00,-41.00,0.00,0.00
2025-03-13,DL,2181,ATL,DEN,0950,1115,205.00,-4.00,-17.00,0.00,0.00
2025-03-13,DL,501,ATL,LAX,1000,1200,300.00,0.00,5.00,0.00,0.00
2025-03-13,DL,855,ATL,BOS,1010,1247,157.00,-2.00,-8.00,0.00,0.00
2025-03-13,DL,530,ATL,DEN,1107,1230,203.00,-5.00,-13.00,0.00,0.00
2025-03-13,DL,862,ATL,BOS,1110,1338,148.00,2.00,-3.00,0.00,0.00
2025-03-13,DL,629,ATL,SEA,1145,1422,337.00,3.00,-28.00,0.00,0.00
2025-03-13,DL,350,ATL,BOS,1215,1445,150.00,-7.00,-17.00,0.00,0.00
2025-03-13,DL,1477,ATL,ORD,1215,1321,126.00,-2.00,-10.00,0.00,0.00
2025-03-13,DL,895,ATL,LAX,1249,1452,303.00,218.00,220.00,0.00,0.00
2025-03-13,DL,1675,ATL,DEN,1319,1437,198.00,-4.00,-7.00,0.00,0.00
2025-03-13,DL,726,ATL,BOS,1348,1622,154.00,-2.00,-13.00,0.00,0.00
2025-03-13,DL,519,ATL,DEN,1424,1544,200.00,12.00,4.00,0.00,0.00
2025-03-13,DL,753,ATL,LAX,1430,1629,299.00,4.00,9.00,0.00,0.00
2025-03-13,DL,821,ATL,BOS,1505,1735,150.00,0.00,-4.00,0.00,0.00
2025-03-13,DL,2738,ATL,ORD,1515,1620,125.00,-3.00,2.00,0.00,0.00
2025-03-13,DL,1219,ATL,LAX,1535,1740,305.00,-3.00,10.00,0.00,0.00
2025-03-13,DL,481,ATL,SEA,1555,1832,337.00,2.00,-27.00,0.00,0.00
2025-03-13,DL,301,ATL,LAX,1645,1843,298.00,0.00,5.00,0.00,0.00
2025-03-13,DL,2879,ATL,ORD,1745,1856,131.00,-7.00,6.00,0.00,0.00
2025-03-13,DL,300,ATL,BOS,1759,2035,156.00,-6.00,-15.00,0.00,0.00
2025-03-13,DL,746,ATL,DEN,1759,1921,202.00,1.00,9.00,0.00,0.00
2025-03-13,DL,500,ATL,LAX,1836,2042,306.00,-1.00,3.00,0.00,0.00
2025-03-13,DL,472,ATL,SEA,1931,2208,337.00,-1.00,-25.00,0.00,0.00
2025-03-13,DL,1139,ATL,ORD,1949,2053,124.00,51.00,48.00,0.00,0.00
2025-03-13,DL,518,ATL,BOS,1954,2229,155.00,24.00,13.00,0.00,0.00
2025-03-13,DL,493,ATL,DEN,1954,2117,203.00,-2.00,5.00,0.00,0.00
2025-03-13,DL,319,ATL,LAX,1959,2205,306.00,-6.00,-2.00,0.00,0.00
2025-03-13,DL,903,ATL,SEA,2119,2356,337.00,0.00,-21.00,0.00,0.00
2025-03-13,DL,956,ATL,DEN,2157,2320,203.00,-3.00,5.00,0.00,0.00
2025-03-13,DL,331,ATL,LAX,2157,0005,308.00,-2.00,-3.00,0.00,0.00
2025-03-13,DL,865,ATL,BOS,2230,0105,155.00,-5.00,37.00,0.00,0.00
2025-03-13,DL,1199,ATL,ORD,2255,2356,121.00,-3.00,-2.00,0.00,0.00
2025-03-13,DL,695,BOS,ATL,0540,0842,182.00,0.00,-19.00,0.00,0.00
2025-03-13,DL,923,BOS,ATL,0650,0949,179.00,-6.00,-24.00,0.00,0.00
2025-03-13,DL,456,BOS,ATL,0820,1119,179.00,-3.00,-22.00,0.00,0.00
2025-03-13,DL,973,BOS,ATL,1045,1342,177.00,-6.00,-28.00,0.00,0.00
2025-03-13,DL,376,BOS,ATL,1205,1502,177.00,-2.00,-28.00,0.00,0.00
2025-03-13,DL,322,BOS,ATL,1400,1652,172.00,2.00,-10.00,0.00,0.00
2025-03-13,DL,638,BOS,ATL,1555,1851,176.00,-4.00,-29.00,0.00,0.00
2025-03-13,DL,399,BOS,ATL,1732,2035,183.00,0.00,-27.00,0.00,0.00
2025-03-13,DL,385,BOS,ATL,1845,2150,185.00,-1.00,-21.00,0.00,0.00
2025-03-13,DL,900,BOS,ATL,2040,2342,182.00,140.00,107.00,0.00,0.00
2025-03-13,DL,302,DEN,ATL,0055,0545,170.00,-12.00,-12.00,0.00,0.00
2025-03-13,DL,341,DEN,ATL,0600,1049,169.00,-7.00,-8.00,0.00,0.00
2025-03-13,DL,431,DEN,ATL,0710,1200,170.00,-2.00,-9.00,0.00,0.00
2025-03-13,DL,346,DEN,ATL,1035,1525,170.00,-3.00,-2.00,0.00,0.00
2025-03-13,DL,995,DEN,ATL,1220,1710,170.00,-3.00,-3.00,0.00,0.00
2025-03-13,DL,706,DEN,ATL,1335,1824,169.00,3.00,-7.00,0.00,0.00
2025-03-13,DL,957,DEN,ATL,1542,2034,172.00,-3.00,-16.00,0.00,0.00
2025-03-13,DL,840,DEN,ATL,1649,2150,181.00,2.00,-20.00,0.00,0.00
2025-03-13,DL,390,LAX,ATL,0600,1313,253.00,1.00,-17.00,0.00,0.00
2025-03-13,DL,515,LAX,ATL,0715,1424,249.00,0.00,-4.00,0.00,0.00
2025-03-13,DL,327,LAX,ATL,0820,1530,250.00,-6.00,-10.00,0.00,0.00
2025-03-13,DL,528,LAX,ATL,1100,1813,253.00,1.00,-19.00,0.00,0.00
2025-03-13,DL,446,LAX,ATL,1330,2034,244.00,0.00,-12.00,0.00,0.00
2025-03-13,DL,715,LAX,ATL,1430,2143,253.00,3.00,-4.00,0.00,0.00
2025-03-13,DL,395,LAX,ATL,1740,0048,248.00,10.00,-10.00,0.00,0.00
2025-03-13,DL,471,LAX,ATL,2155,0505,250.00,0.00,-26.00,0.00,0.00
2025-03-13,DL,899,LAX,ATL,2255,0606,251.00,-3.00,-21.00,0.00,0.00
2025-03-13,DL,320,LAX,ATL,2359,0712,253.00,104.00,72.00,0.00,0.00
2025-03-13,DL,1264,ORD,ATL,0545,0848,123.00,-8.00,-7.00,0.00,0.00
2025-03-13,DL,1247,ORD,ATL,0705,1008,123.00,-4.00,-12.00,0.00,0.00
2025-03-13,DL,1178,ORD,ATL,0947,1250,123.00,10.00,-4.00,0.00,0.00
2025-03-13,DL,1147,ORD,ATL,1130,1427,117.00,-5.00,-18.00,0.00,0.00
2025-03-13,DL,1477,ORD,ATL,1431,1724,113.00,-6.00,-10.00,0.00,0.00
2025-03-13,DL,2738,ORD,ATL,1730,2035,125.00,-4.00,-26.00,0.00,0.00
2025-03-13,DL,2879,ORD,ATL,2010,2322,132.00,0.00,-16.00,0.00,0.00
2025-03-13,DL,569,SEA,ATL,0600,1346,286.00,-2.00,-15.00,0.00,0.00
2025-03-13,DL,562,SEA,ATL,0845,1633,288.00,14.00,4.00,0.00,0.00
2025-03-13,DL,542,SEA,ATL,1200,1957,297.00,0.00,-16.00,0.00,0.00
2025-03-13,DL,560,SEA,ATL,1550,2339,289.00,-1.00,-8.00,0.00,0.00
2025-03-13,DL,567,SEA,ATL,2230,0613,283.00,-4.00,-8.00,0.00,0.00
2025-03-13,DL,652,SEA,ATL,2330,0709,279.00,-2.00,-4.00,0.00,0.00
2025-03-14,DL,987,ATL,BOS,0700,0934,154.00,4.00,4.00,0.00,0.00
2025-03-14,DL,996,ATL,LAX,0730,0935,305.00,8.00,21.00,0.00,0.00
2025-03-14,DL,1178,ATL,ORD,0730,0837,127.00,-4.00,-16.00,0.00,0.00
2025-03-14,DL,444,ATL,SEA,0759,1035,336.00,-6.00,-44.00,0.00,0.00
2025-03-14,DL,346,ATL,DEN,0810,0930,200.00,-5.00,-12.00,0.00,0.00
2025-03-14,DL,849,ATL,BOS,0815,1050,155.00,-1.00,-8.00,0.00,0.00
2025-03-14,DL,898,ATL,LAX,0855,1104,309.00,-5.00,-11.00,0.00,0.00
2025-03-14,DL,1147,ATL,ORD,0905,1012,127.00,7.00,3.00,0.00,0.00
2025-03-14,DL,774,ATL,SEA,0945,1230,345.00,-1.00,-35.00,0.00,0.00
2025-03-14,DL,2181,ATL,DEN,0950,1115,205.00,0.00,4.00,0.00,0.00
2025-03-14,DL,501,ATL,LAX,1000,1200,300.00,12.00,11.00,0.00,0.00
2025-03-14,DL,855,ATL,BOS,1010,1247,157.00,17.00,12.00,0.00,0.00
2025-03-14,DL,530,ATL,DEN,1107,1230,203.00,10.00,6.00,0.00,0.00
2025-03-14,DL,862,ATL,BOS,1110,1338,148.00,-4.00,-11.00,0.00,0.00
2025-03-14,DL,629,ATL,SEA,1145,1422,337.00,-2.00,-35.00,0.00,0.00
2025-03-14,DL,350,ATL,BOS,1215,1445,150.00,0.00,-5.00,0.00,0.00
2025-03-14,DL,1477,ATL,ORD,1215,1320,125.00,0.00,-1.00,0.00,0.00
2025-03-14,DL,895,ATL,LAX,1249,1452,303.00,6.00,7.00,0.00,0.00
2025-03-14,DL,1675,ATL,DEN,1319,1437,198.00,-4.00,-15.00,0.00,0.00
2025-03-14,DL,726,ATL,BOS,1348,1622,154.00,-3.00,-18.00,0.00,0.00
2025-03-14,DL,519,ATL,DEN,1424,1544,200.00,-6.00,-13.00,0.00,0.00
2025-03-14,DL,753,ATL,LAX,1430,1629,299.00,0.00,21.00,0.00,0.00
2025-03-14,DL,821,ATL,BOS,1505,1735,150.00,-3.00,-17.00,0.00,0.00
2025-03-14,DL,2738,ATL,ORD,1515,1620,125.00,-6.00,-18.00,0.00,0.00
2025-03-14,DL,1219,ATL,LAX,1535,1740,305.00,-5.00,25.00,0.00,0.00
2025-03-14,DL,481,ATL,SEA,1555,1832,337.00,-1.00,-32.00,0.00,0.00
2025-03-14,DL,301,ATL,LAX,1645,1843,298.00,21.00,24.00,0.00,0.00
2025-03-14,DL,2879,ATL,ORD,1745,1856,131.00,-2.00,-8.00,0.00,0.00
2025-03-14,DL,300,ATL,BOS,1759,2035,156.00,13.00,13.00,0.00,0.00
2025-03-14,DL,746,ATL,DEN,1759,1921,202.00,34.00,30.00,0.00,0.00
2025-03-14,DL,500,ATL,LAX,1836,2042,306.00,3.00,19.00,0.00,0.00
2025-03-14,DL,472,ATL,SEA,1931,2208,337.00,0.00,-8.00,0.00,0.00
2025-03-14,DL,518,ATL,BOS,1954,2229,155.00,28.00,25.00,0.00,0.00
2025-03-14,DL,493,ATL,DEN,1954,2117,203.00,-5.00,4.00,0.00,0.00
2025-03-14,DL,1139,ATL,ORD,1954,2058,124.00,-1.00,-1.00,0.00,0.00
2025-03-14,DL,319,ATL,LAX,1959,2205,306.00,0.00,66.00,0.00,0.00
2025-03-14,DL,903,ATL,SEA,2119,2356,337.00,0.00,-17.00,0.00,0.00
2025-03-14,DL,956,ATL,DEN,2120,2244,204.00,0.00,31.00,0.00,0.00
2025-03-14,DL,331,ATL,LAX,2157,0005,308.00,10.00,17.00,0.00,0.00
2025-03-14,DL,865,ATL,BOS,2230,0105,155.00,-1.00,-19.00,0.00,0.00
2025-03-14,DL,1199,ATL,ORD,2255,2356,121.00,0.00,-6.00,0.00,0.00
2025-03-14,DL,695,BOS,ATL,0540,0842,182.00,-5.00,-36.00,0.00,0.00
2025-03-14,DL,923,BOS,ATL,0650,0949,179.00,-4.00,-28.00,0.00,0.00
2025-03-14,DL,456,BOS,ATL,0820,1119,179.00,4.00,-23.00,0.00,0.00
2025-03-14,DL,973,BOS,ATL,1045,1342,177.00,-4.00,-17.00,0.00,0.00
2025-03-14,DL,376,BOS,ATL,1205,1502,177.00,17.00,-7.00,0.00,0.00
2025-03-14,DL,322,BOS,ATL,1400,1652,172.00,9.00,-8.00,0.00,0.00
2025-03-14,DL,638,BOS,ATL,1555,1851,176.00,2.00,-19.00,0.00,0.00
2025-03-14,DL,399,BOS,ATL,1732,2035,183.00,-2.00,-22.00,0.00,0.00
2025-03-14,DL,385,BOS,ATL,1845,2150,185.00,-2.00,-8.00,0.00,0.00
2025-03-14,DL,900,BOS,ATL,2040,2342,182.00,-5.00,-21.00,0.00,0.00
2025-03-14,DL,302,DEN,ATL,0055,0545,170.00,-14.00,-11.00,0.00,0.00
2025-03-14,DL,341,DEN,ATL,0600,1052,172.00,4.00,-10.00,0.00,0.00
2025-03-14,DL,431,DEN,ATL,0710,1200,170.00,-3.00,-3.00,0.00,0.00
2025-03-14,DL,346,DEN,ATL,1035,1525,170.00,-6.00,0.00,0.00,0.00
2025-03-14,DL,995,DEN,ATL,1220,1710,170.00,-2.00,0.00,0.00,0.00
2025-03-14,DL,706,DEN,ATL,1335,1824,169.00,3.00,-4.00,0.00,0.00
2025-03-14,DL,957,DEN,ATL,1542,2034,172.00,-2.00,-18.00,0.00,0.00
2025-03-14,DL,840,DEN,ATL,1649,2150,181.00,-2.00,-2.00,0.00,0.00
2025-03-14,DL,390,LAX,ATL,0600,1313,253.00,1.00,-7.00,0.00,0.00
2025-03-14,DL,515,LAX,ATL,0715,1424,249.00,24.00,3.00,0.00,0.00
2025-03-14,DL,327,LAX,ATL,0820,1530,250.00,-5.00,-19.00,0.00,0.00
2025-03-14,DL,528,LAX,ATL,1100,1813,253.00,4.00,-6.00,0.00,0.00
2025-03-14,DL,446,LAX,ATL,1330,2034,244.00,12.00,-4.00,0.00,0.00
2025-03-14,DL,715,LAX,ATL,1430,2139,249.00,6.00,-6.00,0.00,0.00
2025-03-14,DL,395,LAX,ATL,1740,0048,248.00,18.00,4.00,0.00,0.00
2025-03-14,DL,471,LAX,ATL,2155,0505,250.00,15.00,-14.00,0.00,0.00
2025-03-14,DL,899,LAX,ATL,2255,0606,251.00,-5.00,-5.00,0.00,0.00
2025-03-14,DL,320,LAX,ATL,2359,0712,253.00,56.00,36.00,0.00,0.00
2025-03-14,DL,1264,ORD,ATL,0545,0848,123.00,-1.00,-19.00,0.00,0.00
2025-03-14,DL,1247,ORD,ATL,0705,1008,123.00,9.00,-4.00,0.00,0.00
2025-03-14,DL,1178,ORD,ATL,0947,1250,123.00,8.00,-3.00,0.00,0.00
2025-03-14,DL,1147,ORD,ATL,1130,1427,117.00,2.00,-14.00,0.00,0.00
2025-03-14,DL,1477,ORD,ATL,1430,1724,114.00,-2.00,0.00,0.00,0.00
2025-03-14,DL,2738,ORD,ATL,1730,2035,125.00,-3.00,-14.00,0.00,0.00
2025-03-14,DL,2879,ORD,ATL,2010,2322,132.00,-4.00,-25.00,0.00,0.00
2025-03-14,DL,569,SEA,ATL,0600,1346,286.00,-5.00,1.00,0.00,0.00
2025-03-14,DL,562,SEA,ATL,0845,1633,288.00,0.00,-5.00,0.00,0.00
2025-03-14,DL,542,SEA,ATL,1200,1957,297.00,-2.00,-18.00,0.00,0.00
2025-03-14,DL,560,SEA,ATL,1550,2339,289.00,-7.00,-17.00,0.00,0.00
2025-03-14,DL,567,SEA,ATL,2230,0613,283.00,16.00,16.00,0.00,0.00
2025-03-14,DL,652,SEA,ATL,2330,0709,279.00,-1.00,16.00,0.00,0.00
2025-03-15,DL,996,ATL,LAX,0730,0935,305.00,5.00,24.00,0.00,0.00
2025-03-15,DL,1178,ATL,ORD,0730,0837,127.00,4.00,28.00,0.00,0.00
2025-03-15,DL,444,ATL,SEA,0759,1035,336.00,-5.00,9.00,0.00,0.00
2025-03-15,DL,346,ATL,DEN,0810,0930,200.00,1.00,7.00,0.00,0.00
2025-03-15,DL,849,ATL,BOS,0815,1050,155.00,-6.00,-20.00,0.00,0.00
2025-03-15,DL,898,ATL,LAX,0855,1104,309.00,-2.00,-14.00,0.00,0.00
2025-03-15,DL,1147,ATL,ORD,0915,1021,126.00,23.00,19.00,0.00,0.00
2025-03-15,DL,2181,ATL,DEN,0950,1115,205.00,-3.00,-1.00,0.00,0.00
2025-03-15,DL,774,ATL,SEA,0959,1244,345.00,77.00,56.00,0.00,0.00
2025-03-15,DL,501,ATL,LAX,1000,1200,300.00,17.00,41.00,0.00,0.00
2025-03-15,DL,855,ATL,BOS,1010,1247,157.00,2.00,-17.00,0.00,0.00
2025-03-15,DL,530,ATL,DEN,1107,1230,203.00,-2.00,-24.00,0.00,0.00
2025-03-15,DL,862,ATL,BOS,1115,1349,154.00,10.00,-2.00,0.00,0.00
2025-03-15,DL,629,ATL,SEA,1212,1445,333.00,22.00,41.00,0.00,0.00
2025-03-15,DL,350,ATL,BOS,1215,1442,147.00,-2.00,-17.00,0.00,0.00
2025-03-15,DL,1477,ATL,ORD,1215,1320,125.00,94.00,123.00,0.00,0.00
2025-03-15,DL,895,ATL,LAX,1249,1452,303.00,43.00,100.00,0.00,0.00
2025-03-15,DL,1675,ATL,DEN,1319,1437,198.00,-5.00,-3.00,0.00,0.00
2025-03-15,DL,726,ATL,BOS,1348,1622,154.00,3.00,-11.00,0.00,0.00
2025-03-15,DL,821,ATL,BOS,1505,1735,150.00,4.00,-7.00,0.00,0.00
2025-03-15,DL,2738,ATL,ORD,1515,1620,125.00,72.00,69.00,0.00,0.00
2025-03-15,DL,1219,ATL,LAX,1535,1740,305.00,60.00,44.00,0.00,0.00
2025-03-15,DL,519,ATL,DEN,1550,1711,201.00,5.00,-9.00,0.00,0.00
2025-03-15,DL,300,ATL,BOS,1605,1839,154.00,32.00,37.00,0.00,0.00
2025-03-15,DL,301,ATL,LAX,1645,1843,298.00,0.00,29.00,0.00,0.00
2025-03-15,DL,2879,ATL,ORD,1745,1855,130.00,58.00,58.00,0.00,0.00
2025-03-15,DL,481,ATL,SEA,1745,2021,336.00,25.00,2.00,0.00,0.00
2025-03-15,DL,746,ATL,DEN,1836,1958,202.00,32.00,35.00,0.00,0.00
2025-03-15,DL,500,ATL,LAX,1836,2042,306.00,1.00,-4.00,0.00,0.00
2025-03-15,DL,518,ATL,BOS,1845,2120,155.00,9.00,-4.00,0.00,0.00
2025-03-15,DL,472,ATL,SEA,1945,2222,337.00,4.00,-1.00,0.00,0.00
2025-03-15,DL,319,ATL,LAX,2005,2212,307.00,-1.00,-22.00,0.00,0.00
2025-03-15,DL,956,ATL,DEN,2120,2244,204.00,69.00,112.00,0.00,0.00
2025-03-15,DL,865,ATL,BOS,2235,0104,149.00,-1.00,-8.00,0.00,0.00
2025-03-15,DL,1199,ATL,ORD,2255,2356,121.00,-4.00,-7.00,0.00,0.00
2025-03-15,DL,695,BOS,ATL,0540,0842,182.00,-5.00,-21.00,0.00,0.00
2025-03-15,DL,923,BOS,ATL,0650,0949,179.00,-4.00,-11.00,0.00,0.00
2025-03-15,DL,456,BOS,ATL,0820,1119,179.00,3.00,1.00,0.00,0.00
2025-03-15,DL,376,BOS,ATL,1205,1502,177.00,-5.00,-10.00,0.00,0.00
2025-03-15,DL,322,BOS,ATL,1400,1652,172.00,1.00,13.00,0.00,0.00
2025-03-15,DL,638,BOS,ATL,1555,1849,174.00,0.00,-10.00,0.00,0.00
2025-03-15,DL,399,BOS,ATL,1732,2035,183.00,2.00,-11.00,0.00,0.00
2025-03-15,DL,385,BOS,ATL,1845,2150,185.00,-3.00,-22.00,0.00,0.00
2025-03-15,DL,973,BOS,ATL,1955,2257,182.00,13.00,-2.00,0.00,0.00
2025-03-15,DL,302,DEN,ATL,0055,0545,170.00,-7.00,-9.00,0.00,0.00
2025-03-15,DL,341,DEN,ATL,0600,1052,172.00,-2.00,55.00,0.00,0.00
2025-03-15,DL,431,DEN,ATL,0710,1200,170.00,-3.00,4.00,0.00,0.00
2025-03-15,DL,346,DEN,ATL,1035,1525,170.00,14.00,43.00,0.00,0.00
2025-03-15,DL,995,DEN,ATL,1220,1710,170.00,15.00,55.00,0.00,0.00
2025-03-15,DL,706,DEN,ATL,1335,1824,169.00,-1.00,42.00,0.00,0.00
2025-03-15,DL,957,DEN,ATL,1600,2100,180.00,-2.00,36.00,0.00,0.00
2025-03-15,DL,390,LAX,ATL,0600,1313,253.00,4.00,-3.00,0.00,0.00
2025-03-15,DL,515,LAX,ATL,0715,1424,249.00,-2.00,-16.00,0.00,0.00
2025-03-15,DL,327,LAX,ATL,0820,1530,250.00,2.00,14.00,0.00,0.00
2025-03-15,DL,528,LAX,ATL,1100,1813,253.00,7.00,36.00,0.00,0.00
2025-03-15,DL,446,LAX,ATL,1330,2034,244.00,43.00,45.00,0.00,0.00
2025-03-15,DL,715,LAX,ATL,1430,2143,253.00,65.00,123.00,0.00,0.00
2025-03-15,DL,471,LAX,ATL,2155,0505,250.00,-9.00,-9.00,0.00,0.00
2025-03-15,DL,320,LAX,ATL,2359,0712,253.00,42.00,26.00,0.00,0.00
2025-03-15,DL,1264,ORD,ATL,0545,0848,123.00,414.00,427.00,0.00,0.00
2025-03-15,DL,1247,ORD,ATL,0705,1008,123.00,0.00,18.00,0.00,0.00
2025-03-15,DL,1178,ORD,ATL,0947,1250,123.00,14.00,26.00,0.00,0.00
2025-03-15,DL,1147,ORD,ATL,1131,1427,116.00,6.00,40.00,0.00,0.00
2025-03-15,DL,1477,ORD,ATL,1430,1724,114.00,121.00,140.00,0.00,0.00
2025-03-15,DL,2738,ORD,ATL,1730,2035,125.00,57.00,76.00,0.00,0.00
2025-03-15,DL,569,SEA,ATL,0600,1346,286.00,-6.00,33.00,0.00,0.00
2025-03-15,DL,562,SEA,ATL,0845,1633,288.00,-8.00,31.00,0.00,0.00
2025-03-15,DL,542,SEA,ATL,1200,1957,297.00,-2.00,33.00,0.00,0.00
2025-03-15,DL,560,SEA,ATL,1550,2339,289.00,45.00,137.00,0.00,0.00
2025-03-15,DL,567,SEA,ATL,2230,0613,283.00,4.00,-19.00,0.00,0.00
2025-03-16,DL,987,ATL,BOS,0700,0934,154.00,9.00,-2.00,0.00,0.00
2025-03-16,DL,996,ATL,LAX,0730,0935,305.00,0.00,-7.00,0.00,0.00
2025-03-16,DL,1178,ATL,ORD,0730,0837,127.00,3.00,-22.00,0.00,0.00
2025-03-16,DL,444,ATL,SEA,0759,1035,336.00,5.00,15.00,0.00,0.00
2025-03-16,DL,346,ATL,DEN,0810,0930,200.00,69.00,74.00,0.00,0.00
2025-03-16,DL,849,ATL,BOS,0815,1050,155.00,-1.00,-9.00,0.00,0.00
2025-03-16,DL,1147,ATL,ORD,0830,0935,125.00,49.00,32.00,0.00,0.00
2025-03-16,DL,898,ATL,LAX,0855,1104,309.00,3.00,-8.00,0.00,0.00
2025-03-16,DL,774,ATL,SEA,0945,1230,345.00,56.00,47.00,0.00,0.00
2025-03-16,DL,2181,ATL,DEN,0950,1115,205.00,48.00,70.00,0.00,0.00
2025-03-16,DL,501,ATL,LAX,1000,1200,300.00,2.00,-25.00,0.00,0.00
2025-03-16,DL,855,ATL,BOS,1010,1247,157.00,47.00,58.00,0.00,0.00
2025-03-16,DL,530,ATL,DEN,1107,1230,203.00,24.00,29.00,0.00,0.00
2025-03-16,DL,862,ATL,BOS,1110,1338,148.00,7.00,13.00,0.00,0.00
2025-03-16,DL,629,ATL,SEA,1145,1422,337.00,15.00,17.00,0.00,0.00
2025-03-16,DL,350,ATL,BOS,1215,1445,150.00,9.00,2.00,0.00,0.00
2025-03-16,DL,1477,ATL,ORD,1215,1320,125.00,14.00,1.00,0.00,0.00
2025-03-16,DL,895,ATL,LAX,1249,1452,303.00,88.00,79.00,0.00,0.00
2025-03-16,DL,1675,ATL,DEN,1319,1437,198.00,-5.00,-2.00,0.00,0.00
2025-03-16,DL,726,ATL,BOS,1348,1622,154.00,36.00,43.00,0.00,0.00
2025-03-16,DL,519,ATL,DEN,1424,1544,200.00,-2.00,-3.00,0.00,0.00
2025-03-16,DL,753,ATL,LAX,1430,1629,299.00,84.00,73.00,0.00,0.00
2025-03-16,DL,821,ATL,BOS,1505,1735,150.00,7.00,-13.00,0.00,0.00
2025-03-16,DL,2738,ATL,ORD,1515,1620,125.00,-3.00,-13.00,0.00,0.00
2025-03-16,DL,1219,ATL,LAX,1535,1740,305.00,38.00,36.00,0.00,0.00
2025-03-16,DL,481,ATL,SEA,1555,1832,337.00,1.00,10.00,0.00,0.00
2025-03-16,DL,301,ATL,LAX,1645,1843,298.00,20.00,13.00,0.00,0.00
2025-03-16,DL,2879,ATL,ORD,1745,1856,131.00,-3.00,-1.00,0.00,0.00
2025-03-16,DL,300,ATL,BOS,1759,2035,156.00,196.00,179.00,0.00,0.00
2025-03-16,DL,746,ATL,DEN,1759,1921,202.00,107.00,97.00,0.00,0.00
2025-03-16,DL,500,ATL,LAX,1836,2042,306.00,26.00,12.00,0.00,0.00
2025-03-16,DL,472,ATL,SEA,1931,2208,337.00,0.00,6.00,0.00,0.00
2025-03-16,DL,518,ATL,BOS,1954,2229,155.00,26.00,21.00,0.00,0.00
2025-03-16,DL,493,ATL,DEN,1954,2117,203.00,89.00,99.00,0.00,0.00
2025-03-16,DL,1139,ATL,ORD,1954,2058,124.00,35.00,18.00,0.00,0.00
2025-03-16,DL,319,ATL,LAX,1959,2205,306.00,239.00,224.00,0.00,0.00
2025-03-16,DL,903,ATL,SEA,2119,2356,337.00,18.00,19.00,0.00,0.00
2025-03-16,DL,956,ATL,DEN,2120,2244,204.00,18.00,18.00,0.00,0.00
2025-03-16,DL,331,ATL,LAX,2157,0005,308.00,601.00,629.00,0.00,0.00
2025-03-16,DL,865,ATL,BOS,2230,0105,155.00,18.00,20.00,0.00,0.00
2025-03-16,DL,1199,ATL,ORD,2255,2356,121.00,,,1.00,0.00
2025-03-16,DL,695,BOS,ATL,0540,0842,182.00,-2.00,23.00,0.00,0.00
2025-03-16,DL,923,BOS,ATL,0650,0949,179.00,0.00,-2.00,0.00,0.00
2025-03-16,DL,456,BOS,ATL,0820,1119,179.00,4.00,14.00,0.00,0.00
2025-03-16,DL,973,BOS,ATL,1045,1342,177.00,-7.00,-12.00,0.00,0.00
2025-03-16,DL,376,BOS,ATL,1205,1502,177.00,-4.00,-12.00,0.00,0.00
2025-03-16,DL,322,BOS,ATL,1400,1652,172.00,169.00,192.00,0.00,0.00
2025-03-16,DL,638,BOS,ATL,1555,1851,176.00,14.00,16.00,0.00,0.00
2025-03-16,DL,399,BOS,ATL,1732,2035,183.00,47.00,46.00,0.00,0.00
2025-03-16,DL,385,BOS,ATL,1845,2150,185.00,60.00,50.00,0.00,0.00
2025-03-16,DL,900,BOS,ATL,2040,2342,182.00,201.00,188.00,0.00,0.00
2025-03-16,DL,302,DEN,ATL,0055,0545,170.00,58.00,45.00,0.00,0.00
2025-03-16,DL,341,DEN,ATL,0600,1052,172.00,8.00,33.00,0.00,0.00
2025-03-16,DL,431,DEN,ATL,0710,1202,172.00,-1.00,-9.00,0.00,0.00
2025-03-16,DL,346,DEN,ATL,1035,1525,170.00,85.00,76.00,0.00,0.00
2025-03-16,DL,995,DEN,ATL,1220,1710,170.00,60.00,42.00,0.00,0.00
2025-03-16,DL,706,DEN,ATL,1335,1824,169.00,47.00,29.00,0.00,0.00
2025-03-16,DL,957,DEN,ATL,1542,2034,172.00,-1.00,58.00,0.00,0.00
2025-03-16,DL,840,DEN,ATL,1649,2150,181.00,-1.00,-18.00,0.00,0.00
2025-03-16,DL,390,LAX,ATL,0600,1313,253.00,-3.00,-23.00,0.00,0.00
2025-03-16,DL,515,LAX,ATL,0715,1424,249.00,-2.00,-9.00,0.00,0.00
2025-03-16,DL,327,LAX,ATL,0820,1530,250.00,0.00,-6.00,0.00,0.00
2025-03-16,DL,528,LAX,ATL,1100,1813,253.00,1.00,-13.00,0.00,0.00
2025-03-16,DL,446,LAX,ATL,1330,2034,244.00,0.00,8.00,0.00,0.00
2025-03-16,DL,715,LAX,ATL,1430,2143,253.00,86.00,74.00,0.00,0.00
2025-03-16,DL,395,LAX,ATL,1740,0048,248.00,93.00,75.00,0.00,0.00
2025-03-16,DL,471,LAX,ATL,2155,0505,250.00,11.00,-6.00,0.00,0.00
2025-03-16,DL,899,LAX,ATL,2255,0606,251.00,12.00,-7.00,0.00,0.00
2025-03-16,DL,320,LAX,ATL,2359,0712,253.00,-1.00,0.00,0.00,0.00
2025-03-16,DL,1264,ORD,ATL,0545,0848,123.00,0.00,-5.00,0.00,0.00
2025-03-16,DL,1247,ORD,ATL,0705,1008,123.00,-1.00,-1.00,0.00,0.00
2025-03-16,DL,1178,ORD,ATL,0947,1250,123.00,1.00,30.00,0.00,0.00
2025-03-16,DL,1147,ORD,ATL,1047,1348,121.00,21.00,47.00,0.00,0.00
2025-03-16,DL,1477,ORD,ATL,1430,1724,114.00,15.00,25.00,0.00,0.00
2025-03-16,DL,2738,ORD,ATL,1730,2035,125.00,-3.00,-24.00,0.00,0.00
2025-03-16,DL,2879,ORD,ATL,2010,2322,132.00,3.00,-18.00,0.00,0.00
2025-03-16,DL,569,SEA,ATL,0600,1346,286.00,-7.00,-24.00,0.00,0.00
2025-03-16,DL,562,SEA,ATL,0845,1633,288.00,-6.00,-34.00,0.00,0.00
2025-03-16,DL,542,SEA,ATL,1200,1957,297.00,-6.00,-51.00,0.00,0.00
2025-03-16,DL,560,SEA,ATL,1550,2339,289.00,-1.00,-40.00,0.00,0.00
2025-03-16,DL,567,SEA,ATL,2230,0613,283.00,14.00,-29.00,0.00,0.00
2025-03-16,DL,652,SEA,ATL,2330,0709,279.00,-9.00,-42.00,0.00,0.00
2025-03-17,DL,987,ATL,BOS,0700,0934,154.00,-5.00,-19.00,0.00,0.00
2025-03-17,DL,996,ATL,LAX,0730,0935,305.00,-4.00,-5.00,0.00,0.00
2025-03-17,DL,1178,ATL,ORD,0730,0837,127.00,5.00,0.00,0.00,0.00
2025-03-17,DL,444,ATL,SEA,0759,1035,336.00,-1.00,9.00,0.00,0.00
2025-03-17,DL,346,ATL,DEN,0810,0930,200.00,-1.00,1.00,0.00,0.00
2025-03-17,DL,849,ATL,BOS,0815,1050,155.00,-1.00,-14.00,0.00,0.00
2025-03-17,DL,898,ATL,LAX,0855,1104,309.00,76.00,87.00,0.00,0.00
2025-03-17,DL,1147,ATL,ORD,0905,1012,127.00,37.00,33.00,0.00,0.00
2025-03-17,DL,774,ATL,SEA,0945,1230,345.00,21.00,,0.00,1.00
2025-03-17,DL,2181,ATL,DEN,0950,1115,205.00,13.00,18.00,0.00,0.00
2025-03-17,DL,501,ATL,LAX,1000,1200,300.00,6.00,-8.00,0.00,0.00
2025-03-17,DL,855,ATL,BOS,1010,1247,157.00,10.00,1.00,0.00,0.00
2025-03-17,DL,530,ATL,DEN,1107,1230,203.00,-1.00,1.00,0.00,0.00
2025-03-17,DL,862,ATL,BOS,1110,1338,148.00,-1.00,-1.00,0.00,0.00
2025-03-17,DL,629,ATL,SEA,1145,1422,337.00,-7.00,3.00,0.00,0.00
2025-03-17,DL,350,ATL,BOS,1215,1445,150.00,17.00,23.00,0.00,0.00
2025-03-17,DL,1477,ATL,ORD,1215,1320,125.00,-4.00,-4.00,0.00,0.00
2025-03-17,DL,895,ATL,LAX,1249,1452,303.00,1.00,-6.00,0.00,0.00
2025-03-17,DL,1675,ATL,DEN,1319,1437,198.00,-3.00,5.00,0.00,0.00
2025-03-17,DL,726,ATL,BOS,1348,1622,154.00,60.00,58.00,0.00,0.00
2025-03-17,DL,519,ATL,DEN,1424,1544,200.00,-1.00,6.00,0.00,0.00
2025-03-17,DL,753,ATL,LAX,1430,1629,299.00,23.00,16.00,0.00,0.00
2025-03-17,DL,821,ATL,BOS,1505,1735,150.00,30.00,37.00,0.00,0.00
2025-03-17,DL,2738,ATL,ORD,1515,1620,125.00,-3.00,22.00,0.00,0.00
2025-03-17,DL,1219,ATL,LAX,1535,1740,305.00,-2.00,-1.00,0.00,0.00
2025-03-17,DL,481,ATL,SEA,1555,1832,337.00,18.00,39.00,0.00,0.00
2025-03-17,DL,301,ATL,LAX,1645,1843,298.00,12.00,17.00,0.00,0.00
2025-03-17,DL,2879,ATL,ORD,1745,1856,131.00,1.00,11.00,0.00,0.00
2025-03-17,DL,300,ATL,BOS,1759,2035,156.00,30.00,21.00,0.00,0.00
2025-03-17,DL,746,ATL,DEN,1759,1921,202.00,2.00,38.00,0.00,0.00
2025-03-17,DL,500,ATL,LAX,1836,2042,306.00,5.00,-5.00,0.00,0.00
2025-03-17,DL,472,ATL,SEA,1931,2208,337.00,31.00,23.00,0.00,0.00
2025-03-17,DL,518,ATL,BOS,1954,2229,155.00,-1.00,-11.00,0.00,0.00
2025-03-17,DL,493,ATL,DEN,1954,2117,203.00,-8.00,-1.00,0.00,0.00
2025-03-17,DL,1139,ATL,ORD,1954,2058,124.00,-3.00,-1.00,0.00,0.00
2025-03-17,DL,319,ATL,LAX,1959,2205,306.00,11.00,-2.00,0.00,0.00
2025-03-17,DL,903,ATL,SEA,2119,2356,337.00,27.00,41.00,0.00,0.00
2025-03-17,DL,956,ATL,DEN,2120,2244,204.00,28.00,31.00,0.00,0.00
2025-03-17,DL,331,ATL,LAX,2157,0005,308.00,39.00,45.00,0.00,0.00
2025-03-17,DL,865,ATL,BOS,2230,0105,155.00,51.00,49.00,0.00,0.00
2025-03-17,DL,1199,ATL,ORD,2255,2356,121.00,17.00,15.00,0.00,0.00
2025-03-17,DL,695,BOS,ATL,0540,0842,182.00,19.00,24.00,0.00,0.00
2025-03-17,DL,923,BOS,ATL,0650,0949,179.00,4.00,-5.00,0.00,0.00
2025-03-17,DL,456,BOS,ATL,0820,1119,179.00,15.00,12.00,0.00,0.00
2025-03-17,DL,973,BOS,ATL,1045,1342,177.00,-3.00,-17.00,0.00,0.00
2025-03-17,DL,376,BOS,ATL,1205,1502,177.00,0.00,-11.00,0.00,0.00
2025-03-17,DL,322,BOS,ATL,1400,1652,172.00,-4.00,-11.00,0.00,0.00
2025-03-17,DL,638,BOS,ATL,1555,1851,176.00,19.00,0.00,0.00,0.00
2025-03-17,DL,399,BOS,ATL,1732,2035,183.00,64.00,67.00,0.00,0.00
2025-03-17,DL,385,BOS,ATL,1845,2150,185.00,47.00,21.00,0.00,0.00
2025-03-17,DL,900,BOS,ATL,2040,2342,182.00,1.00,-21.00,0.00,0.00
2025-03-17,DL,302,DEN,ATL,0055,0545,170.00,-5.00,-24.00,0.00,0.00
2025-03-17,DL,341,DEN,ATL,0600,1052,172.00,-1.00,-17.00,0.00,0.00
2025-03-17,DL,431,DEN,ATL,0710,1200,170.00,-1.00,-21.00,0.00,0.00
2025-03-17,DL,346,DEN,ATL,1035,1525,170.00,-1.00,-19.00,0.00,0.00
2025-03-17,DL,995,DEN,ATL,1220,1710,170.00,22.00,4.00,0.00,0.00
2025-03-17,DL,706,DEN,ATL,1335,1824,169.00,1.00,-11.00,0.00,0.00
2025-03-17,DL,957,DEN,ATL,1542,2034,172.00,2.00,4.00,0.00,0.00
2025-03-17,DL,840,DEN,ATL,1649,2150,181.00,-1.00,-8.00,0.00,0.00
2025-03-17,DL,390,LAX,ATL,0600,1313,253.00,354.00,331.00,0.00,0.00
2025-03-17,DL,515,LAX,ATL,0715,1424,249.00,-4.00,0.00,0.00,0.00
2025-03-17,DL,327,LAX,ATL,0820,1530,250.00,254.00,263.00,0.00,0.00
2025-03-17,DL,528,LAX,ATL,1100,1813,253.00,-1.00,-21.00,0.00,0.00
2025-03-17,DL,446,LAX,ATL,1330,2034,244.00,49.00,29.00,0.00,0.00
2025-03-17,DL,715,LAX,ATL,1430,2143,253.00,-1.00,24.00,0.00,0.00
2025-03-17,DL,395,LAX,ATL,1740,0048,248.00,9.00,-14.00,0.00,0.00
2025-03-17,DL,471,LAX,ATL,2155,0505,250.00,0.00,-22.00,0.00,0.00
2025-03-17,DL,899,LAX,ATL,2255,0606,251.00,23.00,-5.00,0.00,0.00
2025-03-17,DL,320,LAX,ATL,2359,0712,253.00,7.00,-14.00,0.00,0.00
2025-03-17,DL,1264,ORD,ATL,0545,0848,123.00,,,1.00,0.00
2025-03-17,DL,1247,ORD,ATL,0705,1008,123.00,-5.00,-29.00,0.00,0.00
2025-03-17,DL,1178,ORD,ATL,0947,1250,123.00,0.00,-27.00,0.00,0.00
2025-03-17,DL,1147,ORD,ATL,1130,1427,117.00,21.00,3.00,0.00,0.00
2025-03-17,DL,1477,ORD,ATL,1430,1724,114.00,-1.00,-17.00,0.00,0.00
2025-03-17,DL,2738,ORD,ATL,1730,2035,125.00,13.00,-10.00,0.00,0.00
2025-03-17,DL,2879,ORD,ATL,2010,2322,132.00,-7.00,-36.00,0.00,0.00
2025-03-17,DL,569,SEA,ATL,0600,1346,286.00,-6.00,-38.00,0.00,0.00
2025-03-17,DL,562,SEA,ATL,0845,1633,288.00,12.00,-25.00,0.00,0.00
2025-03-17,DL,542,SEA,ATL,1200,1957,297.00,-4.00,-50.00,0.00,0.00
2025-03-17,DL,560,SEA,ATL,1550,2339,289.00,-7.00,-45.00,0.00,0.00
2025-03-17,DL,567,SEA,ATL,2230,0613,283.00,0.00,-9.00,0.00,0.00
2025-03-17,DL,652,SEA,ATL,2330,0709,279.00,8.00,-6.00,0.00,0.00
2025-03-18,DL,987,ATL,BOS,0700,0934,154.00,-7.00,2.00,0.00,0.00
2025-03-18,DL,996,ATL,LAX,0730,0935,305.00,2.00,7.00,0.00,0.00
2025-03-18,DL,1178,ATL,ORD,0730,0837,127.00,-7.00,-10.00,0.00,0.00
2025-03-18,DL,444,ATL,SEA,0759,1035,336.00,-5.00,-17.00,0.00,0.00
2025-03-18,DL,346,ATL,DEN,0810,0930,200.00,9.00,1.00,0.00,0.00
2025-03-18,DL,849,ATL,BOS,0815,1050,155.00,-10.00,-14.00,0.00,0.00
2025-03-18,DL,898,ATL,LAX,0855,1104,309.00,-5.00,0.00,0.00,0.00
2025-03-18,DL,1147,ATL,ORD,0905,1006,121.00,-2.00,-3.00,0.00,0.00
2025-03-18,DL,774,ATL,SEA,0945,1230,345.00,1.00,-32.00,0.00,0.00
2025-03-18,DL,2181,ATL,DEN,0950,1115,205.00,-3.00,-10.00,0.00,0.00
2025-03-18,DL,501,ATL,LAX,1000,1200,300.00,1.00,-10.00,0.00,0.00
2025-03-18,DL,855,ATL,BOS,1010,1241,151.00,5.00,6.00,0.00,0.00
2025-03-18,DL,530,ATL,DEN,1107,1230,203.00,-1.00,-10.00,0.00,0.00
2025-03-18,DL,862,ATL,BOS,1115,1349,154.00,-3.00,27.00,0.00,0.00
2025-03-18,DL,629,ATL,SEA,1145,1422,337.00,-4.00,-26.00,0.00,0.00
2025-03-18,DL,350,ATL,BOS,1215,1445,150.00,-4.00,8.00,0.00,0.00
2025-03-18,DL,1477,ATL,ORD,1240,1345,125.00,-2.00,3.00,0.00,0.00
2025-03-18,DL,895,ATL,LAX,1249,1452,303.00,-9.00,-15.00,0.00,0.00
2025-03-18,DL,1675,ATL,DEN,1319,1437,198.00,0.00,,0.00,1.00
2025-03-18,DL,726,ATL,BOS,1348,1622,154.00,-6.00,1.00,0.00,0.00
2025-03-18,DL,753,ATL,LAX,1430,1629,299.00,-3.00,12.00,0.00,0.00
2025-03-18,DL,2738,ATL,ORD,1515,1620,125.00,-5.00,-6.00,0.00,0.00
2025-03-18,DL,1219,ATL,LAX,1535,1741,306.00,-5.00,0.00,0.00,0.00
2025-03-18,DL,519,ATL,DEN,1550,1711,201.00,-3.00,-4.00,0.00,0.00
2025-03-18,DL,481,ATL,SEA,1555,1832,337.00,20.00,-7.00,0.00,0.00
2025-03-18,DL,821,ATL,BOS,1559,1835,156.00,-5.00,-1.00,0.00,0.00
2025-03-18,DL,301,ATL,LAX,1645,1843,298.00,-3.00,-4.00,0.00,0.00
2025-03-18,DL,2879,ATL,ORD,1745,1855,130.00,-3.00,11.00,0.00,0.00
2025-03-18,DL,746,ATL,DEN,1836,1958,202.00,-7.00,-9.00,0.00,0.00
2025-03-18,DL,500,ATL,LAX,1836,2042,306.00,-5.00,-10.00,0.00,0.00
2025-03-18,DL,518,ATL,BOS,1845,2114,149.00,-7.00,-6.00,0.00,0.00
2025-03-18,DL,472,ATL,SEA,1945,2222,337.00,7.00,-19.00,0.00,0.00
2025-03-18,DL,319,ATL,LAX,2003,2210,307.00,-1.00,27.00,0.00,0.00
2025-03-18,DL,956,ATL,DEN,2120,2244,204.00,6.00,-6.00,0.00,0.00
2025-03-18,DL,865,ATL,BOS,2230,0105,155.00,2.00,-8.00,0.00,0.00
2025-03-18,DL,1199,ATL,ORD,2255,2356,121.00,-11.00,-16.00,0.00,0.00
2025-03-18,DL,695,BOS,ATL,0540,0842,182.00,7.00,-27.00,0.00,0.00
2025-03-18,DL,923,BOS,ATL,0650,0949,179.00,-3.00,-24.00,0.00,0.00
2025-03-18,DL,456,BOS,ATL,0820,1119,179.00,3.00,-16.00,0.00,0.00
2025-03-18,DL,973,BOS,ATL,1045,1342,177.00,2.00,-29.00,0.00,0.00
2025-03-18,DL,376,BOS,ATL,1150,1446,176.00,-9.00,-42.00,0.00,0.00
2025-03-18,DL,385,BOS,ATL,1250,1545,175.00,-4.00,-30.00,0.00,0.00
2025-03-18,DL,322,BOS,ATL,1400,1650,170.00,17.00,-5.00,0.00,0.00
2025-03-18,DL,638,BOS,ATL,1555,1851,176.00,3.00,-20.00,0.00,0.00
2025-03-18,DL,399,BOS,ATL,1732,2035,183.00,20.00,-11.00,0.00,0.00
2025-03-18,DL,302,DEN,ATL,0055,0545,170.00,-7.00,-30.00,0.00,0.00
2025-03-18,DL,341,DEN,ATL,0600,1052,172.00,-3.00,-11.00,0.00,0.00
2025-03-18,DL,431,DEN,ATL,0710,1200,170.00,-6.00,-22.00,0.00,0.00
2025-03-18,DL,346,DEN,ATL,1035,1525,170.00,1.00,-7.00,0.00,0.00
2025-03-18,DL,995,DEN,ATL,1220,1710,170.00,1.00,-10.00,0.00,0.00
2025-03-18,DL,706,DEN,ATL,1335,1824,169.00,-3.00,-5.00,0.00,0.00
2025-03-18,DL,957,DEN,ATL,1600,2100,180.00,141.00,130.00,0.00,0.00
2025-03-18,DL,390,LAX,ATL,0600,1313,253.00,0.00,-16.00,0.00,0.00
2025-03-18,DL,515,LAX,ATL,0715,1424,249.00,-2.00,-23.00,0.00,0.00
2025-03-18,DL,327,LAX,ATL,0820,1530,250.00,-5.00,2.00,0.00,0.00
2025-03-18,DL,528,LAX,ATL,1100,1813,253.00,0.00,-18.00,0.00,0.00
2025-03-18,DL,446,LAX,ATL,1330,2034,244.00,11.00,5.00,0.00,0.00
2025-03-18,DL,715,LAX,ATL,1430,2143,253.00,5.00,-14.00,0.00,0.00
2025-03-18,DL,395,LAX,ATL,1740,0048,248.00,-6.00,-28.00,0.00,0.00
2025-03-18,DL,471,LAX,ATL,2155,0505,250.00,-1.00,-29.00,0.00,0.00
2025-03-18,DL,320,LAX,ATL,2359,0712,253.00,1.00,-13.00,0.00,0.00
2025-03-18,DL,1264,ORD,ATL,0545,0848,123.00,1.00,18.00,0.00,0.00
2025-03-18,DL,1247,ORD,ATL,0705,1008,123.00,0.00,-19.00,0.00,0.00
2025-03-18,DL,1178,ORD,ATL,0947,1250,123.00,-1.00,-22.00,0.00,0.00
2025-03-18,DL,1147,ORD,ATL,1120,1419,119.00,-7.00,-29.00,0.00,0.00
2025-03-18,DL,1477,ORD,ATL,1455,1748,113.00,0.00,-18.00,0.00,0.00
2025-03-18,DL,2738,ORD,ATL,1730,2035,125.00,-1.00,-25.00,0.00,0.00
2025-03-18,DL,569,SEA,ATL,0600,1346,286.00,-3.00,-21.00,0.00,0.00
2025-03-18,DL,562,SEA,ATL,0845,1633,288.00,4.00,-6.00,0.00,0.00
2025-03-18,DL,542,SEA,ATL,1200,1957,297.00,-6.00,-25.00,0.00,0.00
2025-03-18,DL,560,SEA,ATL,1550,2339,289.00,-3.00,-22.00,0.00,0.00
2025-03-18,DL,567,SEA,ATL,2230,0613,283.00,-4.00,-17.00,0.00,0.00
2025-03-19,DL,987,ATL,BOS,0700,0934,154.00,-4.00,-16.00,0.00,0.00
2025-03-19,DL,996,ATL,LAX,0730,0935,305.00,-3.00,-10.00,0.00,0.00
2025-03-19,DL,1178,ATL,ORD,0730,0837,127.00,-9.00,-25.00,0.00,0.00
2025-03-19,DL,444,ATL,SEA,0759,1035,336.00,-5.00,-13.00,0.00,0.00
2025-03-19,DL,346,ATL,DEN,0810,0930,200.00,-6.00,-16.00,0.00,0.00
2025-03-19,DL,849,ATL,BOS,0815,1050,155.00,-6.00,-8.00,0.00,0.00
2025-03-19,DL,898,ATL,LAX,0855,1104,309.00,4.00,-11.00,0.00,0.00
2025-03-19,DL,1147,ATL,ORD,0905,1006,121.00,-4.00,-4.00,0.00,0.00
2025-03-19,DL,774,ATL,SEA,0945,1230,345.00,-3.00,-21.00,0.00,0.00
2025-03-19,DL,2181,ATL,DEN,0950,1115,205.00,-9.00,-11.00,0.00,0.00
2025-03-19,DL,501,ATL,LAX,1000,1200,300.00,-3.00,-25.00,0.00,0.00
2025-03-19,DL,855,ATL,BOS,1010,1247,157.00,-5.00,-12.00,0.00,0.00
2025-03-19,DL,530,ATL,DEN,1107,1230,203.00,-3.00,6.00,0.00,0.00
2025-03-19,DL,862,ATL,BOS,1110,1338,148.00,1.00,9.00,0.00,0.00
2025-03-19,DL,629,ATL,SEA,1145,1422,337.00,-5.00,-20.00,0.00,0.00
2025-03-19,DL,350,ATL,BOS,1215,1445,150.00,-2.00,-7.00,0.00,0.00
2025-03-19,DL,1477,ATL,ORD,1240,1345,125.00,-6.00,-8.00,0.00,0.00
2025-03-19,DL,895,ATL,LAX,1249,1452,303.00,40.00,30.00,0.00,0.00
2025-03-19,DL,1675,ATL,DEN,1319,1437,198.00,3.00,-9.00,0.00,0.00
2025-03-19,DL,726,ATL,BOS,1348,1622,154.00,48.00,29.00,0.00,0.00
2025-03-19,DL,753,ATL,LAX,1430,1629,299.00,40.00,37.00,0.00,0.00
2025-03-19,DL,821,ATL,BOS,1505,1735,150.00,11.00,12.00,0.00,0.00
2025-03-19,DL,2738,ATL,ORD,1515,1620,125.00,1.00,6.00,0.00,0.00
2025-03-19,DL,1219,ATL,LAX,1535,1740,305.00,-4.00,-20.00,0.00,0.00
2025-03-19,DL,519,ATL,DEN,1550,1711,201.00,11.00,10.00,0.00,0.00
2025-03-19,DL,481,ATL,SEA,1555,1832,337.00,1.00,-31.00,0.00,0.00
2025-03-19,DL,301,ATL,LAX,1645,1843,298.00,0.00,-12.00,0.00,0.00
2025-03-19,DL,2879,ATL,ORD,1745,1856,131.00,71.00,84.00,0.00,0.00
2025-03-19,DL,746,ATL,DEN,1836,1958,202.00,-3.00,-15.00,0.00,0.00
2025-03-19,DL,500,ATL,LAX,1836,2042,306.00,1.00,-27.00,0.00,0.00
2025-03-19,DL,518,ATL,BOS,1845,2120,155.00,87.00,79.00,0.00,0.00
2025-03-19,DL,472,ATL,SEA,1945,2222,337.00,6.00,-8.00,0.00,0.00
2025-03-19,DL,1139,ATL,ORD,1954,2058,124.00,20.00,76.00,0.00,0.00
2025-03-19,DL,319,ATL,LAX,2015,2220,305.00,0.00,-3.00,0.00,0.00
2025-03-19,DL,956,ATL,DEN,2120,2244,204.00,-1.00,-8.00,0.00,0.00
2025-03-19,DL,865,ATL,BOS,2230,0105,155.00,-5.00,-28.00,0.00,0.00
2025-03-19,DL,1199,ATL,ORD,2255,2356,121.00,6.00,6.00,0.00,0.00
2025-03-19,DL,695,BOS,ATL,0540,0842,182.00,-4.00,-27.00,0.00,0.00
2025-03-19,DL,923,BOS,ATL,0650,0949,179.00,-4.00,-24.00,0.00,0.00
2025-03-19,DL,456,BOS,ATL,0820,1119,179.00,0.00,-23.00,0.00,0.00
2025-03-19,DL,973,BOS,ATL,1045,1342,177.00,-1.00,-23.00,0.00,0.00
2025-03-19,DL,376,BOS,ATL,1205,1502,177.00,-2.00,-27.00,0.00,0.00
2025-03-19,DL,322,BOS,ATL,1400,1652,172.00,1.00,-20.00,0.00,0.00
2025-03-19,DL,638,BOS,ATL,1555,1851,176.00,-1.00,-15.00,0.00,0.00
2025-03-19,DL,399,BOS,ATL,1732,2035,183.00,27.00,17.00,0.00,0.00
2025-03-19,DL,385,BOS,ATL,1900,2204,184.00,2.00,-24.00,0.00,0.00
2025-03-19,DL,302,DEN,ATL,0055,0545,170.00,-9.00,-24.00,0.00,0.00
2025-03-19,DL,341,DEN,ATL,0600,1052,172.00,0.00,11.00,0.00,0.00
2025-03-19,DL,431,DEN,ATL,0710,1200,170.00,37.00,49.00,0.00,0.00
2025-03-19,DL,346,DEN,ATL,1035,1525,170.00,-2.00,3.00,0.00,0.00
2025-03-19,DL,995,DEN,ATL,1220,1710,170.00,9.00,-10.00,0.00,0.00
2025-03-19,DL,706,DEN,ATL,1335,1824,169.00,-1.00,-5.00,0.00,0.00
2025-03-19,DL,957,DEN,ATL,1600,2100,180.00,-7.00,-13.00,0.00,0.00
2025-03-19,DL,390,LAX,ATL,0600,1313,253.00,-5.00,-6.00,0.00,0.00
2025-03-19,DL,515,LAX,ATL,0715,1422,247.00,0.00,-21.00,0.00,0.00
2025-03-19,DL,327,LAX,ATL,0820,1530,250.00,18.00,7.00,0.00,0.00
2025-03-19,DL,528,LAX,ATL,1100,1813,253.00,26.00,6.00,0.00,0.00
2025-03-19,DL,446,LAX,ATL,1330,2034,244.00,4.00,29.00,0.00,0.00
2025-03-19,DL,715,LAX,ATL,1430,2143,253.00,14.00,-9.00,0.00,0.00
2025-03-19,DL,395,LAX,ATL,1740,0048,248.00,30.00,19.00,0.00,0.00
2025-03-19,DL,471,LAX,ATL,2155,0505,250.00,-2.00,-18.00,0.00,0.00
2025-03-19,DL,320,LAX,ATL,2359,0712,253.00,12.00,0.00,0.00,0.00
2025-03-19,DL,1264,ORD,ATL,0545,0848,123.00,-2.00,-4.00,0.00,0.00
2025-03-19,DL,1247,ORD,ATL,0705,1008,123.00,-8.00,-13.00,0.00,0.00
2025-03-19,DL,1178,ORD,ATL,0947,1250,123.00,-3.00,-12.00,0.00,0.00
2025-03-19,DL,1147,ORD,ATL,1130,1425,115.00,-3.00,5.00,0.00,0.00
2025-03-19,DL,1477,ORD,ATL,1455,1748,113.00,-1.00,25.00,0.00,0.00
2025-03-19,DL,2738,ORD,ATL,1730,2035,125.00,274.00,261.00,0.00,0.00
2025-03-19,DL,2879,ORD,ATL,2010,2322,132.00,70.00,54.00,0.00,0.00
2025-03-19,DL,569,SEA,ATL,0600,1346,286.00,-6.00,-19.00,0.00,0.00
2025-03-19,DL,562,SEA,ATL,0845,1633,288.00,-4.00,-23.00,0.00,0.00
2025-03-19,DL,542,SEA,ATL,1200,1957,297.00,-11.00,-9.00,0.00,0.00
2025-03-19,DL,560,SEA,ATL,1550,2339,289.00,3.00,-15.00,0.00,0.00
2025-03-19,DL,567,SEA,ATL,2230,0613,283.00,27.00,28.00,0.00,0.00
2025-03-20,DL,987,ATL,BOS,0700,0934,154.00,-1.00,-14.00,0.00,0.00
2025-03-20,DL,996,ATL,LAX,0730,0935,305.00,11.00,-1.00,0.00,0.00
2025-03-20,DL,1178,ATL,ORD,0730,0837,127.00,-7.00,-14.00,0.00,0.00
2025-03-20,DL,444,ATL,SEA,0759,1035,336.00,-4.00,-14.00,0.00,0.00
2025-03-20,DL,346,ATL,DEN,0810,0930,200.00,28.00,25.00,0.00,0.00
2025-03-20,DL,849,ATL,BOS,0815,1050,155.00,-1.00,-17.00,0.00,0.00
2025-03-20,DL,898,ATL,LAX,0855,1104,309.00,0.00,-12.00,0.00,0.00
2025-03-20,DL,1147,ATL,ORD,0905,1010,125.00,-2.00,-15.00,0.00,0.00
2025-03-20,DL,774,ATL,SEA,0945,1230,345.00,3.00,-21.00,0.00,0.00
2025-03-20,DL,2181,ATL,DEN,0950,1115,205.00,-1.00,-4.00,0.00,0.00
2025-03-20,DL,501,ATL,LAX,1000,1200,300.00,5.00,-2.00,0.00,0.00
2025-03-20,DL,855,ATL,BOS,1010,1247,157.00,-3.00,-15.00,0.00,0.00
2025-03-20,DL,530,ATL,DEN,1107,1230,203.00,-5.00,-22.00,0.00,0.00
2025-03-20,DL,862,ATL,BOS,1110,1338,148.00,-1.00,-20.00,0.00,0.00
2025-03-20,DL,629,ATL,SEA,1145,1422,337.00,0.00,-22.00,0.00,0.00
2025-03-20,DL,350,ATL,BOS,1215,1445,150.00,-1.00,-27.00,0.00,0.00
2025-03-20,DL,1477,ATL,ORD,1215,1316,121.00,-2.00,-4.00,0.00,0.00
2025-03-20,DL,895,ATL,LAX,1249,1452,303.00,-6.00,-12.00,0.00,0.00
2025-03-20,DL,1675,ATL,DEN,1319,1437,198.00,-4.00,-6.00,0.00,0.00
2025-03-20,DL,726,ATL,BOS,1348,1622,154.00,-2.00,-27.00,0.00,0.00
2025-03-20,DL,519,ATL,DEN,1424,1544,200.00,3.00,-3.00,0.00,0.00
2025-03-20,DL,753,ATL,LAX,1430,1629,299.00,8.00,11.00,0.00,0.00
2025-03-20,DL,821,ATL,BOS,1505,1735,150.00,0.00,-4.00,0.00,0.00
2025-03-20,DL,2738,ATL,ORD,1515,1620,125.00,-3.00,-17.00,0.00,0.00
2025-03-20,DL,1219,ATL,LAX,1535,1740,305.00,-1.00,-7.00,0.00,0.00
2025-03-20,DL,481,ATL,SEA,1555,1832,337.00,0.00,-8.00,0.00,0.00
2025-03-20,DL,301,ATL,LAX,1645,1843,298.00,0.00,-1.00,0.00,0.00
2025-03-20,DL,2879,ATL,ORD,1745,1856,131.00,2.00,0.00,0.00,0.00
2025-03-20,DL,300,ATL,BOS,1759,2035,156.00,-3.00,-26.00,0.00,0.00
2025-03-20,DL,746,ATL,DEN,1759,1921,202.00,72.00,68.00,0.00,0.00
2025-03-20,DL,500,ATL,LAX,1836,2042,306.00,11.00,3.00,0.00,0.00
2025-03-20,DL,472,ATL,SEA,1931,2208,337.00,-3.00,0.00,0.00,0.00
2025-03-20,DL,518,ATL,BOS,1954,2229,155.00,4.00,16.00,0.00,0.00
2025-03-20,DL,493,ATL,DEN,1954,2117,203.00,16.00,19.00,0.00,0.00
2025-03-20,DL,1139,ATL,ORD,1954,2058,124.00,20.00,14.00,0.00,0.00
2025-03-20,DL,319,ATL,LAX,1959,2205,306.00,5.00,7.00,0.00,0.00
2025-03-20,DL,903,ATL,SEA,2119,2356,337.00,-2.00,4.00,0.00,0.00
2025-03-20,DL,956,ATL,DEN,2120,2244,204.00,-3.00,-10.00,0.00,0.00
2025-03-20,DL,331,ATL,LAX,2157,0005,308.00,53.00,46.00,0.00,0.00
2025-03-20,DL,865,ATL,BOS,2230,0105,155.00,-3.00,-22.00,0.00,0.00
2025-03-20,DL,1199,ATL,ORD,2255,2356,121.00,-4.00,-6.00,0.00,0.00
2025-03-20,DL,695,BOS,ATL,0540,0842,182.00,-2.00,-15.00,0.00,0.00
2025-03-20,DL,923,BOS,ATL,0650,0949,179.00,-5.00,-15.00,0.00,0.00
2025-03-20,DL,456,BOS,ATL,0820,1119,179.00,15.00,12.00,0.00,0.00
2025-03-20,DL,973,BOS,ATL,1045,1342,177.00,-2.00,-8.00,0.00,0.00
2025-03-20,DL,376,BOS,ATL,1205,1502,177.00,24.00,26.00,0.00,0.00
2025-03-20,DL,322,BOS,ATL,1400,1652,172.00,9.00,1.00,0.00,0.00
2025-03-20,DL,638,BOS,ATL,1555,1851,176.00,0.00,-5.00,0.00,0.00
2025-03-20,DL,399,BOS,ATL,1732,2035,183.00,0.00,-7.00,0.00,0.00
2025-03-20,DL,385,BOS,ATL,1845,2150,185.00,0.00,-6.00,0.00,0.00
2025-03-20,DL,900,BOS,ATL,2040,2342,182.00,-1.00,-14.00,0.00,0.00
2025-03-20,DL,302,DEN,ATL,0055,0545,170.00,-4.00,-14.00,0.00,0.00
2025-03-20,DL,341,DEN,ATL,0600,1049,169.00,15.00,1.00,0.00,0.00
2025-03-20,DL,431,DEN,ATL,0710,1200,170.00,9.00,-7.00,0.00,0.00
2025-03-20,DL,346,DEN,ATL,1035,1525,170.00,23.00,12.00,0.00,0.00
2025-03-20,DL,995,DEN,ATL,1220,1710,170.00,1.00,1.00,0.00,0.00
2025-03-20,DL,706,DEN,ATL,1335,1824,169.00,-5.00,-12.00,0.00,0.00
2025-03-20,DL,957,DEN,ATL,1542,2034,172.00,14.00,-2.00,0.00,0.00
2025-03-20,DL,840,DEN,ATL,1649,2150,181.00,-5.00,-27.00,0.00,0.00
2025-03-20,DL,390,LAX,ATL,0600,1313,253.00,5.00,7.00,0.00,0.00
2025-03-20,DL,515,LAX,ATL,0715,1424,249.00,-6.00,-14.00,0.00,0.00
2025-03-20,DL,327,LAX,ATL,0820,1530,250.00,-3.00,-18.00,0.00,0.00
2025-03-20,DL,528,LAX,ATL,1100,1813,253.00,0.00,-21.00,0.00,0.00
2025-03-20,DL,446,LAX,ATL,1330,2034,244.00,-2.00,-6.00,0.00,0.00
2025-03-20,DL,715,LAX,ATL,1430,2143,253.00,9.00,-5.00,0.00,0.00
2025-03-20,DL,395,LAX,ATL,1740,0048,248.00,8.00,-2.00,0.00,0.00
2025-03-20,DL,471,LAX,ATL,2155,0505,250.00,0.00,-11.00,0.00,0.00
2025-03-20,DL,899,LAX,ATL,2255,0606,251.00,13.00,8.00,0.00,0.00
2025-03-20,DL,320,LAX,ATL,2359,0712,253.00,193.00,177.00,0.00,0.00
2025-03-20,DL,1264,ORD,ATL,0545,0848,123.00,7.00,31.00,0.00,0.00
2025-03-20,DL,1247,ORD,ATL,0705,1008,123.00,10.00,48.00,0.00,0.00
2025-03-20,DL,1178,ORD,ATL,0947,1250,123.00,5.00,-6.00,0.00,0.00
2025-03-20,DL,1147,ORD,ATL,1120,1420,120.00,2.00,1.00,0.00,0.00
2025-03-20,DL,1477,ORD,ATL,1431,1724,113.00,4.00,0.00,0.00,0.00
2025-03-20,DL,2738,ORD,ATL,1730,2035,125.00,6.00,-14.00,0.00,0.00
2025-03-20,DL,2879,ORD,ATL,2010,2322,132.00,-2.00,-27.00,0.00,0.00
2025-03-20,DL,569,SEA,ATL,0600,1346,286.00,-6.00,-22.00,0.00,0.00
2025-03-20,DL,562,SEA,ATL,0845,1633,288.00,-6.00,-13.00,0.00,0.00
2025-03-20,DL,542,SEA,ATL,1200,1957,297.00,5.00,4.00,0.00,0.00
2025-03-20,DL,560,SEA,ATL,1550,2339,289.00,-7.00,-25.00,0.00,0.00
2025-03-20,DL,567,SEA,ATL,2230,0613,283.00,6.00,-15.00,0.00,0.00
2025-03-20,DL,652,SEA,ATL,2330,0709,279.00,-4.00,-11.00,0.00,0.00
2025-03-21,DL,987,ATL,BOS,0700,0934,154.00,-1.00,8.00,0.00,0.00
2025-03-21,DL,996,ATL,LAX,0730,0935,305.00,-1.00,19.00,0.00,0.00
2025-03-21,DL,1178,ATL,ORD,0730,0837,127.00,-3.00,2.00,0.00,0.00
2025-03-21,DL,444,ATL,SEA,0759,1035,336.00,-5.00,28.00,0.00,0.00
2025-03-21,DL,346,ATL,DEN,0810,0930,200.00,-3.00,-14.00,0.00,0.00
2025-03-21,DL,849,ATL,BOS,0815,1050,155.00,-10.00,16.00,0.00,0.00
2025-03-21,DL,898,ATL,LAX,0855,1104,309.00,13.00,13.00,0.00,0.00
2025-03-21,DL,1147,ATL,ORD,0905,1010,125.00,-2.00,-8.00,0.00,0.00
2025-03-21,DL,774,ATL,SEA,0945,1230,345.00,0.00,-16.00,0.00,0.00
2025-03-21,DL,2181,ATL,DEN,0950,1115,205.00,10.00,9.00,0.00,0.00
2025-03-21,DL,501,ATL,LAX,1000,1200,300.00,-1.00,-8.00,0.00,0.00
2025-03-21,DL,855,ATL,BOS,1010,1247,157.00,4.00,7.00,0.00,0.00
2025-03-21,DL,530,ATL,DEN,1107,1230,203.00,-6.00,-8.00,0.00,0.00
2025-03-21,DL,862,ATL,BOS,1110,1338,148.00,-5.00,3.00,0.00,0.00
2025-03-21,DL,629,ATL,SEA,1145,1422,337.00,-1.00,7.00,0.00,0.00
2025-03-21,DL,350,ATL,BOS,1215,1445,150.00,-4.00,-1.00,0.00,0.00
2025-03-21,DL,1477,ATL,ORD,1215,1320,125.00,-1.00,-2.00,0.00,0.00
2025-03-21,DL,895,ATL,LAX,1249,1452,303.00,-5.00,-23.00,0.00,0.00
2025-03-21,DL,1675,ATL,DEN,1319,1437,198.00,-3.00,0.00,0.00,0.00
2025-03-21,DL,726,ATL,BOS,1348,1622,154.00,3.00,-3.00,0.00,0.00
2025-03-21,DL,519,ATL,DEN,1424,1544,200.00,-3.00,-9.00,0.00,0.00
2025-03-21,DL,753,ATL,LAX,1430,1629,299.00,20.00,31.00,0.00,0.00
2025-03-21,DL,821,ATL,BOS,1505,1735,150.00,-1.00,-2.00,0.00,0.00
2025-03-21,DL,2738,ATL,ORD,1515,1620,125.00,-1.00,-5.00,0.00,0.00
2025-03-21,DL,1219,ATL,LAX,1535,1740,305.00,-3.00,-16.00,0.00,0.00
2025-03-21,DL,481,ATL,SEA,1555,1832,337.00,-2.00,-9.00,0.00,0.00
2025-03-21,DL,301,ATL,LAX,1645,1843,298.00,-1.00,-8.00,0.00,0.00
2025-03-21,DL,2879,ATL,ORD,1745,1856,131.00,6.00,9.00,0.00,0.00
2025-03-21,DL,300,ATL,BOS,1759,2035,156.00,-6.00,-25.00,0.00,0.00
2025-03-21,DL,746,ATL,DEN,1759,1921,202.00,-8.00,-3.00,0.00,0.00
2025-03-21,DL,500,ATL,LAX,1836,2042,306.00,101.00,89.00,0.00,0.00
2025-03-21,DL,472,ATL,SEA,1931,2208,337.00,-1.00,-2.00,0.00,0.00
2025-03-21,DL,518,ATL,BOS,1954,2229,155.00,-5.00,-12.00,0.00,0.00
2025-03-21,DL,493,ATL,DEN,1954,2117,203.00,-6.00,-1.00,0.00,0.00
2025-03-21,DL,1139,ATL,ORD,1954,2058,124.00,-6.00,-19.00,0.00,0.00
2025-03-21,DL,319,ATL,LAX,1959,2205,306.00,24.00,10.00,0.00,0.00
2025-03-21,DL,903,ATL,SEA,2119,2356,337.00,15.00,17.00,0.00,0.00
2025-03-21,DL,956,ATL,DEN,2120,2244,204.00,6.00,19.00,0.00,0.00
2025-03-21,DL,331,ATL,LAX,2157,0005,308.00,0.00,-16.00,0.00,0.00
2025-03-21,DL,865,ATL,BOS,2230,0105,155.00,1.00,-14.00,0.00,0.00
2025-03-21,DL,1199,ATL,ORD,2255,2356,121.00,-3.00,-7.00,0.00,0.00
2025-03-21,DL,695,BOS,ATL,0540,0842,182.00,0.00,-21.00,0.00,0.00
2025-03-21,DL,923,BOS,ATL,0650,0949,179.00,36.00,21.00,0.00,0.00
2025-03-21,DL,456,BOS,ATL,0820,1119,179.00,8.00,-19.00,0.00,0.00
2025-03-21,DL,973,BOS,ATL,1045,1342,177.00,17.00,-10.00,0.00,0.00
2025-03-21,DL,376,BOS,ATL,1205,1502,177.00,-1.00,-20.00,0.00,0.00
2025-03-21,DL,322,BOS,ATL,1400,1652,172.00,3.00,-17.00,0.00,0.00
2025-03-21,DL,638,BOS,ATL,1555,1851,176.00,-1.00,-11.00,0.00,0.00
2025-03-21,DL,399,BOS,ATL,1732,2035,183.00,-4.00,-23.00,0.00,0.00
2025-03-21,DL,385,BOS,ATL,1845,2150,185.00,7.00,-9.00,0.00,0.00
2025-03-21,DL,900,BOS,ATL,2040,2342,182.00,-7.00,-22.00,0.00,0.00
2025-03-21,DL,302,DEN,ATL,0055,0545,170.00,-3.00,-17.00,0.00,0.00
2025-03-21,DL,341,DEN,ATL,0600,1052,172.00,-2.00,-16.00,0.00,0.00
2025-03-21,DL,431,DEN,ATL,0710,1200,170.00,-2.00,-20.00,0.00,0.00
2025-03-21,DL,346,DEN,ATL,1035,1525,170.00,-2.00,-10.00,0.00,0.00
2025-03-21,DL,995,DEN,ATL,1220,1710,170.00,3.00,-9.00,0.00,0.00
2025-03-21,DL,706,DEN,ATL,1335,1824,169.00,-8.00,-29.00,0.00,0.00
2025-03-21,DL,957,DEN,ATL,1542,2034,172.00,0.00,-18.00,0.00,0.00
2025-03-21,DL,840,DEN,ATL,1649,2150,181.00,-6.00,-43.00,0.00,0.00
2025-03-21,DL,390,LAX,ATL,0600,1313,253.00,-5.00,5.00,0.00,0.00
2025-03-21,DL,515,LAX,ATL,0715,1424,249.00,1.00,-8.00,0.00,0.00
2025-03-21,DL,327,LAX,ATL,0820,1530,250.00,-6.00,-10.00,0.00,0.00
2025-03-21,DL,528,LAX,ATL,1100,1813,253.00,10.00,-5.00,0.00,0.00
2025-03-21,DL,446,LAX,ATL,1330,2034,244.00,4.00,1.00,0.00,0.00
2025-03-21,DL,715,LAX,ATL,1430,2139,249.00,-2.00,3.00,0.00,0.00
2025-03-21,DL,395,LAX,ATL,1740,0048,248.00,30.00,12.00,0.00,0.00
2025-03-21,DL,471,LAX,ATL,2155,0505,250.00,0.00,-17.00,0.00,0.00
2025-03-21,DL,899,LAX,ATL,2255,0606,251.00,24.00,15.00,0.00,0.00
2025-03-21,DL,320,LAX,ATL,2359,0712,253.00,31.00,20.00,0.00,0.00
2025-03-21,DL,1264,ORD,ATL,0545,0848,123.00,-3.00,-16.00,0.00,0.00
2025-03-21,DL,1247,ORD,ATL,0705,1008,123.00,0.00,2.00,0.00,0.00
2025-03-21,DL,1178,ORD,ATL,0947,1250,123.00,0.00,-22.00,0.00,0.00
2025-03-21,DL,1147,ORD,ATL,1120,1420,120.00,-5.00,-27.00,0.00,0.00
2025-03-21,DL,1477,ORD,ATL,1430,1724,114.00,47.00,36.00,0.00,0.00
2025-03-21,DL,2738,ORD,ATL,1730,2035,125.00,0.00,-14.00,0.00,0.00
2025-03-21,DL,2879,ORD,ATL,2010,2322,132.00,7.00,-17.00,0.00,0.00
2025-03-21,DL,569,SEA,ATL,0600,1346,286.00,-6.00,-36.00,0.00,0.00
2025-03-21,DL,562,SEA,ATL,0845,1633,288.00,2.00,-15.00,0.00,0.00
2025-03-21,DL,542,SEA,ATL,1200,1957,297.00,28.00,2.00,0.00,0.00
2025-03-21,DL,560,SEA,ATL,1550,2339,289.00,-4.00,-27.00,0.00,0.00
2025-03-21,DL,567,SEA,ATL,2230,0613,283.00,-1.00,-16.00,0.00,0.00
2025-03-21,DL,652,SEA,ATL,2330,0709,279.00,-3.00,-36.00,0.00,0.00
2025-03-22,DL,996,ATL,LAX,0730,0935,305.00,-1.00,-15.00,0.00,0.00
2025-03-22,DL,1178,ATL,ORD,0730,0837,127.00,-5.00,-11.00,0.00,0.00
2025-03-22,DL,444,ATL,SEA,0759,1035,336.00,-4.00,11.00,0.00,0.00
2025-03-22,DL,346,ATL,DEN,0810,0930,200.00,-5.00,0.00,0.00,0.00
2025-03-22,DL,849,ATL,BOS,0815,1050,155.00,20.00,7.00,0.00,0.00
2025-03-22,DL,898,ATL,LAX,0855,1104,309.00,-6.00,-24.00,0.00,0.00
2025-03-22,DL,1147,ATL,ORD,0915,1021,126.00,-3.00,-9.00,0.00,0.00
2025-03-22,DL,2181,ATL,DEN,0950,1115,205.00,4.00,-1.00,0.00,0.00
2025-03-22,DL,774,ATL,SEA,0959,1244,345.00,5.00,3.00,0.00,0.00
2025-03-22,DL,501,ATL,LAX,1000,1200,300.00,5.00,-2.00,0.00,0.00
2025-03-22,DL,855,ATL,BOS,1010,1247,157.00,2.00,-7.00,0.00,0.00
2025-03-22,DL,530,ATL,DEN,1107,1230,203.00,-6.00,-9.00,0.00,0.00
2025-03-22,DL,862,ATL,BOS,1115,1349,154.00,-3.00,-14.00,0.00,0.00
2025-03-22,DL,629,ATL,SEA,1212,1445,333.00,-8.00,2.00,0.00,0.00
2025-03-22,DL,350,ATL,BOS,1215,1442,147.00,63.00,55.00,0.00,0.00
2025-03-22,DL,1477,ATL,ORD,1215,1316,121.00,28.00,40.00,0.00,0.00
2025-03-22,DL,895,ATL,LAX,1249,1452,303.00,0.00,-21.00,0.00,0.00
2025-03-22,DL,1675,ATL,DEN,1319,1437,198.00,-4.00,-9.00,0.00,0.00
2025-03-22,DL,726,ATL,BOS,1348,1622,154.00,-4.00,-14.00,0.00,0.00
2025-03-22,DL,821,ATL,BOS,1505,1735,150.00,14.00,4.00,0.00,0.00
2025-03-22,DL,2738,ATL,ORD,1515,1620,125.00,49.00,47.00,0.00,0.00
2025-03-22,DL,1219,ATL,LAX,1535,1740,305.00,-4.00,-19.00,0.00,0.00
2025-03-22,DL,519,ATL,DEN,1550,1711,201.00,2.00,19.00,0.00,0.00
2025-03-22,DL,300,ATL,BOS,1605,1839,154.00,-7.00,-12.00,0.00,0.00
2025-03-22,DL,301,ATL,LAX,1645,1843,298.00,14.00,12.00,0.00,0.00
2025-03-22,DL,2879,ATL,ORD,1745,1855,130.00,-6.00,12.00,0.00,0.00
2025-03-22,DL,481,ATL,SEA,1745,2021,336.00,-2.00,-14.00,0.00,0.00
2025-03-22,DL,746,ATL,DEN,1836,1958,202.00,-6.00,-5.00,0.00,0.00
2025-03-22,DL,500,ATL,LAX,1836,2042,306.00,-5.00,-16.00,0.00,0.00
2025-03-22,DL,518,ATL,BOS,1845,2120,155.00,29.00,18.00,0.00,0.00
2025-03-22,DL,472,ATL,SEA,1945,2222,337.00,1.00,-6.00,0.00,0.00
2025-03-22,DL,319,ATL,LAX,2005,2212,307.00,13.00,2.00,0.00,0.00
2025-03-22,DL,956,ATL,DEN,2120,2244,204.00,-1.00,0.00,0.00,0.00
2025-03-22,DL,865,ATL,BOS,2235,0104,149.00,-2.00,-20.00,0.00,0.00
2025-03-22,DL,1199,ATL,ORD,2255,2356,121.00,1.00,-8.00,0.00,0.00
2025-03-22,DL,695,BOS,ATL,0540,0842,182.00,-2.00,-25.00,0.00,0.00
2025-03-22,DL,923,BOS,ATL,0650,0949,179.00,-8.00,-24.00,0.00,0.00
2025-03-22,DL,456,BOS,ATL,0820,1119,179.00,-4.00,-8.00,0.00,0.00
2025-03-22,DL,376,BOS,ATL,1205,1502,177.00,-2.00,-18.00,0.00,0.00
2025-03-22,DL,322,BOS,ATL,1400,1652,172.00,-3.00,-11.00,0.00,0.00
2025-03-22,DL,638,BOS,ATL,1555,1849,174.00,250.00,236.00,0.00,0.00
2025-03-22,DL,399,BOS,ATL,1732,2035,183.00,71.00,48.00,0.00,0.00
2025-03-22,DL,385,BOS,ATL,1845,2150,185.00,15.00,-11.00,0.00,0.00
2025-03-22,DL,973,BOS,ATL,1955,2257,182.00,-4.00,-18.00,0.00,0.00
2025-03-22,DL,302,DEN,ATL,0055,0545,170.00,0.00,-23.00,0.00,0.00
2025-03-22,DL,341,DEN,ATL,0600,1052,172.00,3.00,-20.00,0.00,0.00
2025-03-22,DL,431,DEN,ATL,0710,1200,170.00,0.00,-21.00,0.00,0.00
2025-03-22,DL,346,DEN,ATL,1035,1525,170.00,-1.00,-12.00,0.00,0.00
2025-03-22,DL,995,DEN,ATL,1220,1710,170.00,6.00,-9.00,0.00,0.00
2025-03-22,DL,706,DEN,ATL,1335,1824,169.00,-3.00,-17.00,0.00,0.00
2025-03-22,DL,957,DEN,ATL,1600,2100,180.00,0.00,-34.00,0.00,0.00
2025-03-22,DL,390,LAX,ATL,0600,1313,253.00,-1.00,-13.00,0.00,0.00
2025-03-22,DL,515,LAX,ATL,0715,1424,249.00,-10.00,-18.00,0.00,0.00
2025-03-22,DL,327,LAX,ATL,0820,1530,250.00,-4.00,-19.00,0.00,0.00
2025-03-22,DL,528,LAX,ATL,1100,1813,253.00,-5.00,-17.00,0.00,0.00
2025-03-22,DL,446,LAX,ATL,1330,2034,244.00,-3.00,-13.00,0.00,0.00
2025-03-22,DL,715,LAX,ATL,1430,2143,253.00,1.00,-3.00,0.00,0.00
2025-03-22,DL,471,LAX,ATL,2155,0505,250.00,0.00,-16.00,0.00,0.00
2025-03-22,DL,320,LAX,ATL,2359,0712,253.00,-3.00,-7.00,0.00,0.00
2025-03-22,DL,1264,ORD,ATL,0545,0848,123.00,4.00,-4.00,0.00,0.00
2025-03-22,DL,1247,ORD,ATL,0705,1008,123.00,-1.00,-15.00,0.00,0.00
2025-03-22,DL,1178,ORD,ATL,0947,1250,123.00,-2.00,-21.00,0.00,0.00
2025-03-22,DL,1147,ORD,ATL,1131,1427,116.00,-6.00,-23.00,0.00,0.00
2025-03-22,DL,1477,ORD,ATL,1430,1723,113.00,45.00,32.00,0.00,0.00
2025-03-22,DL,2738,ORD,ATL,1730,2035,125.00,40.00,23.00,0.00,0.00
2025-03-22,DL,569,SEA,ATL,0600,1346,286.00,-5.00,-33.00,0.00,0.00
2025-03-22,DL,562,SEA,ATL,0845,1633,288.00,13.00,-19.00,0.00,0.00
2025-03-22,DL,542,SEA,ATL,1200,1957,297.00,-3.00,-38.00,0.00,0.00
2025-03-22,DL,560,SEA,ATL,1550,2339,289.00,-1.00,-41.00,0.00,0.00
2025-03-22,DL,567,SEA,ATL,2230,0613,283.00,10.00,-12.00,0.00,0.00
2025-03-23,DL,987,ATL,BOS,0700,0934,154.00,-4.00,-18.00,0.00,0.00
2025-03-23,DL,996,ATL,LAX,0730,0935,305.00,0.00,-15.00,0.00,0.00
2025-03-23,DL,1178,ATL,ORD,0730,0837,127.00,-4.00,0.00,0.00,0.00
2025-03-23,DL,444,ATL,SEA,0759,1035,336.00,-8.00,24.00,0.00,0.00
2025-03-23,DL,346,ATL,DEN,0810,0930,200.00,-11.00,-4.00,0.00,0.00
2025-03-23,DL,849,ATL,BOS,0815,1050,155.00,6.00,-5.00,0.00,0.00
2025-03-23,DL,1147,ATL,ORD,0830,0935,125.00,-5.00,-4.00,0.00,0.00
2025-03-23,DL,898,ATL,LAX,0855,1104,309.00,-1.00,-22.00,0.00,0.00
2025-03-23,DL,774,ATL,SEA,0945,1230,345.00,-5.00,11.00,0.00,0.00
2025-03-23,DL,2181,ATL,DEN,0950,1115,205.00,-3.00,-3.00,0.00,0.00
2025-03-23,DL,501,ATL,LAX,1000,1200,300.00,5.00,9.00,0.00,0.00
2025-03-23,DL,855,ATL,BOS,1010,1247,157.00,-5.00,-17.00,0.00,0.00
2025-03-23,DL,530,ATL,DEN,1107,1230,203.00,-4.00,8.00,0.00,0.00
2025-03-23,DL,862,ATL,BOS,1110,1338,148.00,3.00,-2.00,0.00,0.00
2025-03-23,DL,629,ATL,SEA,1145,1422,337.00,-2.00,43.00,0.00,0.00
2025-03-23,DL,350,ATL,BOS,1215,1445,150.00,4.00,-3.00,0.00,0.00
2025-03-23,DL,1477,ATL,ORD,1215,1320,125.00,27.00,32.00,0.00,0.00
2025-03-23,DL,895,ATL,LAX,1249,1452,303.00,2.00,-14.00,0.00,0.00
2025-03-23,DL,1675,ATL,DEN,1319,1437,198.00,9.00,12.00,0.00,0.00
2025-03-23,DL,726,ATL,BOS,1348,1622,154.00,36.00,17.00,0.00,0.00
2025-03-23,DL,519,ATL,DEN,1424,1544,200.00,27.00,28.00,0.00,0.00
2025-03-23,DL,753,ATL,LAX,1430,1629,299.00,4.00,-8.00,0.00,0.00
2025-03-23,DL,821,ATL,BOS,1505,1735,150.00,0.00,-12.00,0.00,0.00
2025-03-23,DL,2738,ATL,ORD,1515,1620,125.00,-2.00,-10.00,0.00,0.00
2025-03-23,DL,1219,ATL,LAX,1535,1740,305.00,107.00,78.00,0.00,0.00
2025-03-23,DL,481,ATL,SEA,1555,1832,337.00,28.00,42.00,0.00,0.00
2025-03-23,DL,301,ATL,LAX,1645,1843,298.00,37.00,39.00,0.00,0.00
2025-03-23,DL,2879,ATL,ORD,1745,1856,131.00,0.00,13.00,0.00,0.00
2025-03-23,DL,300,ATL,BOS,1759,2035,156.00,5.00,-12.00,0.00,0.00
2025-03-23,DL,746,ATL,DEN,1759,1921,202.00,1.00,1.00,0.00,0.00
2025-03-23,DL,500,ATL,LAX,1836,2042,306.00,-2.00,-26.00,0.00,0.00
2025-03-23,DL,472,ATL,SEA,1931,2208,337.00,6.00,10.00,0.00,0.00
2025-03-23,DL,518,ATL,BOS,1954,2229,155.00,7.00,-2.00,0.00,0.00
2025-03-23,DL,493,ATL,DEN,1954,2117,203.00,-4.00,16.00,0.00,0.00
2025-03-23,DL,1139,ATL,ORD,1954,2058,124.00,-5.00,-6.00,0.00,0.00
2025-03-23,DL,319,ATL,LAX,1959,2205,306.00,12.00,0.00,0.00,0.00
2025-03-23,DL,903,ATL,SEA,2119,2356,337.00,-5.00,26.00,0.00,0.00
2025-03-23,DL,956,ATL,DEN,2120,2244,204.00,-5.00,29.00,0.00,0.00
2025-03-23,DL,331,ATL,LAX,2157,0005,308.00,-1.00,10.00,0.00,0.00
2025-03-23,DL,865,ATL,BOS,2230,0105,155.00,-1.00,-19.00,0.00,0.00
2025-03-23,DL,1199,ATL,ORD,2255,2356,121.00,11.00,2.00,0.00,0.00
2025-03-23,DL,695,BOS,ATL,0540,0842,182.00,-5.00,-24.00,0.00,0.00
2025-03-23,DL,923,BOS,ATL,0650,0949,179.00,0.00,-12.00,0.00,0.00
2025-03-23,DL,456,BOS,ATL,0820,1119,179.00,-3.00,-12.00,0.00,0.00
2025-03-23,DL,973,BOS,ATL,1045,1342,177.00,0.00,-9.00,0.00,0.00
2025-03-23,DL,376,BOS,ATL,1205,1502,177.00,-3.00,-10.00,0.00,0.00
2025-03-23,DL,322,BOS,ATL,1400,1652,172.00,-4.00,-6.00,0.00,0.00
2025-03-23,DL,638,BOS,ATL,1555,1851,176.00,6.00,-14.00,0.00,0.00
2025-03-23,DL,399,BOS,ATL,1732,2035,183.00,44.00,40.00,0.00,0.00
2025-03-23,DL,385,BOS,ATL,1845,2150,185.00,7.00,-10.00,0.00,0.00
2025-03-23,DL,900,BOS,ATL,2040,2342,182.00,-13.00,-28.00,0.00,0.00
2025-03-23,DL,302,DEN,ATL,0055,0545,170.00,-2.00,-25.00,0.00,0.00
2025-03-23,DL,341,DEN,ATL,0600,1052,172.00,-4.00,-4.00,0.00,0.00
2025-03-23,DL,431,DEN,ATL,0710,1202,172.00,-7.00,-10.00,0.00,0.00
2025-03-23,DL,346,DEN,ATL,1035,1525,170.00,-5.00,-21.00,0.00,0.00
2025-03-23,DL,995,DEN,ATL,1220,1710,170.00,-4.00,-24.00,0.00,0.00
2025-03-23,DL,706,DEN,ATL,1335,1824,169.00,9.00,-4.00,0.00,0.00
2025-03-23,DL,957,DEN,ATL,1542,2034,172.00,15.00,35.00,0.00,0.00
2025-03-23,DL,840,DEN,ATL,1649,2150,181.00,18.00,20.00,0.00,0.00
2025-03-23,DL,390,LAX,ATL,0600,1313,253.00,-1.00,12.00,0.00,0.00
2025-03-23,DL,515,LAX,ATL,0715,1424,249.00,9.00,18.00,0.00,0.00
2025-03-23,DL,327,LAX,ATL,0820,1530,250.00,43.00,49.00,0.00,0.00
2025-03-23,DL,528,LAX,ATL,1100,1813,253.00,-2.00,-5.00,0.00,0.00
2025-03-23,DL,446,LAX,ATL,1330,2034,244.00,13.00,27.00,0.00,0.00
2025-03-23,DL,715,LAX,ATL,1430,2140,250.00,-1.00,8.00,0.00,0.00
2025-03-23,DL,395,LAX,ATL,1740,0048,248.00,-1.00,13.00,0.00,0.00
2025-03-23,DL,471,LAX,ATL,2155,0505,250.00,-4.00,11.00,0.00,0.00
2025-03-23,DL,899,LAX,ATL,2255,0606,251.00,10.00,16.00,0.00,0.00
2025-03-23,DL,320,LAX,ATL,2359,0712,253.00,90.00,101.00,0.00,0.00
2025-03-23,DL,1264,ORD,ATL,0545,0848,123.00,-3.00,-20.00,0.00,0.00
2025-03-23,DL,1247,ORD,ATL,0705,1008,123.00,-1.00,5.00,0.00,0.00
2025-03-23,DL,1178,ORD,ATL,0947,1250,123.00,0.00,-15.00,0.00,0.00
2025-03-23,DL,1147,ORD,ATL,1047,1348,121.00,-5.00,-18.00,0.00,0.00
2025-03-23,DL,1477,ORD,ATL,1430,1724,114.00,32.00,40.00,0.00,0.00
2025-03-23,DL,2738,ORD,ATL,1730,2035,125.00,7.00,-6.00,0.00,0.00
2025-03-23,DL,2879,ORD,ATL,2010,2322,132.00,4.00,25.00,0.00,0.00
2025-03-23,DL,569,SEA,ATL,0600,1346,286.00,-1.00,-22.00,0.00,0.00
2025-03-23,DL,562,SEA,ATL,0845,1633,288.00,-4.00,-27.00,0.00,0.00
2025-03-23,DL,542,SEA,ATL,1200,1957,297.00,0.00,-22.00,0.00,0.00
2025-03-23,DL,560,SEA,ATL,1550,2339,289.00,24.00,40.00,0.00,0.00
2025-03-23,DL,567,SEA,ATL,2230,0613,283.00,-5.00,-20.00,0.00,0.00
2025-03-23,DL,652,SEA,ATL,2330,0709,279.00,21.00,11.00,0.00,0.00
2025-03-24,DL,987,ATL,BOS,0700,0934,154.00,-1.00,-7.00,0.00,0.00
2025-03-24,DL,996,ATL,LAX,0730,0935,305.00,1.00,-7.00,0.00,0.00
2025-03-24,DL,1178,ATL,ORD,0730,0837,127.00,-6.00,-15.00,0.00,0.00
2025-03-24,DL,444,ATL,SEA,0759,1035,336.00,-4.00,4.00,0.00,0.00
2025-03-24,DL,346,ATL,DEN,0810,0930,200.00,-5.00,-9.00,0.00,0.00
2025-03-24,DL,849,ATL,BOS,0815,1050,155.00,21.00,21.00,0.00,0.00
2025-03-24,DL,898,ATL,LAX,0856,1105,309.00,27.00,-4.00,0.00,0.00
2025-03-24,DL,1147,ATL,ORD,0905,1006,121.00,13.00,1.00,0.00,0.00
2025-03-24,DL,774,ATL,SEA,0945,1230,345.00,29.00,21.00,0.00,0.00
2025-03-24,DL,2181,ATL,DEN,0950,1115,205.00,20.00,46.00,0.00,0.00
2025-03-24,DL,501,ATL,LAX,1000,1200,300.00,25.00,0.00,0.00,0.00
2025-03-24,DL,855,ATL,BOS,1010,1247,157.00,-4.00,-13.00,0.00,0.00
2025-03-24,DL,530,ATL,DEN,1107,1230,203.00,2.00,-9.00,0.00,0.00
2025-03-24,DL,862,ATL,BOS,1110,1338,148.00,-7.00,-9.00,0.00,0.00
2025-03-24,DL,629,ATL,SEA,1145,1422,337.00,29.00,34.00,0.00,0.00
2025-03-24,DL,350,ATL,BOS,1215,1445,150.00,20.00,16.00,0.00,0.00
2025-03-24,DL,1477,ATL,ORD,1215,1320,125.00,16.00,6.00,0.00,0.00
2025-03-24,DL,895,ATL,LAX,1249,1452,303.00,36.00,11.00,0.00,0.00
2025-03-24,DL,1675,ATL,DEN,1319,1437,198.00,-7.00,-9.00,0.00,0.00
2025-03-24,DL,726,ATL,BOS,1348,1622,154.00,64.00,45.00,0.00,0.00
2025-03-24,DL,519,ATL,DEN,1424,1544,200.00,4.00,-1.00,0.00,0.00
2025-03-24,DL,753,ATL,LAX,1430,1629,299.00,141.00,114.00,0.00,0.00
2025-03-24,DL,821,ATL,BOS,1505,1735,150.00,-2.00,-5.00,0.00,0.00
2025-03-24,DL,2738,ATL,ORD,1515,1620,125.00,-5.00,-7.00,0.00,0.00
2025-03-24,DL,1219,ATL,LAX,1535,1740,305.00,23.00,-16.00,0.00,0.00
2025-03-24,DL,481,ATL,SEA,1555,1832,337.00,11.00,4.00,0.00,0.00
2025-03-24,DL,301,ATL,LAX,1645,1843,298.00,40.00,23.00,0.00,0.00
2025-03-24,DL,2879,ATL,ORD,1745,1856,131.00,20.00,9.00,0.00,0.00
2025-03-24,DL,300,ATL,BOS,1759,2035,156.00,89.00,76.00,0.00,0.00
2025-03-24,DL,746,ATL,DEN,1759,1921,202.00,15.00,5.00,0.00,0.00
2025-03-24,DL,500,ATL,LAX,1836,2042,306.00,6.00,-20.00,0.00,0.00
2025-03-24,DL,472,ATL,SEA,1931,2208,337.00,-3.00,19.00,0.00,0.00
2025-03-24,DL,518,ATL,BOS,1954,2229,155.00,36.00,30.00,0.00,0.00
2025-03-24,DL,493,ATL,DEN,1954,2117,203.00,-7.00,-8.00,0.00,0.00
2025-03-24,DL,1139,ATL,ORD,1954,2058,124.00,-7.00,-20.00,0.00,0.00
2025-03-24,DL,319,ATL,LAX,1959,2205,306.00,0.00,-30.00,0.00,0.00
2025-03-24,DL,903,ATL,SEA,2119,2356,337.00,-1.00,-1.00,0.00,0.00
2025-03-24,DL,956,ATL,DEN,2120,2244,204.00,-4.00,-15.00,0.00,0.00
2025-03-24,DL,331,ATL,LAX,2157,0005,308.00,-3.00,-34.00,0.00,0.00
2025-03-24,DL,865,ATL,BOS,2230,0105,155.00,21.00,0.00,0.00,0.00
2025-03-24,DL,1199,ATL,ORD,2255,2356,121.00,-4.00,-4.00,0.00,0.00
2025-03-24,DL,695,BOS,ATL,0540,0842,182.00,-7.00,-6.00,0.00,0.00
2025-03-24,DL,923,BOS,ATL,0650,0949,179.00,-5.00,3.00,0.00,0.00
2025-03-24,DL,456,BOS,ATL,0820,1119,179.00,1.00,11.00,0.00,0.00
2025-03-24,DL,973,BOS,ATL,1045,1342,177.00,10.00,6.00,0.00,0.00
2025-03-24,DL,376,BOS,ATL,1205,1502,177.00,-1.00,-5.00,0.00,0.00
2025-03-24,DL,322,BOS,ATL,1400,1652,172.00,4.00,16.00,0.00,0.00
2025-03-24,DL,638,BOS,ATL,1555,1851,176.00,14.00,25.00,0.00,0.00
2025-03-24,DL,399,BOS,ATL,1732,2035,183.00,38.00,42.00,0.00,0.00
2025-03-24,DL,385,BOS,ATL,1845,2150,185.00,-9.00,-15.00,0.00,0.00
2025-03-24,DL,900,BOS,ATL,2040,2342,182.00,42.00,32.00,0.00,0.00
2025-03-24,DL,302,DEN,ATL,0055,0545,170.00,-4.00,-9.00,0.00,0.00
2025-03-24,DL,341,DEN,ATL,0600,1052,172.00,-2.00,-2.00,0.00,0.00
2025-03-24,DL,431,DEN,ATL,0710,1200,170.00,-1.00,-7.00,0.00,0.00
2025-03-24,DL,346,DEN,ATL,1035,1525,170.00,6.00,-1.00,0.00,0.00
2025-03-24,DL,995,DEN,ATL,1220,1710,170.00,42.00,30.00,0.00,0.00
2025-03-24,DL,706,DEN,ATL,1335,1824,169.00,-4.00,-13.00,0.00,0.00
2025-03-24,DL,957,DEN,ATL,1542,2034,172.00,-1.00,-11.00,0.00,0.00
2025-03-24,DL,840,DEN,ATL,1649,2150,181.00,-7.00,-18.00,0.00,0.00
2025-03-24,DL,390,LAX,ATL,0600,1313,253.00,-6.00,16.00,0.00,0.00
2025-03-24,DL,515,LAX,ATL,0715,1424,249.00,-6.00,13.00,0.00,0.00
2025-03-24,DL,327,LAX,ATL,0820,1530,250.00,-9.00,27.00,0.00,0.00
2025-03-24,DL,528,LAX,ATL,1100,1813,253.00,26.00,27.00,0.00,0.00
2025-03-24,DL,446,LAX,ATL,1330,2034,244.00,4.00,13.00,0.00,0.00
2025-03-24,DL,715,LAX,ATL,1430,2143,253.00,2.00,5.00,0.00,0.00
2025-03-24,DL,395,LAX,ATL,1740,0048,248.00,108.00,114.00,0.00,0.00
2025-03-24,DL,471,LAX,ATL,2155,0505,250.00,0.00,-2.00,0.00,0.00
2025-03-24,DL,899,LAX,ATL,2255,0606,251.00,0.00,-4.00,0.00,0.00
2025-03-24,DL,320,LAX,ATL,2359,0712,253.00,4.00,-5.00,0.00,0.00
2025-03-24,DL,1264,ORD,ATL,0545,0848,123.00,-5.00,-17.00,0.00,0.00
2025-03-24,DL,1247,ORD,ATL,0705,1008,123.00,-7.00,-9.00,0.00,0.00
2025-03-24,DL,1178,ORD,ATL,0947,1250,123.00,-7.00,-28.00,0.00,0.00
2025-03-24,DL,1147,ORD,ATL,1120,1419,119.00,-5.00,-13.00,0.00,0.00
2025-03-24,DL,1477,ORD,ATL,1430,1724,114.00,26.00,19.00,0.00,0.00
2025-03-24,DL,2738,ORD,ATL,1730,2035,125.00,-1.00,-28.00,0.00,0.00
2025-03-24,DL,2879,ORD,ATL,2010,2322,132.00,-5.00,-45.00,0.00,0.00
2025-03-24,DL,569,SEA,ATL,0600,1346,286.00,-5.00,-7.00,0.00,0.00
2025-03-24,DL,562,SEA,ATL,0845,1633,288.00,-2.00,-29.00,0.00,0.00
2025-03-24,DL,542,SEA,ATL,1200,1957,297.00,0.00,4.00,0.00,0.00
2025-03-24,DL,560,SEA,ATL,1550,2339,289.00,9.00,-19.00,0.00,0.00
2025-03-24,DL,567,SEA,ATL,2230,0613,283.00,-6.00,-41.00,0.00,0.00
2025-03-24,DL,652,SEA,ATL,2330,0709,279.00,12.00,-21.00,0.00,0.00
2025-03-25,DL,987,ATL,BOS,0700,0934,154.00,-5.00,-19.00,0.00,0.00
2025-03-25,DL,996,ATL,LAX,0730,0935,305.00,-6.00,-39.00,0.00,0.00
2025-03-25,DL,1178,ATL,ORD,0730,0837,127.00,-6.00,4.00,0.00,0.00
2025-03-25,DL,444,ATL,SEA,0759,1035,336.00,-1.00,2.00,0.00,0.00
2025-03-25,DL,346,ATL,DEN,0810,0930,200.00,0.00,8.00,0.00,0.00
2025-03-25,DL,849,ATL,BOS,0815,1050,155.00,-10.00,-22.00,0.00,0.00
2025-03-25,DL,898,ATL,LAX,0855,1104,309.00,-7.00,-36.00,0.00,0.00
2025-03-25,DL,1147,ATL,ORD,0905,1006,121.00,-5.00,-4.00,0.00,0.00
2025-03-25,DL,774,ATL,SEA,0945,1230,345.00,-5.00,-14.00,0.00,0.00
2025-03-25,DL,2181,ATL,DEN,0950,1115,205.00,-2.00,-17.00,0.00,0.00
2025-03-25,DL,501,ATL,LAX,1000,1200,300.00,17.00,-5.00,0.00,0.00
2025-03-25,DL,855,ATL,BOS,1010,1241,151.00,-4.00,-10.00,0.00,0.00
2025-03-25,DL,530,ATL,DEN,1107,1230,203.00,-3.00,-8.00,0.00,0.00
2025-03-25,DL,862,ATL,BOS,1115,1349,154.00,-4.00,-11.00,0.00,0.00
2025-03-25,DL,629,ATL,SEA,1145,1422,337.00,0.00,-13.00,0.00,0.00
2025-03-25,DL,350,ATL,BOS,1215,1445,150.00,-1.00,-10.00,0.00,0.00
2025-03-25,DL,1477,ATL,ORD,1240,1345,125.00,-5.00,6.00,0.00,0.00
2025-03-25,DL,895,ATL,LAX,1249,1452,303.00,14.00,-19.00,0.00,0.00
2025-03-25,DL,1675,ATL,DEN,1319,1437,198.00,0.00,-5.00,0.00,0.00
2025-03-25,DL,726,ATL,BOS,1348,1622,154.00,-5.00,-14.00,0.00,0.00
2025-03-25,DL,753,ATL,LAX,1430,1629,299.00,-1.00,-31.00,0.00,0.00
2025-03-25,DL,2738,ATL,ORD,1515,1620,125.00,-4.00,16.00,0.00,0.00
2025-03-25,DL,1219,ATL,LAX,1535,1741,306.00,42.00,11.00,0.00,0.00
2025-03-25,DL,519,ATL,DEN,1550,1711,201.00,-2.00,-10.00,0.00,0.00
2025-03-25,DL,481,ATL,SEA,1555,1832,337.00,-8.00,15.00,0.00,0.00
2025-03-25,DL,821,ATL,BOS,1559,1835,156.00,13.00,-5.00,0.00,0.00
2025-03-25,DL,301,ATL,LAX,1645,1843,298.00,71.00,45.00,0.00,0.00
2025-03-25,DL,2879,ATL,ORD,1745,1855,130.00,16.00,28.00,0.00,0.00
2025-03-25,DL,746,ATL,DEN,1836,1958,202.00,-4.00,-7.00,0.00,0.00
2025-03-25,DL,500,ATL,LAX,1836,2042,306.00,-7.00,-40.00,0.00,0.00
2025-03-25,DL,518,ATL,BOS,1845,2114,149.00,-5.00,-18.00,0.00,0.00
2025-03-25,DL,472,ATL,SEA,1945,2222,337.00,0.00,-2.00,0.00,0.00
2025-03-25,DL,319,ATL,LAX,2003,2210,307.00,51.00,16.00,0.00,0.00
2025-03-25,DL,956,ATL,DEN,2120,2244,204.00,25.00,19.00,0.00,0.00
2025-03-25,DL,865,ATL,BOS,2230,0105,155.00,-2.00,-27.00,0.00,0.00
2025-03-25,DL,1199,ATL,ORD,2255,2356,121.00,0.00,3.00,0.00,0.00
2025-03-25,DL,695,BOS,ATL,0540,0842,182.00,-5.00,-16.00,0.00,0.00
2025-03-25,DL,923,BOS,ATL,0650,0949,179.00,-8.00,-20.00,0.00,0.00
2025-03-25,DL,456,BOS,ATL,0820,1119,179.00,7.00,-4.00,0.00,0.00
2025-03-25,DL,973,BOS,ATL,1045,1342,177.00,-8.00,-23.00,0.00,0.00
2025-03-25,DL,376,BOS,ATL,1150,1446,176.00,-5.00,-7.00,0.00,0.00
2025-03-25,DL,385,BOS,ATL,1250,1545,175.00,-9.00,-21.00,0.00,0.00
2025-03-25,DL,322,BOS,ATL,1400,1650,170.00,-3.00,-7.00,0.00,0.00
2025-03-25,DL,638,BOS,ATL,1555,1851,176.00,-7.00,-22.00,0.00,0.00
2025-03-25,DL,399,BOS,ATL,1732,2035,183.00,-4.00,-20.00,0.00,0.00
2025-03-25,DL,302,DEN,ATL,0055,0545,170.00,-13.00,-34.00,0.00,0.00
2025-03-25,DL,341,DEN,ATL,0600,1052,172.00,-3.00,-8.00,0.00,0.00
2025-03-25,DL,431,DEN,ATL,0710,1200,170.00,4.00,-11.00,0.00,0.00
2025-03-25,DL,346,DEN,ATL,1035,1525,170.00,10.00,-5.00,0.00,0.00
2025-03-25,DL,995,DEN,ATL,1220,1710,170.00,5.00,-10.00,0.00,0.00
2025-03-25,DL,706,DEN,ATL,1335,1824,169.00,5.00,-6.00,0.00,0.00
2025-03-25,DL,957,DEN,ATL,1600,2100,180.00,-6.00,-19.00,0.00,0.00
2025-03-25,DL,390,LAX,ATL,0600,1313,253.00,-3.00,-5.00,0.00,0.00
2025-03-25,DL,515,LAX,ATL,0715,1424,249.00,1.00,3.00,0.00,0.00
2025-03-25,DL,327,LAX,ATL,0820,1530,250.00,-6.00,3.00,0.00,0.00
2025-03-25,DL,528,LAX,ATL,1100,1813,253.00,1.00,-5.00,0.00,0.00
2025-03-25,DL,446,LAX,ATL,1330,2034,244.00,-4.00,-13.00,0.00,0.00
2025-03-25,DL,715,LAX,ATL,1430,2143,253.00,-2.00,3.00,0.00,0.00
2025-03-25,DL,395,LAX,ATL,1740,0048,248.00,-8.00,-16.00,0.00,0.00
2025-03-25,DL,471,LAX,ATL,2155,0505,250.00,-6.00,-13.00,0.00,0.00
2025-03-25,DL,320,LAX,ATL,2359,0712,253.00,9.00,-2.00,0.00,0.00
2025-03-25,DL,1264,ORD,ATL,0545,0848,123.00,60.00,71.00,0.00,0.00
2025-03-25,DL,1247,ORD,ATL,0705,1008,123.00,0.00,5.00,0.00,0.00
2025-03-25,DL,1178,ORD,ATL,0947,1250,123.00,0.00,-18.00,0.00,0.00
2025-03-25,DL,1147,ORD,ATL,1120,1419,119.00,-8.00,-25.00,0.00,0.00
2025-03-25,DL,1477,ORD,ATL,1455,1748,113.00,7.00,9.00,0.00,0.00
2025-03-25,DL,2738,ORD,ATL,1730,2035,125.00,0.00,-28.00,0.00,0.00
2025-03-25,DL,569,SEA,ATL,0600,1346,286.00,-3.00,-40.00,0.00,0.00
2025-03-25,DL,562,SEA,ATL,0845,1633,288.00,2.00,-22.00,0.00,0.00
2025-03-25,DL,542,SEA,ATL,1200,1957,297.00,6.00,-32.00,0.00,0.00
2025-03-25,DL,560,SEA,ATL,1550,2339,289.00,-8.00,-43.00,0.00,0.00
2025-03-25,DL,567,SEA,ATL,2230,0613,283.00,0.00,-31.00,0.00,0.00
2025-03-26,DL,987,ATL,BOS,0700,0934,154.00,1.00,-10.00,0.00,0.00
2025-03-26,DL,996,ATL,LAX,0730,0935,305.00,13.00,-13.00,0.00,0.00
2025-03-26,DL,1178,ATL,ORD,0730,0837,127.00,-8.00,-3.00,0.00,0.00
2025-03-26,DL,444,ATL,SEA,0759,1035,336.00,5.00,10.00,0.00,0.00
2025-03-26,DL,346,ATL,DEN,0810,0930,200.00,-4.00,1.00,0.00,0.00
2025-03-26,DL,849,ATL,BOS,0815,1050,155.00,-7.00,-23.00,0.00,0.00
2025-03-26,DL,898,ATL,LAX,0855,1104,309.00,-3.00,-32.00,0.00,0.00
2025-03-26,DL,1147,ATL,ORD,0905,1010,125.00,-4.00,-6.00,0.00,0.00
2025-03-26,DL,774,ATL,SEA,0945,1230,345.00,1.00,-11.00,0.00,0.00
2025-03-26,DL,2181,ATL,DEN,0950,1115,205.00,-7.00,-15.00,0.00,0.00
2025-03-26,DL,501,ATL,LAX,1000,1200,300.00,-3.00,16.00,0.00,0.00
2025-03-26,DL,855,ATL,BOS,1010,1247,157.00,-11.00,-18.00,0.00,0.00
2025-03-26,DL,530,ATL,DEN,1107,1230,203.00,3.00,-8.00,0.00,0.00
2025-03-26,DL,862,ATL,BOS,1110,1338,148.00,-8.00,-21.00,0.00,0.00
2025-03-26,DL,629,ATL,SEA,1145,1422,337.00,-3.00,-16.00,0.00,0.00
2025-03-26,DL,350,ATL,BOS,1215,1445,150.00,-9.00,-25.00,0.00,0.00
2025-03-26,DL,1477,ATL,ORD,1240,1345,125.00,-6.00,-10.00,0.00,0.00
2025-03-26,DL,895,ATL,LAX,1249,1452,303.00,5.00,-13.00,0.00,0.00
2025-03-26,DL,1675,ATL,DEN,1319,1437,198.00,2.00,-6.00,0.00,0.00
2025-03-26,DL,726,ATL,BOS,1348,1622,154.00,-4.00,-14.00,0.00,0.00
2025-03-26,DL,753,ATL,LAX,1430,1629,299.00,25.00,13.00,0.00,0.00
2025-03-26,DL,821,ATL,BOS,1505,1735,150.00,4.00,-8.00,0.00,0.00
2025-03-26,DL,2738,ATL,ORD,1515,1620,125.00,-4.00,22.00,0.00,0.00
2025-03-26,DL,1219,ATL,LAX,1535,1740,305.00,8.00,-16.00,0.00,0.00
2025-03-26,DL,519,ATL,DEN,1550,1711,201.00,-1.00,-5.00,0.00,0.00
2025-03-26,DL,481,ATL,SEA,1555,1832,337.00,2.00,-11.00,0.00,0.00
2025-03-26,DL,301,ATL,LAX,1645,1843,298.00,-7.00,-31.00,0.00,0.00
2025-03-26,DL,2879,ATL,ORD,1745,1856,131.00,19.00,41.00,0.00,0.00
2025-03-26,DL,746,ATL,DEN,1836,1958,202.00,-5.00,-14.00,0.00,0.00
2025-03-26,DL,500,ATL,LAX,1836,2042,306.00,1.00,-22.00,0.00,0.00
2025-03-26,DL,518,ATL,BOS,1845,2120,155.00,21.00,18.00,0.00,0.00
2025-03-26,DL,472,ATL,SEA,1945,2222,337.00,-3.00,-18.00,0.00,0.00
2025-03-26,DL,1139,ATL,ORD,1954,2058,124.00,-3.00,1.00,0.00,0.00
2025-03-26,DL,319,ATL,LAX,2015,2220,305.00,-1.00,13.00,0.00,0.00
2025-03-26,DL,956,ATL,DEN,2120,2244,204.00,0.00,-17.00,0.00,0.00
2025-03-26,DL,865,ATL,BOS,2230,0105,155.00,0.00,-18.00,0.00,0.00
2025-03-26,DL,1199,ATL,ORD,2255,2356,121.00,-1.00,-3.00,0.00,0.00
2025-03-26,DL,695,BOS,ATL,0540,0842,182.00,-6.00,-22.00,0.00,0.00
2025-03-26,DL,923,BOS,ATL,0650,0949,179.00,-4.00,-18.00,0.00,0.00
2025-03-26,DL,456,BOS,ATL,0820,1119,179.00,-1.00,-17.00,0.00,0.00
2025-03-26,DL,973,BOS,ATL,1045,1342,177.00,0.00,-20.00,0.00,0.00
2025-03-26,DL,376,BOS,ATL,1205,1502,177.00,0.00,-22.00,0.00,0.00
2025-03-26,DL,322,BOS,ATL,1400,1652,172.00,-1.00,-22.00,0.00,0.00
2025-03-26,DL,638,BOS,ATL,1555,1851,176.00,0.00,1.00,0.00,0.00
2025-03-26,DL,399,BOS,ATL,1732,2035,183.00,-3.00,-24.00,0.00,0.00
2025-03-26,DL,385,BOS,ATL,1900,2204,184.00,85.00,63.00,0.00,0.00
2025-03-26,DL,302,DEN,ATL,0055,0545,170.00,-9.00,-26.00,0.00,0.00
2025-03-26,DL,341,DEN,ATL,0600,1052,172.00,-8.00,-20.00,0.00,0.00
2025-03-26,DL,431,DEN,ATL,0710,1200,170.00,-3.00,-16.00,0.00,0.00
2025-03-26,DL,346,DEN,ATL,1035,1525,170.00,0.00,1.00,0.00,0.00
2025-03-26,DL,995,DEN,ATL,1220,1710,170.00,-4.00,-21.00,0.00,0.00
2025-03-26,DL,706,DEN,ATL,1335,1824,169.00,-1.00,-5.00,0.00,0.00
2025-03-26,DL,957,DEN,ATL,1600,2100,180.00,2.00,-12.00,0.00,0.00
2025-03-26,DL,390,LAX,ATL,0600,1313,253.00,2.00,-6.00,0.00,0.00
2025-03-26,DL,515,LAX,ATL,0715,1422,247.00,-4.00,3.00,0.00,0.00
2025-03-26,DL,327,LAX,ATL,0820,1530,250.00,-3.00,-1.00,0.00,0.00
2025-03-26,DL,528,LAX,ATL,1100,1813,253.00,-2.00,-7.00,0.00,0.00
2025-03-26,DL,446,LAX,ATL,1330,2034,244.00,4.00,-5.00,0.00,0.00
2025-03-26,DL,715,LAX,ATL,1430,2143,253.00,-1.00,5.00,0.00,0.00
2025-03-26,DL,395,LAX,ATL,1740,0048,248.00,15.00,9.00,0.00,0.00
2025-03-26,DL,471,LAX,ATL,2155,0505,250.00,-5.00,-11.00,0.00,0.00
2025-03-26,DL,320,LAX,ATL,2359,0712,253.00,2.00,8.00,0.00,0.00
2025-03-26,DL,1264,ORD,ATL,0545,0848,123.00,-2.00,-5.00,0.00,0.00
2025-03-26,DL,1247,ORD,ATL,0705,1008,123.00,-4.00,-18.00,0.00,0.00
2025-03-26,DL,1178,ORD,ATL,0947,1250,123.00,-5.00,-21.00,0.00,0.00
2025-03-26,DL,1147,ORD,ATL,1120,1420,120.00,-4.00,-28.00,0.00,0.00
2025-03-26,DL,1477,ORD,ATL,1455,1748,113.00,1.00,-13.00,0.00,0.00
2025-03-26,DL,2738,ORD,ATL,1730,2035,125.00,18.00,-11.00,0.00,0.00
2025-03-26,DL,2879,ORD,ATL,2010,2322,132.00,16.00,11.00,0.00,0.00
2025-03-26,DL,569,SEA,ATL,0600,1346,286.00,-1.00,-24.00,0.00,0.00
2025-03-26,DL,562,SEA,ATL,0845,1633,288.00,7.00,-3.00,0.00,0.00
2025-03-26,DL,542,SEA,ATL,1200,1957,297.00,2.00,-24.00,0.00,0.00
2025-03-26,DL,560,SEA,ATL,1550,2339,289.00,0.00,-24.00,0.00,0.00
2025-03-26,DL,567,SEA,ATL,2230,0613,283.00,4.00,-6.00,0.00,0.00
2025-03-27,DL,987,ATL,BOS,0700,0934,154.00,-9.00,-17.00,0.00,0.00
2025-03-27,DL,996,ATL,LAX,0730,0935,305.00,-3.00,-22.00,0.00,0.00
2025-03-27,DL,1178,ATL,ORD,0730,0837,127.00,-1.00,-7.00,0.00,0.00
2025-03-27,DL,444,ATL,SEA,0759,1035,336.00,16.00,-8.00,0.00,0.00
2025-03-27,DL,346,ATL,DEN,0810,0930,200.00,1.00,1.00,0.00,0.00
2025-03-27,DL,849,ATL,BOS,0815,1050,155.00,-6.00,-12.00,0.00,0.00
2025-03-27,DL,898,ATL,LAX,0855,1104,309.00,34.00,,0.00,1.00
2025-03-27,DL,1147,ATL,ORD,0905,1010,125.00,-2.00,1.00,0.00,0.00
2025-03-27,DL,774,ATL,SEA,0945,1230,345.00,-4.00,-31.00,0.00,0.00
2025-03-27,DL,2181,ATL,DEN,0950,1115,205.00,-6.00,-20.00,0.00,0.00
2025-03-27,DL,501,ATL,LAX,1000,1200,300.00,-1.00,-16.00,0.00,0.00
2025-03-27,DL,855,ATL,BOS,1010,1247,157.00,-3.00,1.00,0.00,0.00
2025-03-27,DL,530,ATL,DEN,1107,1230,203.00,-4.00,-18.00,0.00,0.00
2025-03-27,DL,862,ATL,BOS,1110,1338,148.00,21.00,7.00,0.00,0.00
2025-03-27,DL,629,ATL,SEA,1145,1422,337.00,-2.00,-30.00,0.00,0.00
2025-03-27,DL,350,ATL,BOS,1215,1445,150.00,5.00,1.00,0.00,0.00
2025-03-27,DL,1477,ATL,ORD,1215,1321,126.00,-5.00,-6.00,0.00,0.00
2025-03-27,DL,895,ATL,LAX,1249,1452,303.00,-7.00,-33.00,0.00,0.00
2025-03-27,DL,1675,ATL,DEN,1319,1437,198.00,-10.00,-12.00,0.00,0.00
2025-03-27,DL,726,ATL,BOS,1348,1622,154.00,24.00,19.00,0.00,0.00
2025-03-27,DL,519,ATL,DEN,1424,1544,200.00,29.00,21.00,0.00,0.00
2025-03-27,DL,753,ATL,LAX,1430,1629,299.00,-5.00,-22.00,0.00,0.00
2025-03-27,DL,821,ATL,BOS,1505,1735,150.00,-6.00,-15.00,0.00,0.00
2025-03-27,DL,2738,ATL,ORD,1515,1620,125.00,3.00,16.00,0.00,0.00
2025-03-27,DL,1219,ATL,LAX,1535,1740,305.00,0.00,-26.00,0.00,0.00
2025-03-27,DL,481,ATL,SEA,1555,1832,337.00,9.00,-20.00,0.00,0.00
2025-03-27,DL,301,ATL,LAX,1645,1843,298.00,-5.00,-32.00,0.00,0.00
2025-03-27,DL,2879,ATL,ORD,1745,1856,131.00,6.00,16.00,0.00,0.00
2025-03-27,DL,300,ATL,BOS,1759,2035,156.00,130.00,128.00,0.00,0.00
2025-03-27,DL,746,ATL,DEN,1759,1921,202.00,-9.00,-21.00,0.00,0.00
2025-03-27,DL,500,ATL,LAX,1836,2042,306.00,8.00,-26.00,0.00,0.00
2025-03-27,DL,472,ATL,SEA,1931,2208,337.00,-2.00,-25.00,0.00,0.00
2025-03-27,DL,518,ATL,BOS,1954,2229,155.00,20.00,16.00,0.00,0.00
2025-03-27,DL,493,ATL,DEN,1954,2117,203.00,2.00,-14.00,0.00,0.00
2025-03-27,DL,1139,ATL,ORD,1954,2058,124.00,-8.00,-16.00,0.00,0.00
2025-03-27,DL,319,ATL,LAX,1959,2205,306.00,93.00,86.00,0.00,0.00
2025-03-27,DL,903,ATL,SEA,2119,2356,337.00,-6.00,-34.00,0.00,0.00
2025-03-27,DL,956,ATL,DEN,2120,2244,204.00,-2.00,-21.00,0.00,0.00
2025-03-27,DL,331,ATL,LAX,2157,0005,308.00,28.00,0.00,0.00,0.00
2025-03-27,DL,865,ATL,BOS,2230,0105,155.00,29.00,18.00,0.00,0.00
2025-03-27,DL,1199,ATL,ORD,2255,2356,121.00,0.00,11.00,0.00,0.00
2025-03-27,DL,695,BOS,ATL,0540,0842,182.00,-2.00,-22.00,0.00,0.00
2025-03-27,DL,923,BOS,ATL,0650,0949,179.00,-8.00,-31.00,0.00,0.00
2025-03-27,DL,456,BOS,ATL,0820,1119,179.00,5.00,22.00,0.00,0.00
2025-03-27,DL,973,BOS,ATL,1045,1342,177.00,-1.00,-24.00,0.00,0.00
2025-03-27,DL,376,BOS,ATL,1205,1502,177.00,-1.00,-25.00,0.00,0.00
2025-03-27,DL,322,BOS,ATL,1400,1652,172.00,-2.00,-8.00,0.00,0.00
2025-03-27,DL,638,BOS,ATL,1555,1851,176.00,8.00,-1.00,0.00,0.00
2025-03-27,DL,399,BOS,ATL,1732,2035,183.00,19.00,-5.00,0.00,0.00
2025-03-27,DL,385,BOS,ATL,1845,2150,185.00,12.00,-19.00,0.00,0.00
2025-03-27,DL,900,BOS,ATL,2040,2342,182.00,-6.00,-22.00,0.00,0.00
2025-03-27,DL,302,DEN,ATL,0055,0545,170.00,-11.00,-23.00,0.00,0.00
2025-03-27,DL,341,DEN,ATL,0600,1049,169.00,-7.00,-11.00,0.00,0.00
2025-03-27,DL,431,DEN,ATL,0710,1200,170.00,138.00,130.00,0.00,0.00
2025-03-27,DL,346,DEN,ATL,1035,1525,170.00,-2.00,-5.00,0.00,0.00
2025-03-27,DL,995,DEN,ATL,1220,1710,170.00,-5.00,-16.00,0.00,0.00
2025-03-27,DL,706,DEN,ATL,1335,1824,169.00,-7.00,-13.00,0.00,0.00
2025-03-27,DL,957,DEN,ATL,1542,2034,172.00,-3.00,-10.00,0.00,0.00
2025-03-27,DL,840,DEN,ATL,1649,2150,181.00,35.00,18.00,0.00,0.00
2025-03-27,DL,390,LAX,ATL,0600,1313,253.00,2.00,17.00,0.00,0.00
2025-03-27,DL,515,LAX,ATL,0715,1424,249.00,6.00,5.00,0.00,0.00
2025-03-27,DL,327,LAX,ATL,0820,1530,250.00,-5.00,-5.00,0.00,0.00
2025-03-27,DL,528,LAX,ATL,1100,1813,253.00,-1.00,0.00,0.00,0.00
2025-03-27,DL,446,LAX,ATL,1330,2034,244.00,-1.00,-6.00,0.00,0.00
2025-03-27,DL,715,LAX,ATL,1430,2143,253.00,175.00,167.00,0.00,0.00
2025-03-27,DL,395,LAX,ATL,1740,0048,248.00,161.00,159.00,0.00,0.00
2025-03-27,DL,471,LAX,ATL,2155,0505,250.00,0.00,2.00,0.00,0.00
2025-03-27,DL,899,LAX,ATL,2255,0606,251.00,0.00,-6.00,0.00,0.00
2025-03-27,DL,320,LAX,ATL,2359,0712,253.00,8.00,25.00,0.00,0.00
2025-03-27,DL,1264,ORD,ATL,0545,0848,123.00,-5.00,-23.00,0.00,0.00
2025-03-27,DL,1247,ORD,ATL,0705,1008,123.00,-2.00,-22.00,0.00,0.00
2025-03-27,DL,1178,ORD,ATL,0947,1250,123.00,-2.00,-26.00,0.00,0.00
2025-03-27,DL,1147,ORD,ATL,1120,1420,120.00,-1.00,-20.00,0.00,0.00
2025-03-27,DL,1477,ORD,ATL,1431,1724,113.00,-3.00,-14.00,0.00,0.00
2025-03-27,DL,2738,ORD,ATL,1730,2035,125.00,1.00,-23.00,0.00,0.00
2025-03-27,DL,2879,ORD,ATL,2010,2322,132.00,27.00,15.00,0.00,0.00
2025-03-27,DL,569,SEA,ATL,0600,1346,286.00,-5.00,-12.00,0.00,0.00
2025-03-27,DL,562,SEA,ATL,0845,1633,288.00,-2.00,-19.00,0.00,0.00
2025-03-27,DL,542,SEA,ATL,1200,1957,297.00,-6.00,-5.00,0.00,0.00
2025-03-27,DL,560,SEA,ATL,1550,2339,289.00,3.00,-6.00,0.00,0.00
2025-03-27,DL,567,SEA,ATL,2230,0613,283.00,-4.00,-3.00,0.00,0.00
2025-03-27,DL,652,SEA,ATL,2330,0709,279.00,-5.00,-6.00,0.00,0.00
2025-03-28,DL,987,ATL,BOS,0700,0934,154.00,1.00,-16.00,0.00,0.00
2025-03-28,DL,996,ATL,LAX,0730,0935,305.00,-1.00,-16.00,0.00,0.00
2025-03-28,DL,1178,ATL,ORD,0730,0837,127.00,-4.00,7.00,0.00,0.00
2025-03-28,DL,444,ATL,SEA,0759,1035,336.00,-4.00,-13.00,0.00,0.00
2025-03-28,DL,346,ATL,DEN,0810,0930,200.00,-4.00,-17.00,0.00,0.00
2025-03-28,DL,849,ATL,BOS,0815,1050,155.00,-1.00,-20.00,0.00,0.00
2025-03-28,DL,898,ATL,LAX,0855,1104,309.00,-1.00,-37.00,0.00,0.00
2025-03-28,DL,1147,ATL,ORD,0905,1010,125.00,5.00,32.00,0.00,0.00
2025-03-28,DL,774,ATL,SEA,0945,1230,345.00,-4.00,-17.00,0.00,0.00
2025-03-28,DL,2181,ATL,DEN,0950,1115,205.00,-5.00,-16.00,0.00,0.00
2025-03-28,DL,501,ATL,LAX,1000,1200,300.00,0.00,-21.00,0.00,0.00
2025-03-28,DL,855,ATL,BOS,1010,1247,157.00,-1.00,-9.00,0.00,0.00
2025-03-28,DL,530,ATL,DEN,1107,1230,203.00,-5.00,-21.00,0.00,0.00
2025-03-28,DL,862,ATL,BOS,1110,1338,148.00,-7.00,-12.00,0.00,0.00
2025-03-28,DL,629,ATL,SEA,1145,1422,337.00,-1.00,-12.00,0.00,0.00
2025-03-28,DL,350,ATL,BOS,1215,1445,150.00,-5.00,2.00,0.00,0.00
2025-03-28,DL,1477,ATL,ORD,1215,1320,125.00,-4.00,0.00,0.00,0.00
2025-03-28,DL,895,ATL,LAX,1249,1452,303.00,-5.00,-20.00,0.00,0.00
2025-03-28,DL,1675,ATL,DEN,1319,1437,198.00,-4.00,-19.00,0.00,0.00
2025-03-28,DL,726,ATL,BOS,1348,1622,154.00,-8.00,-7.00,0.00,0.00
2025-03-28,DL,519,ATL,DEN,1424,1544,200.00,1.00,-18.00,0.00,0.00
2025-03-28,DL,753,ATL,LAX,1430,1629,299.00,2.00,-8.00,0.00,0.00
2025-03-28,DL,821,ATL,BOS,1505,1735,150.00,7.00,-4.00,0.00,0.00
2025-03-28,DL,2738,ATL,ORD,1515,1620,125.00,-2.00,-8.00,0.00,0.00
2025-03-28,DL,1219,ATL,LAX,1535,1740,305.00,-5.00,-36.00,0.00,0.00
2025-03-28,DL,481,ATL,SEA,1555,1832,337.00,-2.00,-27.00,0.00,0.00
2025-03-28,DL,301,ATL,LAX,1645,1843,298.00,-5.00,-22.00,0.00,0.00
2025-03-28,DL,2879,ATL,ORD,1745,1856,131.00,-5.00,-8.00,0.00,0.00
2025-03-28,DL,300,ATL,BOS,1759,2035,156.00,0.00,-12.00,0.00,0.00
2025-03-28,DL,746,ATL,DEN,1759,1921,202.00,-1.00,-24.00,0.00,0.00
2025-03-28,DL,500,ATL,LAX,1836,2042,306.00,-6.00,-28.00,0.00,0.00
2025-03-28,DL,472,ATL,SEA,1931,2208,337.00,-6.00,-31.00,0.00,0.00
2025-03-28,DL,518,ATL,BOS,1954,2229,155.00,3.00,-17.00,0.00,0.00
2025-03-28,DL,493,ATL,DEN,1954,2117,203.00,-8.00,-26.00,0.00,0.00
2025-03-28,DL,1139,ATL,ORD,1954,2058,124.00,4.00,2.00,0.00,0.00
2025-03-28,DL,319,ATL,LAX,1959,2205,306.00,-1.00,-19.00,0.00,0.00
2025-03-28,DL,903,ATL,SEA,2119,2356,337.00,-2.00,-35.00,0.00,0.00
2025-03-28,DL,956,ATL,DEN,2120,2244,204.00,-3.00,-17.00,0.00,0.00
2025-03-28,DL,331,ATL,LAX,2157,0005,308.00,33.00,-1.00,0.00,0.00
2025-03-28,DL,865,ATL,BOS,2230,0105,155.00,4.00,-16.00,0.00,0.00
2025-03-28,DL,1199,ATL,ORD,2255,2356,121.00,3.00,6.00,0.00,0.00
2025-03-28,DL,695,BOS,ATL,0540,0842,182.00,-1.00,-17.00,0.00,0.00
2025-03-28,DL,923,BOS,ATL,0650,0949,179.00,-1.00,-17.00,0.00,0.00
2025-03-28,DL,456,BOS,ATL,0820,1119,179.00,11.00,-2.00,0.00,0.00
2025-03-28,DL,973,BOS,ATL,1045,1342,177.00,1.00,-20.00,0.00,0.00
2025-03-28,DL,376,BOS,ATL,1205,1502,177.00,-4.00,-22.00,0.00,0.00
2025-03-28,DL,322,BOS,ATL,1400,1652,172.00,2.00,-16.00,0.00,0.00
2025-03-28,DL,638,BOS,ATL,1555,1851,176.00,-8.00,-16.00,0.00,0.00
2025-03-28,DL,399,BOS,ATL,1732,2035,183.00,-3.00,-25.00,0.00,0.00
2025-03-28,DL,385,BOS,ATL,1845,2150,185.00,-6.00,-23.00,0.00,0.00
2025-03-28,DL,900,BOS,ATL,2040,2342,182.00,-12.00,-35.00,0.00,0.00
2025-03-28,DL,302,DEN,ATL,0055,0545,170.00,-12.00,-21.00,0.00,0.00
2025-03-28,DL,341,DEN,ATL,0600,1052,172.00,-1.00,-7.00,0.00,0.00
2025-03-28,DL,431,DEN,ATL,0710,1200,170.00,3.00,-7.00,0.00,0.00
2025-03-28,DL,346,DEN,ATL,1035,1525,170.00,-2.00,8.00,0.00,0.00
2025-03-28,DL,995,DEN,ATL,1220,1710,170.00,-3.00,4.00,0.00,0.00
2025-03-28,DL,706,DEN,ATL,1335,1824,169.00,-3.00,-2.00,0.00,0.00
2025-03-28,DL,957,DEN,ATL,1542,2034,172.00,1.00,-10.00,0.00,0.00
2025-03-28,DL,840,DEN,ATL,1649,2150,181.00,26.00,7.00,0.00,0.00
2025-03-28,DL,390,LAX,ATL,0600,1313,253.00,-2.00,10.00,0.00,0.00
2025-03-28,DL,515,LAX,ATL,0715,1424,249.00,-6.00,-6.00,0.00,0.00
2025-03-28,DL,327,LAX,ATL,0820,1530,250.00,-3.00,-5.00,0.00,0.00
2025-03-28,DL,528,LAX,ATL,1100,1813,253.00,-1.00,1.00,0.00,0.00
2025-03-28,DL,446,LAX,ATL,1330,2034,244.00,8.00,18.00,0.00,0.00
2025-03-28,DL,715,LAX,ATL,1430,2139,249.00,5.00,4.00,0.00,0.00
2025-03-28,DL,395,LAX,ATL,1740,0048,248.00,-6.00,-9.00,0.00,0.00
2025-03-28,DL,471,LAX,ATL,2155,0505,250.00,1.00,-9.00,0.00,0.00
2025-03-28,DL,899,LAX,ATL,2255,0606,251.00,-5.00,-18.00,0.00,0.00
2025-03-28,DL,320,LAX,ATL,2359,0712,253.00,84.00,90.00,0.00,0.00
2025-03-28,DL,1264,ORD,ATL,0545,0848,123.00,24.00,5.00,0.00,0.00
2025-03-28,DL,1247,ORD,ATL,0705,1008,123.00,2.00,-10.00,0.00,0.00
2025-03-28,DL,1178,ORD,ATL,0947,1250,123.00,-6.00,-16.00,0.00,0.00
2025-03-28,DL,1147,ORD,ATL,1120,1420,120.00,16.00,9.00,0.00,0.00
2025-03-28,DL,1477,ORD,ATL,1430,1724,114.00,-4.00,-15.00,0.00,0.00
2025-03-28,DL,2738,ORD,ATL,1730,2035,125.00,-1.00,-19.00,0.00,0.00
2025-03-28,DL,2879,ORD,ATL,2010,2322,132.00,-7.00,-32.00,0.00,0.00
2025-03-28,DL,569,SEA,ATL,0600,1346,286.00,-4.00,-18.00,0.00,0.00
2025-03-28,DL,562,SEA,ATL,0845,1633,288.00,-4.00,-18.00,0.00,0.00
2025-03-28,DL,542,SEA,ATL,1200,1957,297.00,7.00,-8.00,0.00,0.00
2025-03-28,DL,560,SEA,ATL,1550,2339,289.00,-1.00,-12.00,0.00,0.00
2025-03-28,DL,567,SEA,ATL,2230,0613,283.00,-7.00,-1.00,0.00,0.00
2025-03-28,DL,652,SEA,ATL,2330,0709,279.00,-2.00,-5.00,0.00,0.00
2025-03-29,DL,996,ATL,LAX,0730,0935,305.00,-5.00,5.00,0.00,0.00
2025-03-29,DL,1178,ATL,ORD,0730,0837,127.00,-4.00,-19.00,0.00,0.00
2025-03-29,DL,444,ATL,SEA,0759,1035,336.00,-5.00,-50.00,0.00,0.00
2025-03-29,DL,346,ATL,DEN,0810,0930,200.00,14.00,-5.00,0.00,0.00
2025-03-29,DL,849,ATL,BOS,0815,1050,155.00,-7.00,-24.00,0.00,0.00
2025-03-29,DL,898,ATL,LAX,0855,1104,309.00,-4.00,-35.00,0.00,0.00
2025-03-29,DL,1147,ATL,ORD,0915,1021,126.00,-1.00,-19.00,0.00,0.00
2025-03-29,DL,2181,ATL,DEN,0950,1115,205.00,-3.00,-19.00,0.00,0.00
2025-03-29,DL,774,ATL,SEA,0959,1244,345.00,0.00,-30.00,0.00,0.00
2025-03-29,DL,501,ATL,LAX,1000,1200,300.00,52.00,19.00,0.00,0.00
2025-03-29,DL,855,ATL,BOS,1010,1247,157.00,0.00,-5.00,0.00,0.00
2025-03-29,DL,530,ATL,DEN,1107,1230,203.00,-8.00,-11.00,0.00,0.00
2025-03-29,DL,862,ATL,BOS,1115,1349,154.00,-6.00,-22.00,0.00,0.00
2025-03-29,DL,629,ATL,SEA,1212,1445,333.00,22.00,-9.00,0.00,0.00
2025-03-29,DL,350,ATL,BOS,1215,1442,147.00,-4.00,-16.00,0.00,0.00
2025-03-29,DL,1477,ATL,ORD,1215,1316,121.00,-6.00,-17.00,0.00,0.00
2025-03-29,DL,895,ATL,LAX,1249,1452,303.00,-7.00,-28.00,0.00,0.00
2025-03-29,DL,1675,ATL,DEN,1319,1437,198.00,-2.00,-7.00,0.00,0.00
2025-03-29,DL,726,ATL,BOS,1348,1622,154.00,-8.00,-26.00,0.00,0.00
2025-03-29,DL,821,ATL,BOS,1505,1735,150.00,10.00,9.00,0.00,0.00
2025-03-29,DL,2738,ATL,ORD,1515,1618,123.00,-1.00,-10.00,0.00,0.00
2025-03-29,DL,1219,ATL,LAX,1535,1740,305.00,1.00,-9.00,0.00,0.00
2025-03-29,DL,519,ATL,DEN,1550,1711,201.00,34.00,42.00,0.00,0.00
2025-03-29,DL,300,ATL,BOS,1605,1839,154.00,-1.00,-12.00,0.00,0.00
2025-03-29,DL,301,ATL,LAX,1645,1843,298.00,-5.00,-9.00,0.00,0.00
2025-03-29,DL,2879,ATL,ORD,1745,1855,130.00,-4.00,-9.00,0.00,0.00
2025-03-29,DL,481,ATL,SEA,1745,2021,336.00,17.00,12.00,0.00,0.00
2025-03-29,DL,746,ATL,DEN,1836,1958,202.00,-2.00,-8.00,0.00,0.00
2025-03-29,DL,500,ATL,LAX,1836,2042,306.00,29.00,10.00,0.00,0.00
2025-03-29,DL,518,ATL,BOS,1845,2120,155.00,-3.00,-25.00,0.00,0.00
2025-03-29,DL,472,ATL,SEA,1945,2222,337.00,-7.00,-37.00,0.00,0.00
2025-03-29,DL,319,ATL,LAX,2020,2232,312.00,10.00,3.00,0.00,0.00
2025-03-29,DL,956,ATL,DEN,2120,2244,204.00,-4.00,-19.00,0.00,0.00
2025-03-29,DL,865,ATL,BOS,2235,0104,149.00,-2.00,-14.00,0.00,0.00
2025-03-29,DL,1199,ATL,ORD,2255,2356,121.00,-4.00,-14.00,0.00,0.00
2025-03-29,DL,695,BOS,ATL,0540,0842,182.00,1.00,-18.00,0.00,0.00
2025-03-29,DL,923,BOS,ATL,0650,0949,179.00,-7.00,-35.00,0.00,0.00
2025-03-29,DL,456,BOS,ATL,0820,1119,179.00,-2.00,-19.00,0.00,0.00
2025-03-29,DL,376,BOS,ATL,1205,1502,177.00,-2.00,-21.00,0.00,0.00
2025-03-29,DL,322,BOS,ATL,1400,1652,172.00,-3.00,-19.00,0.00,0.00
2025-03-29,DL,638,BOS,ATL,1555,1849,174.00,2.00,13.00,0.00,0.00
2025-03-29,DL,399,BOS,ATL,1732,2035,183.00,-8.00,-25.00,0.00,0.00
2025-03-29,DL,385,BOS,ATL,1845,2150,185.00,-6.00,-17.00,0.00,0.00
2025-03-29,DL,973,BOS,ATL,1955,2257,182.00,-14.00,-46.00,0.00,0.00
2025-03-29,DL,302,DEN,ATL,0055,0545,170.00,-10.00,-18.00,0.00,0.00
2025-03-29,DL,341,DEN,ATL,0600,1052,172.00,-2.00,0.00,0.00,0.00
2025-03-29,DL,431,DEN,ATL,0710,1200,170.00,-10.00,-14.00,0.00,0.00
2025-03-29,DL,346,DEN,ATL,1035,1525,170.00,0.00,1.00,0.00,0.00
2025-03-29,DL,995,DEN,ATL,1220,1710,170.00,-8.00,-1.00,0.00,0.00
2025-03-29,DL,706,DEN,ATL,1335,1824,169.00,-5.00,-9.00,0.00,0.00
2025-03-29,DL,957,DEN,ATL,1600,2100,180.00,-3.00,-17.00,0.00,0.00
2025-03-29,DL,390,LAX,ATL,0600,1313,253.00,-1.00,5.00,0.00,0.00
2025-03-29,DL,515,LAX,ATL,0715,1424,249.00,-5.00,-10.00,0.00,0.00
2025-03-29,DL,327,LAX,ATL,0820,1530,250.00,12.00,10.00,0.00,0.00
2025-03-29,DL,528,LAX,ATL,1100,1813,253.00,-1.00,2.00,0.00,0.00
2025-03-29,DL,715,LAX,ATL,1430,2143,253.00,17.00,2.00,0.00,0.00
2025-03-29,DL,471,LAX,ATL,2155,0505,250.00,15.00,13.00,0.00,0.00
2025-03-29,DL,320,LAX,ATL,2359,0712,253.00,3.00,11.00,0.00,0.00
2025-03-29,DL,1264,ORD,ATL,0545,0848,123.00,-11.00,-15.00,0.00,0.00
2025-03-29,DL,1247,ORD,ATL,0705,1008,123.00,40.00,30.00,0.00,0.00
2025-03-29,DL,1178,ORD,ATL,0947,1250,123.00,-7.00,-25.00,0.00,0.00
2025-03-29,DL,1147,ORD,ATL,1131,1427,116.00,-7.00,-15.00,0.00,0.00
2025-03-29,DL,1477,ORD,ATL,1430,1723,113.00,-9.00,0.00,0.00,0.00
2025-03-29,DL,2738,ORD,ATL,1730,2035,125.00,-2.00,-17.00,0.00,0.00
2025-03-29,DL,569,SEA,ATL,0600,1346,286.00,-7.00,-2.00,0.00,0.00
2025-03-29,DL,562,SEA,ATL,0845,1633,288.00,7.00,5.00,0.00,0.00
2025-03-29,DL,542,SEA,ATL,1200,1957,297.00,-1.00,-8.00,0.00,0.00
2025-03-29,DL,8784,SEA,ATL,1300,2047,287.00,1.00,15.00,0.00,0.00
2025-03-29,DL,560,SEA,ATL,1550,2339,289.00,0.00,-10.00,0.00,0.00
2025-03-29,DL,567,SEA,ATL,2230,0613,283.00,16.00,14.00,0.00,0.00
2025-03-30,DL,987,ATL,BOS,0700,0934,154.00,14.00,-4.00,0.00,0.00
2025-03-30,DL,996,ATL,LAX,0730,0935,305.00,-1.00,0.00,0.00,0.00
2025-03-30,DL,1178,ATL,ORD,0730,0837,127.00,-8.00,-29.00,0.00,0.00
2025-03-30,DL,444,ATL,SEA,0759,1035,336.00,-5.00,-26.00,0.00,0.00
2025-03-30,DL,346,ATL,DEN,0810,0930,200.00,-5.00,-7.00,0.00,0.00
2025-03-30,DL,849,ATL,BOS,0815,1050,155.00,-3.00,-23.00,0.00,0.00
2025-03-30,DL,1147,ATL,ORD,0830,0935,125.00,-4.00,-12.00,0.00,0.00
2025-03-30,DL,898,ATL,LAX,0835,1044,309.00,-4.00,-9.00,0.00,0.00
2025-03-30,DL,501,ATL,LAX,0930,1136,306.00,0.00,-11.00,0.00,0.00
2025-03-30,DL,774,ATL,SEA,0945,1230,345.00,0.00,-24.00,0.00,0.00
2025-03-30,DL,2181,ATL,DEN,0950,1115,205.00,5.00,-3.00,0.00,0.00
2025-03-30,DL,855,ATL,BOS,1010,1247,157.00,-6.00,-21.00,0.00,0.00
2025-03-30,DL,530,ATL,DEN,1107,1230,203.00,-4.00,-13.00,0.00,0.00
2025-03-30,DL,862,ATL,BOS,1110,1338,148.00,-4.00,-12.00,0.00,0.00
2025-03-30,DL,629,ATL,SEA,1145,1422,337.00,-6.00,-44.00,0.00,0.00
2025-03-30,DL,350,ATL,BOS,1215,1445,150.00,63.00,59.00,0.00,0.00
2025-03-30,DL,1477,ATL,ORD,1215,1320,125.00,-4.00,-17.00,0.00,0.00
2025-03-30,DL,895,ATL,LAX,1249,1452,303.00,0.00,-2.00,0.00,0.00
2025-03-30,DL,1675,ATL,DEN,1319,1437,198.00,13.00,1.00,0.00,0.00
2025-03-30,DL,726,ATL,BOS,1348,1622,154.00,-7.00,-14.00,0.00,0.00
2025-03-30,DL,519,ATL,DEN,1424,1544,200.00,3.00,-6.00,0.00,0.00
2025-03-30,DL,753,ATL,LAX,1430,1629,299.00,-1.00,8.00,0.00,0.00
2025-03-30,DL,821,ATL,BOS,1505,1735,150.00,14.00,10.00,0.00,0.00
2025-03-30,DL,2738,ATL,ORD,1515,1620,125.00,-3.00,17.00,0.00,0.00
2025-03-30,DL,1219,ATL,LAX,1535,1740,305.00,-2.00,-5.00,0.00,0.00
2025-03-30,DL,481,ATL,SEA,1555,1832,337.00,3.00,-8.00,0.00,0.00
2025-03-30,DL,301,ATL,LAX,1655,1853,298.00,-7.00,-14.00,0.00,0.00
2025-03-30,DL,2879,ATL,ORD,1745,1856,131.00,9.00,62.00,0.00,0.00
2025-03-30,DL,300,ATL,BOS,1759,2035,156.00,0.00,-10.00,0.00,0.00
2025-03-30,DL,746,ATL,DEN,1759,1921,202.00,23.00,35.00,0.00,0.00
2025-03-30,DL,500,ATL,LAX,1836,2042,306.00,199.00,208.00,0.00,0.00
2025-03-30,DL,472,ATL,SEA,1931,2208,337.00,6.00,-4.00,0.00,0.00
2025-03-30,DL,518,ATL,BOS,1954,2229,155.00,18.00,10.00,0.00,0.00
2025-03-30,DL,493,ATL,DEN,1954,2117,203.00,54.00,78.00,0.00,0.00
2025-03-30,DL,1139,ATL,ORD,1954,2058,124.00,14.00,67.00,0.00,0.00
2025-03-30,DL,319,ATL,LAX,1959,2205,306.00,161.00,167.00,0.00,0.00
2025-03-30,DL,903,ATL,SEA,2119,2356,337.00,-1.00,-15.00,0.00,0.00
2025-03-30,DL,956,ATL,DEN,2120,2244,204.00,8.00,12.00,0.00,0.00
2025-03-30,DL,331,ATL,LAX,2157,0005,308.00,26.00,6.00,0.00,0.00
2025-03-30,DL,865,ATL,BOS,2230,0105,155.00,-1.00,-25.00,0.00,0.00
2025-03-30,DL,1199,ATL,ORD,2255,2356,121.00,161.00,172.00,0.00,0.00
2025-03-30,DL,695,BOS,ATL,0540,0842,182.00,-7.00,-20.00,0.00,0.00
2025-03-30,DL,923,BOS,ATL,0650,0949,179.00,-7.00,-16.00,0.00,0.00
2025-03-30,DL,456,BOS,ATL,0820,1119,179.00,-7.00,-28.00,0.00,0.00
2025-03-30,DL,973,BOS,ATL,1045,1342,177.00,-8.00,-22.00,0.00,0.00
2025-03-30,DL,376,BOS,ATL,1205,1502,177.00,-4.00,-13.00,0.00,0.00
2025-03-30,DL,322,BOS,ATL,1400,1652,172.00,0.00,-12.00,0.00,0.00
2025-03-30,DL,638,BOS,ATL,1555,1851,176.00,67.00,57.00,0.00,0.00
2025-03-30,DL,399,BOS,ATL,1732,2035,183.00,-10.00,-4.00,0.00,0.00
2025-03-30,DL,385,BOS,ATL,1845,2150,185.00,9.00,7.00,0.00,0.00
2025-03-30,DL,900,BOS,ATL,2040,2342,182.00,30.00,3.00,0.00,0.00
2025-03-30,DL,302,DEN,ATL,0055,0545,170.00,-2.00,68.00,0.00,0.00
2025-03-30,DL,341,DEN,ATL,0600,1052,172.00,1.00,26.00,0.00,0.00
2025-03-30,DL,431,DEN,ATL,0710,1202,172.00,-5.00,2.00,0.00,0.00
2025-03-30,DL,346,DEN,ATL,1035,1525,170.00,12.00,-1.00,0.00,0.00
2025-03-30,DL,995,DEN,ATL,1220,1710,170.00,-1.00,-17.00,0.00,0.00
2025-03-30,DL,706,DEN,ATL,1335,1824,169.00,-8.00,-24.00,0.00,0.00
2025-03-30,DL,957,DEN,ATL,1542,2034,172.00,10.00,5.00,0.00,0.00
2025-03-30,DL,840,DEN,ATL,1649,2150,181.00,0.00,-18.00,0.00,0.00
2025-03-30,DL,390,LAX,ATL,0600,1313,253.00,5.00,-10.00,0.00,0.00
2025-03-30,DL,515,LAX,ATL,0715,1424,249.00,-4.00,-12.00,0.00,0.00
2025-03-30,DL,327,LAX,ATL,0820,1530,250.00,-2.00,-28.00,0.00,0.00
2025-03-30,DL,528,LAX,ATL,1100,1813,253.00,3.00,-9.00,0.00,0.00
2025-03-30,DL,446,LAX,ATL,1251,2000,249.00,-1.00,-19.00,0.00,0.00
2025-03-30,DL,715,LAX,ATL,1430,2143,253.00,-3.00,-24.00,0.00,0.00
2025-03-30,DL,395,LAX,ATL,1740,0048,248.00,-2.00,-8.00,0.00,0.00
2025-03-30,DL,471,LAX,ATL,2155,0505,250.00,-3.00,-12.00,0.00,0.00
2025-03-30,DL,899,LAX,ATL,2255,0606,251.00,-2.00,3.00,0.00,0.00
2025-03-30,DL,320,LAX,ATL,2359,0712,253.00,138.00,161.00,0.00,0.00
2025-03-30,DL,1264,ORD,ATL,0545,0848,123.00,-6.00,-23.00,0.00,0.00
2025-03-30,DL,1247,ORD,ATL,0705,1008,123.00,4.00,-3.00,0.00,0.00
2025-03-30,DL,1178,ORD,ATL,0947,1250,123.00,-6.00,9.00,0.00,0.00
2025-03-30,DL,1147,ORD,ATL,1047,1348,121.00,-4.00,20.00,0.00,0.00
2025-03-30,DL,1477,ORD,ATL,1430,1724,114.00,26.00,29.00,0.00,0.00
2025-03-30,DL,2738,ORD,ATL,1730,2035,125.00,14.00,39.00,0.00,0.00
2025-03-30,DL,2879,ORD,ATL,2010,2322,132.00,56.00,55.00,0.00,0.00
2025-03-30,DL,569,SEA,ATL,0600,1346,286.00,-6.00,-14.00,0.00,0.00
2025-03-30,DL,562,SEA,ATL,0845,1633,288.00,-3.00,-11.00,0.00,0.00
2025-03-30,DL,542,SEA,ATL,1200,1957,297.00,-6.00,-5.00,0.00,0.00
2025-03-30,DL,560,SEA,ATL,1550,2341,291.00,8.00,7.00,0.00,0.00
2025-03-30,DL,567,SEA,ATL,2230,0613,283.00,-3.00,1.00,0.00,0.00
2025-03-30,DL,652,SEA,ATL,2330,0709,279.00,1.00,8.00,0.00,0.00
2025-03-31,DL,987,ATL,BOS,0700,0934,154.00,18.00,-1.00,0.00,0.00
2025-03-31,DL,996,ATL,LAX,0730,0935,305.00,10.00,,0.00,1.00
2025-03-31,DL,1178,ATL,ORD,0730,0837,127.00,-3.00,12.00,0.00,0.00
2025-03-31,DL,444,ATL,SEA,0759,1035,336.00,23.00,6.00,0.00,0.00
2025-03-31,DL,346,ATL,DEN,0810,0930,200.00,-3.00,-3.00,0.00,0.00
2025-03-31,DL,849,ATL,BOS,0815,1050,155.00,-8.00,3.00,0.00,0.00
2025-03-31,DL,898,ATL,LAX,0835,1044,309.00,27.00,47.00,0.00,0.00
2025-03-31,DL,1147,ATL,ORD,0905,1006,121.00,10.00,17.00,0.00,0.00
2025-03-31,DL,501,ATL,LAX,0930,1136,306.00,1.00,4.00,0.00,0.00
2025-03-31,DL,774,ATL,SEA,0945,1230,345.00,-4.00,-41.00,0.00,0.00
2025-03-31,DL,2181,ATL,DEN,0950,1115,205.00,-3.00,-12.00,0.00,0.00
2025-03-31,DL,855,ATL,BOS,1010,1247,157.00,14.00,13.00,0.00,0.00
2025-03-31,DL,530,ATL,DEN,1107,1230,203.00,19.00,43.00,0.00,0.00
2025-03-31,DL,862,ATL,BOS,1110,1338,148.00,0.00,11.00,0.00,0.00
2025-03-31,DL,629,ATL,SEA,1145,1422,337.00,20.00,25.00,0.00,0.00
2025-03-31,DL,350,ATL,BOS,1215,1445,150.00,-5.00,12.00,0.00,0.00
2025-03-31,DL,1477,ATL,ORD,1215,1320,125.00,4.00,14.00,0.00,0.00
2025-03-31,DL,895,ATL,LAX,1249,1452,303.00,66.00,,0.00,1.00
2025-03-31,DL,1675,ATL,DEN,1319,1437,198.00,87.00,113.00,0.00,0.00
2025-03-31,DL,726,ATL,BOS,1348,1622,154.00,17.00,29.00,0.00,0.00
2025-03-31,DL,519,ATL,DEN,1424,1544,200.00,34.00,64.00,0.00,0.00
2025-03-31,DL,753,ATL,LAX,1430,1629,299.00,226.00,251.00,0.00,0.00
2025-03-31,DL,821,ATL,BOS,1505,1735,150.00,223.00,241.00,0.00,0.00
2025-03-31,DL,2738,ATL,ORD,1515,1620,125.00,233.00,231.00,0.00,0.00
2025-03-31,DL,1219,ATL,LAX,1535,1740,305.00,0.00,-2.00,0.00,0.00
2025-03-31,DL,481,ATL,SEA,1555,1832,337.00,1.00,-21.00,0.00,0.00
2025-03-31,DL,301,ATL,LAX,1655,1853,298.00,300.00,318.00,0.00,0.00
2025-03-31,DL,2879,ATL,ORD,1745,1856,131.00,21.00,6.00,0.00,0.00
2025-03-31,DL,300,ATL,BOS,1759,2035,156.00,59.00,46.00,0.00,0.00
2025-03-31,DL,746,ATL,DEN,1759,1921,202.00,40.00,63.00,0.00,0.00
2025-03-31,DL,500,ATL,LAX,1836,2042,306.00,46.00,45.00,0.00,0.00
2025-03-31,DL,472,ATL,SEA,1931,2208,337.00,273.00,244.00,0.00,0.00
2025-03-31,DL,518,ATL,BOS,1954,2229,155.00,121.00,122.00,0.00,0.00
2025-03-31,DL,493,ATL,DEN,1954,2117,203.00,,,1.00,0.00
2025-03-31,DL,1139,ATL,ORD,1954,2058,124.00,145.00,150.00,0.00,0.00
2025-03-31,DL,319,ATL,LAX,1959,2205,306.00,66.00,69.00,0.00,0.00
2025-03-31,DL,903,ATL,SEA,2119,2358,339.00,19.00,-4.00,0.00,0.00
2025-03-31,DL,956,ATL,DEN,2120,2244,204.00,69.00,69.00,0.00,0.00
2025-03-31,DL,331,ATL,LAX,2157,0005,308.00,48.00,54.00,0.00,0.00
2025-03-31,DL,865,ATL,BOS,2230,0105,155.00,80.00,59.00,0.00,0.00
2025-03-31,DL,1199,ATL,ORD,2255,2356,121.00,85.00,82.00,0.00,0.00
2025-03-31,DL,695,BOS,ATL,0540,0842,182.00,-1.00,-13.00,0.00,0.00
2025-03-31,DL,923,BOS,ATL,0650,0949,179.00,0.00,-2.00,0.00,0.00
2025-03-31,DL,456,BOS,ATL,0820,1119,179.00,4.00,-2.00,0.00,0.00
2025-03-31,DL,973,BOS,ATL,1045,1342,177.00,9.00,36.00,0.00,0.00
2025-03-31,DL,376,BOS,ATL,1205,1502,177.00,9.00,35.00,0.00,0.00
2025-03-31,DL,322,BOS,ATL,1400,1652,172.00,10.00,35.00,0.00,0.00
2025-03-31,DL,638,BOS,ATL,1555,1851,176.00,21.00,40.00,0.00,0.00
2025-03-31,DL,399,BOS,ATL,1732,2035,183.00,42.00,38.00,0.00,0.00
2025-03-31,DL,385,BOS,ATL,1845,2150,185.00,,,1.00,0.00
2025-03-31,DL,900,BOS,ATL,2040,2342,182.00,98.00,95.00,0.00,0.00
2025-03-31,DL,302,DEN,ATL,0055,0545,170.00,-8.00,46.00,0.00,0.00
2025-03-31,DL,341,DEN,ATL,0600,1052,172.00,-5.00,17.00,0.00,0.00
2025-03-31,DL,431,DEN,ATL,0710,1200,170.00,-1.00,63.00,0.00,0.00
2025-03-31,DL,346,DEN,ATL,1035,1525,170.00,-3.00,-13.00,0.00,0.00
2025-03-31,DL,995,DEN,ATL,1220,1710,170.00,1.00,-16.00,0.00,0.00
2025-03-31,DL,706,DEN,ATL,1335,1824,169.00,53.00,45.00,0.00,0.00
2025-03-31,DL,957,DEN,ATL,1542,2034,172.00,132.00,135.00,0.00,0.00
2025-03-31,DL,840,DEN,ATL,1649,2150,181.00,57.00,49.00,0.00,0.00
2025-03-31,DL,390,LAX,ATL,0600,1313,253.00,-1.00,,0.00,1.00
2025-03-31,DL,515,LAX,ATL,0715,1424,249.00,10.00,-2.00,0.00,0.00
2025-03-31,DL,327,LAX,ATL,0820,1530,250.00,-1.00,-9.00,0.00,0.00
2025-03-31,DL,528,LAX,ATL,1100,1813,253.00,119.00,102.00,0.00,0.00
2025-03-31,DL,446,LAX,ATL,1251,2000,249.00,4.00,-20.00,0.00,0.00
2025-03-31,DL,715,LAX,ATL,1430,2143,253.00,151.00,130.00,0.00,0.00
2025-03-31,DL,395,LAX,ATL,1740,0048,248.00,239.00,227.00,0.00,0.00
2025-03-31,DL,471,LAX,ATL,2155,0505,250.00,36.00,12.00,0.00,0.00
2025-03-31,DL,899,LAX,ATL,2255,0606,251.00,-5.00,-32.00,0.00,0.00
2025-03-31,DL,320,LAX,ATL,2359,0712,253.00,126.00,139.00,0.00,0.00
2025-03-31,DL,1264,ORD,ATL,0545,0848,123.00,-5.00,8.00,0.00,0.00
2025-03-31,DL,1247,ORD,ATL,0705,1008,123.00,-6.00,-5.00,0.00,0.00
2025-03-31,DL,1178,ORD,ATL,0947,1250,123.00,8.00,46.00,0.00,0.00
2025-03-31,DL,1147,ORD,ATL,1120,1419,119.00,-1.00,-2.00,0.00,0.00
2025-03-31,DL,1477,ORD,ATL,1430,1724,114.00,15.00,37.00,0.00,0.00
2025-03-31,DL,2738,ORD,ATL,1730,2035,125.00,208.00,191.00,0.00,0.00
2025-03-31,DL,2879,ORD,ATL,2010,2322,132.00,6.00,-15.00,0.00,0.00
2025-03-31,DL,569,SEA,ATL,0600,1346,286.00,9.00,17.00,0.00,0.00
2025-03-31,DL,562,SEA,ATL,0845,1633,288.00,-10.00,-19.00,0.00,0.00
2025-03-31,DL,542,SEA,ATL,1200,1958,298.00,3.00,-13.00,0.00,0.00
2025-03-31,DL,560,SEA,ATL,1550,2339,289.00,-5.00,-31.00,0.00,0.00
2025-03-31,DL,567,SEA,ATL,2230,0613,283.00,-2.00,-17.00,0.00,0.00
2025-03-31,DL,652,SEA,ATL,2330,0709,279.00,,,1.00,0.00
